Signal,key,event,eventChannel,name,description,domain,interval,dataType,unitsType,displayRes,
f1,s1,1,1,/Channel/!SPARP/actLineNumber [u1  1],Line number of current NC instruction (start:1),NCU_1,0.004000000000000,integer,none,0,
f2,s2,1,1,/Channel/!SGA/actToolEdgeCenterPos [u1  1],Center point of a cutting edge,NCU_1,0.004000000000000,double,posn,5,
f3,s3,1,1,/Channel/!SGA/actToolEdgeCenterPos [u1  2],Center point of a cutting edge,NCU_1,0.004000000000000,double,posn,5,
f4,s4,1,1,/Channel/!SGA/actToolEdgeCenterPos [u1  3],Center point of a cutting edge,NCU_1,0.004000000000000,double,posn,5,
f5,s5,1,1,/Channel/!SGA/actToolEdgeCenterPos [u1  4],Center point of a cutting edge,NCU_1,0.004000000000000,double,posn,5,
f6,s6,1,1,/Channel/!SGA/actToolEdgeCenterPos [u1  5],Center point of a cutting edge,NCU_1,0.004000000000000,double,posn,5,
f7,s7,1,1,/Channel/!S/acVactB [u1  1],Path veloc. in basic coordinate system,NCU_1,0.004000000000000,double,velo,5,
,
time,f1\s1,f2\s2,f3\s3,f4\s4,f5\s5,f6\s6,f7\s7,
0.000000,0,-650.000000000000000,-500.000000000000000,-201.000000000000000,0.000000000000000,0.000000000000000,0.000000000000000
0.004000,0,-650.000000000000000,-500.000000000000000,-201.000000000000000,0.000000000000000,0.000000000000000,0.000000000000000
0.008000,-2,-650.000000000000000,-500.000000000000000,-201.000000000000000,0.000000000000000,0.000000000000000,0.000000000000000
0.012000,-2,-650.000000000000000,-500.000000000000000,-201.000000000000000,0.000000000000000,0.000000000000000,0.000000000000000
0.016000,-2,-650.000000000000000,-500.000000000000000,-201.000000000000000,0.000000000000000,0.000000000000000,0.000000000000000
0.020000,-2,-650.000000000000000,-500.000000000000000,-201.000000000000000,0.000000000000000,0.000000000000000,0.000000000000000
0.024000,-2,-650.000000000000000,-500.000000000000000,-201.000000000000000,0.000000000000000,0.000000000000000,0.000000000000000
0.028000,-2,-650.000000000000000,-500.000000000000000,-201.000000000000000,0.000000000000000,0.000000000000000,0.000000000000000
0.032000,-2,-650.000000000000000,-500.000000000000000,-201.000000000000000,0.000000000000000,0.000000000000000,0.000000000000000
0.036000,-2,-650.000000000000000,-500.000000000000000,-201.000000000000000,0.000000000000000,0.000000000000000,0.000000000000000
0.040000,-2,-650.000000000000000,-500.000000000000000,-201.000000000000000,0.000000000000000,0.000000000000000,0.000000000000000
0.044000,-2,-650.000000000000000,-500.000000000000000,-201.000000000000000,0.000000000000000,0.000000000000000,0.000000000000000
0.048000,-2,-650.000000000000000,-500.000000000000000,-201.000000000000000,0.000000000000000,0.000000000000000,0.000000000000000
0.052000,-2,-650.000000000000000,-500.000000000000000,-201.000000000000000,0.000000000000000,0.000000000000000,0.000000000000000
0.056000,-2,-650.000000000000000,-500.000000000000000,-201.000000000000000,0.000000000000000,0.000000000000000,0.000000000000000
0.060000,-2,-650.000000000000000,-500.000000000000000,-201.000000000000000,0.000000000000000,0.000000000000000,0.000000000000000
0.064000,-2,-650.000000000000000,-500.000000000000000,-201.000000000000000,0.000000000000000,0.000000000000000,0.000000000000000
0.068000,-2,-650.000000000000000,-500.000000000000000,-201.000000000000000,0.000000000000000,0.000000000000000,0.000000000000000
0.072000,-2,-650.000000000000000,-500.000000000000000,-201.000000000000000,0.000000000000000,0.000000000000000,0.000000000000000
0.076000,-2,-650.000000000000000,-500.000000000000000,-201.000000000000000,0.000000000000000,0.000000000000000,0.000000000000000
0.080000,-2,-650.000000000000000,-500.000000000000000,-201.000000000000000,0.000000000000000,0.000000000000000,0.000000000000000
0.084000,-2,-650.000000000000000,-500.000000000000000,-201.000000000000000,0.000000000000000,0.000000000000000,0.000000000000000
0.088000,-2,-650.000000000000000,-500.000000000000000,-201.000000000000000,0.000000000000000,0.000000000000000,0.000000000000000
0.092000,-2,-650.000000000000000,-500.000000000000000,-201.000000000000000,0.000000000000000,0.000000000000000,0.000000000000000
0.096000,-2,-650.000000000000000,-500.000000000000000,-201.000000000000000,0.000000000000000,0.000000000000000,0.000000000000000
0.100000,1,-650.000000000000000,-500.000000000000000,-201.000000000000000,0.000000000000000,0.000000000000000,0.000000000000000
0.104000,-2,-650.000000000000000,-500.000000000000000,-201.000000000000000,0.000000000000000,0.000000000000000,0.000000000000000
0.108000,-2,-650.000000000000000,-500.000000000000000,-201.000000000000000,0.000000000000000,0.000000000000000,0.000000000000000
0.112000,-2,-650.000000000000000,-500.000000000000000,-201.000000000000000,0.000000000000000,0.000000000000000,0.000000000000000
0.116000,-2,-650.000000000000000,-500.000000000000000,-201.000000000000000,0.000000000000000,0.000000000000000,0.000000000000000
0.120000,-2,-650.000000000000000,-500.000000000000000,-201.000000000000000,0.000000000000000,0.000000000000000,0.000000000000000
0.124000,-2,-650.000000000000000,-500.000000000000000,-201.000000000000000,0.000000000000000,0.000000000000000,0.000000000000000
0.128000,-2,-650.000000000000000,-500.000000000000000,-201.000000000000000,0.000000000000000,0.000000000000000,0.000000000000000
0.132000,-2,-650.000000000000000,-500.000000000000000,-201.000000000000000,0.000000000000000,0.000000000000000,0.000000000000000
0.136000,-2,-650.000000000000000,-500.000000000000000,-201.000000000000000,0.000000000000000,0.000000000000000,0.000000000000000
0.140000,-2,-650.000000000000000,-500.000000000000000,-201.000000000000000,0.000000000000000,0.000000000000000,0.000000000000000
0.144000,-2,-650.000000000000000,-500.000000000000000,-201.000000000000000,0.000000000000000,0.000000000000000,0.000000000000000
0.148000,-2,-650.000000000000000,-500.000000000000000,-201.000000000000000,0.000000000000000,0.000000000000000,0.000000000000000
0.152000,-2,-650.000000000000000,-500.000000000000000,-201.000000000000000,0.000000000000000,0.000000000000000,0.000000000000000
0.156000,-2,-650.000000000000000,-500.000000000000000,-201.000000000000000,0.000000000000000,0.000000000000000,0.000000000000000
0.160000,-2,-650.000000000000000,-500.000000000000000,-201.000000000000000,0.000000000000000,0.000000000000000,0.000000000000000
0.164000,-2,-650.000000000000000,-500.000000000000000,-201.000000000000000,0.000000000000000,0.000000000000000,0.000000000000000
0.168000,-2,-650.000000000000000,-500.000000000000000,-201.000000000000000,0.000000000000000,0.000000000000000,0.000000000000000
0.172000,-2,-650.000000000000000,-500.000000000000000,-201.000000000000000,0.000000000000000,0.000000000000000,0.000000000000000
0.176000,-2,-650.000000000000000,-500.000000000000000,-201.000000000000000,0.000000000000000,0.000000000000000,0.000000000000000
0.180000,-2,-650.000000000000000,-500.000000000000000,-201.000000000000000,0.000000000000000,0.000000000000000,0.000000000000000
0.184000,-2,-650.000000000000000,-500.000000000000000,-201.000000000000000,0.000000000000000,0.000000000000000,0.000000000000000
0.188000,-2,-650.000000000000000,-500.000000000000000,-201.000000000000000,0.000000000000000,0.000000000000000,0.000000000000000
0.192000,-2,-650.000000000000000,-500.000000000000000,-201.000000000000000,0.000000000000000,0.000000000000000,0.000000000000000
0.196000,-2,-650.000000000000000,-500.000000000000000,-201.000000000000000,0.000000000000000,0.000000000000000,0.000000000000000
0.200000,-2,-650.000000000000000,-500.000000000000000,-201.000000000000000,0.000000000000000,0.000000000000000,0.000000000000000
0.204000,-2,-650.000000000000000,-500.000000000000000,-201.000000000000000,0.000000000000000,0.000000000000000,0.000000000000000
0.208000,-2,-650.000000000000000,-500.000000000000000,-201.000000000000000,0.000000000000000,0.000000000000000,0.000000000000000
0.212000,-2,-650.000000000000000,-500.000000000000000,-201.000000000000000,0.000000000000000,0.000000000000000,0.000000000000000
0.216000,-2,-650.000000000000000,-500.000000000000000,-201.000000000000000,0.000000000000000,0.000000000000000,0.000000000000000
0.220000,-2,-650.000000000000000,-500.000000000000000,-201.000000000000000,0.000000000000000,0.000000000000000,0.000000000000000
0.224000,-2,-650.000000000000000,-500.000000000000000,-201.000000000000000,0.000000000000000,0.000000000000000,0.000000000000000
0.228000,-2,-650.000000000000000,-500.000000000000000,-201.000000000000000,0.000000000000000,0.000000000000000,0.000000000000000
0.232000,18,-650.000000000000000,-500.000000000000000,-1.000000000000000,0.000000000000000,0.000000000000000,0.000000000000000
0.236000,18,-650.000000000000000,-500.000000000000000,-1.000000000000000,0.000000000000000,0.000000000000000,0.000000000000000
0.240000,18,-650.000000000000000,-500.000000000000000,-1.000000000000000,0.000000000000000,0.000000000000000,0.000000000000000
0.244000,18,-650.000000000000000,-500.000000000000000,-1.000000000000000,0.000000000000000,0.000000000000000,0.000000000000000
0.248000,18,-650.000000000000000,-500.000000000000000,-1.000000000000000,0.000000000000000,0.000000000000000,0.000000000000000
0.252000,18,-650.000000000000000,-500.000000000000000,-1.000000000000000,0.000000000000000,0.000000000000000,0.000000000000000
0.256000,40,-650.000000000000000,-500.000000000000000,-1.000000000000000,0.000000000000000,0.000000000000000,0.000000000000000
0.260000,40,-650.000000000000000,-500.000000000000000,-1.000000000000000,0.000000000000000,0.000000000000000,0.000000000000000
0.264000,40,-650.000000000000000,-500.000000000000000,-1.000000000000000,0.000000000000000,0.000000000000000,0.000000000000000
0.268000,40,-650.000000000000000,-500.000000000000000,-1.000000000000000,0.000000000000000,0.000000000000000,0.000000000000000
0.272000,40,-650.000000000000000,-500.000000000000000,-1.000000000000000,0.000000000000000,0.000000000000000,0.000000000000000
0.276000,40,-650.000000000000000,-500.000000000000000,-1.000000000000000,0.000000000000000,0.000000000000000,0.000000000000000
0.280000,43,-650.000000000000000,-500.000000000000000,-201.000000000000000,0.000000000000000,0.000000000000000,0.000000000000000
0.284000,43,-650.000000000000000,-500.000000000000000,-201.000000000000000,0.000000000000000,0.000000000000000,0.000000000000000
0.288000,43,-650.000000000000000,-500.000000000000000,-201.000000000000000,0.000000000000000,0.000000000000000,0.000000000000000
0.292000,43,-650.000000000000000,-500.000000000000000,-201.000000000000000,0.000000000000000,0.000000000000000,0.000000000000000
0.296000,43,-650.000000000000000,-500.000000000000000,-201.000000000000000,0.000000000000000,0.000000000000000,0.000000000000000
0.300000,43,-650.000000000000000,-500.000000000000000,-201.000000000000000,0.000000000000000,0.000000000000000,0.000000000000000
0.304000,-2,-650.000000000000000,-500.000000000000000,-201.000000000000000,0.000000000000000,0.000000000000000,0.000000000000000
0.308000,-2,-650.000000000000000,-500.000000000000000,-201.000000000000000,0.000000000000000,0.000000000000000,0.000000000000000
0.312000,-2,-650.000000000000000,-500.000000000000000,-201.000000000000000,0.000000000000000,0.000000000000000,0.000000000000000
0.316000,-2,-650.000000000000000,-500.000000000000000,-201.000000000000000,0.000000000000000,0.000000000000000,0.000000000000000
0.320000,-2,-650.000000000000000,-500.000000000000000,-201.000000000000000,0.000000000000000,0.000000000000000,0.000000000000000
0.324000,-2,-650.000000000000000,-500.000000000000000,-201.000000000000000,0.000000000000000,0.000000000000000,0.000000000000000
0.328000,-2,-650.000000000000000,-500.000000000000000,-201.000000000000000,0.000000000000000,0.000000000000000,0.000000000000000
0.332000,-2,-650.000000000000000,-500.000000000000000,-201.000000000000000,0.000000000000000,0.000000000000000,0.000000000000000
0.336000,-2,789.986999999999966,625.424999999999955,-471.000000000000000,0.000000000000000,0.000000000000000,0.000000000000000
0.340000,-2,789.986999999999966,625.424999999999955,-471.000000000000000,0.000000000000000,0.000000000000000,0.000000000000000
0.344000,-2,789.986999999999966,625.424999999999955,-471.000000000000000,0.000000000000000,0.000000000000000,0.000000000000000
0.348000,-2,789.986999999999966,625.424999999999955,-471.000000000000000,0.000000000000000,0.000000000000000,0.000000000000000
0.352000,-2,789.986999999999966,625.424999999999955,-471.000000000000000,0.000000000000000,0.000000000000000,0.000000000000000
0.356000,-2,789.986999999999966,625.424999999999955,-471.000000000000000,0.000000000000000,0.000000000000000,0.000000000000000
0.360000,-2,789.986999999999966,625.424999999999955,-471.000000000000000,0.000000000000000,0.000000000000000,0.000000000000000
0.364000,-2,789.986999999999966,625.424999999999955,-471.000000000000000,0.000000000000000,0.000000000000000,0.000000000000000
0.368000,-2,789.986999999999966,625.424999999999955,-471.000000000000000,0.000000000000000,0.000000000000000,0.000000000000000
0.372000,-2,789.986999999999966,625.424999999999955,-471.000000000000000,0.000000000000000,0.000000000000000,0.000000000000000
0.376000,-2,789.986999999999966,625.424999999999955,-471.000000000000000,0.000000000000000,0.000000000000000,0.000000000000000
0.380000,-2,789.986999999999966,625.424999999999955,-471.000000000000000,0.000000000000000,0.000000000000000,0.000000000000000
0.384000,-2,91.070999999999998,26.977000000000000,-471.000000000000000,0.000000000000000,0.000000000000000,0.000000000000000
0.388000,-2,91.070999999999998,26.977000000000000,-471.000000000000000,0.000000000000000,0.000000000000000,0.000000000000000
0.392000,-2,91.070999999999998,26.977000000000000,-471.000000000000000,0.000000000000000,0.000000000000000,0.000000000000000
0.396000,-2,91.070999999999998,26.977000000000000,-471.000000000000000,0.000000000000000,0.000000000000000,0.000000000000000
0.400000,-2,91.070999999999998,26.977000000000000,-471.000000000000000,0.000000000000000,0.000000000000000,0.000000000000000
0.404000,-2,91.070999999999998,26.977000000000000,-471.000000000000000,0.000000000000000,0.000000000000000,0.000000000000000
0.408000,-2,91.070999999999998,26.977000000000000,-471.000000000000000,0.000000000000000,0.000000000000000,0.000000000000000
0.412000,-2,91.070999999999998,26.977000000000000,-471.000000000000000,0.000000000000000,0.000000000000000,0.000000000000000
0.416000,-2,91.070999999999998,26.977000000000000,-471.000000000000000,0.000460000000000,0.000000000000000,0.000000000000000
0.420000,-2,91.070999999999998,26.977000000000000,-471.000000000000000,0.003690000000000,0.000000000000000,0.000000000000000
0.424000,-2,91.070999999999998,26.977000000000000,-471.000000000000000,0.012440000000000,0.000000000000000,0.000000000000000
0.428000,-2,91.070999999999998,26.977000000000000,-471.000000000000000,0.029490000000000,0.000000000000000,0.000000000000000
0.432000,-2,91.070999999999998,26.977000000000000,-471.000000000000000,0.057600000000000,0.000000000000000,0.000000000000000
0.436000,-2,91.070999999999998,26.977000000000000,-471.000000000000000,0.099530000000000,0.000000000000000,0.000000000000000
0.440000,-2,91.070999999999998,26.977000000000000,-471.000000000000000,0.158050000000000,0.000000000000000,0.000000000000000
0.444000,-2,91.070999999999998,26.977000000000000,-471.000000000000000,0.235930000000000,0.000000000000000,0.000000000000000
0.448000,-2,91.070999999999998,26.977000000000000,-471.000000000000000,0.335920000000000,0.000000000000000,0.000000000000000
0.452000,-2,91.070999999999998,26.977000000000000,-471.000000000000000,0.460800000000000,0.000000000000000,0.000000000000000
0.456000,-2,91.070999999999998,26.977000000000000,-471.000000000000000,0.613320000000000,0.000000000000000,0.000000000000000
0.460000,-2,91.070999999999998,26.977000000000000,-471.000000000000000,0.796260000000000,0.000000000000000,0.000000000000000
0.464000,-2,91.070999999999998,26.977000000000000,-471.000000000000000,1.012380000000000,0.000000000000000,0.000000000000000
0.468000,-2,91.070999999999998,26.977000000000000,-471.000000000000000,1.264440000000000,0.000000000000000,0.000000000000000
0.472000,-2,91.070999999999998,26.977000000000000,-471.000000000000000,1.555200000000000,0.000000000000000,0.000000000000000
0.476000,-2,91.070999999999998,26.977000000000000,-471.000000000000000,1.887440000000000,0.000000000000000,0.000000000000000
0.480000,-2,91.070999999999998,26.977000000000000,-471.000000000000000,2.263760000000000,0.000000000000000,0.000000000000000
0.484000,-2,91.070999999999998,26.977000000000000,-471.000000000000000,2.685850000000000,0.000000000000000,0.000000000000000
0.488000,-2,91.070999999999998,26.977000000000000,-471.000000000000000,3.154020000000000,0.000000000000000,0.000000000000000
0.492000,-2,91.070999999999998,26.977000000000000,-471.000000000000000,3.668280000000000,0.000000000000000,0.000000000000000
0.496000,-2,91.070999999999998,26.977000000000000,-471.000000000000000,4.228610000000000,0.000000000000000,0.000000000000000
0.500000,-2,91.070999999999998,26.977000000000000,-471.000000000000000,4.835020000000000,0.000000000000000,0.000000000000000
0.504000,-2,91.070999999999998,26.977000000000000,-471.000000000000000,5.487510000000000,0.000000000000000,0.000000000000000
0.508000,-2,91.070999999999998,26.977000000000000,-471.000000000000000,6.186090000000000,0.000000000000000,0.000000000000000
0.512000,-2,91.070999999999998,26.977000000000000,-471.000000000000000,6.930740000000000,0.000000000000000,0.000000000000000
0.516000,-2,91.070999999999998,26.977000000000000,-471.000000000000000,7.721470000000000,0.000000000000000,0.000000000000000
0.520000,-2,91.070999999999998,26.977000000000000,-471.000000000000000,8.558280000000000,0.000000000000000,0.000000000000000
0.524000,-2,91.070999999999998,26.977000000000000,-471.000000000000000,9.441179999999999,0.000000000000000,0.000000000000000
0.528000,-2,91.070999999999998,26.977000000000000,-471.000000000000000,10.370150000000001,0.000000000000000,0.000000000000000
0.532000,-2,91.070999999999998,26.977000000000000,-471.000000000000000,11.345200000000000,0.000000000000000,0.000000000000000
0.536000,-2,91.070999999999998,26.977000000000000,-471.000000000000000,12.366339999999999,0.000000000000000,0.000000000000000
0.540000,-2,91.070999999999998,26.977000000000000,-471.000000000000000,13.433550000000000,0.000000000000000,0.000000000000000
0.544000,-2,91.070999999999998,26.977000000000000,-471.000000000000000,14.546840000000000,0.000000000000000,0.000000000000000
0.548000,-2,91.070999999999998,26.977000000000000,-471.000000000000000,15.706210000000000,0.000000000000000,0.000000000000000
0.552000,-2,91.070999999999998,26.977000000000000,-471.000000000000000,16.911670000000001,0.000000000000000,0.000000000000000
0.556000,-2,91.070999999999998,26.977000000000000,-471.000000000000000,18.163200000000000,0.000000000000000,0.000000000000000
0.560000,-2,91.070999999999998,26.977000000000000,-471.000000000000000,19.460809999999999,0.000000000000000,0.000000000000000
0.564000,-2,91.070999999999998,26.977000000000000,-471.000000000000000,20.804510000000001,0.000000000000000,0.000000000000000
0.568000,-2,91.070999999999998,26.977000000000000,-471.000000000000000,22.194279999999999,0.000000000000000,0.000000000000000
0.572000,-2,91.070999999999998,26.977000000000000,-471.000000000000000,23.630130000000001,0.000000000000000,0.000000000000000
0.576000,-2,91.070999999999998,26.977000000000000,-471.000000000000000,25.112060000000000,0.000000000000000,0.000000000000000
0.580000,-2,91.070999999999998,26.977000000000000,-471.000000000000000,26.640080000000001,0.000000000000000,0.000000000000000
0.584000,-2,91.070999999999998,26.977000000000000,-471.000000000000000,28.214169999999999,0.000000000000000,0.000000000000000
0.588000,-2,91.070999999999998,26.977000000000000,-471.000000000000000,29.834340000000001,0.000000000000000,0.000000000000000
0.592000,-2,91.070999999999998,26.977000000000000,-471.000000000000000,31.500599999999999,0.000000000000000,0.000000000000000
0.596000,-2,91.070999999999998,26.977000000000000,-471.000000000000000,33.212930000000000,0.000000000000000,0.000000000000000
0.600000,-2,91.070999999999998,26.977000000000000,-471.000000000000000,34.971339999999998,0.000000000000000,0.000000000000000
0.604000,-2,91.070999999999998,26.977000000000000,-471.000000000000000,36.775829999999999,0.000000000000000,0.000000000000000
0.608000,-2,91.070999999999998,26.977000000000000,-471.000000000000000,38.626410000000000,0.000000000000000,0.000000000000000
0.612000,-2,91.070999999999998,26.977000000000000,-471.000000000000000,40.523060000000001,0.000000000000000,0.000000000000000
0.616000,-2,91.070999999999998,26.977000000000000,-471.000000000000000,42.465789999999998,0.000000000000000,0.000000000000000
0.620000,-2,91.070999999999998,26.977000000000000,-471.000000000000000,44.454599999999999,0.000000000000000,0.000000000000000
0.624000,-2,91.070999999999998,26.977000000000000,-471.000000000000000,46.489500000000000,0.000000000000000,0.000000000000000
0.628000,-2,91.070999999999998,26.977000000000000,-471.000000000000000,48.570470000000000,0.000000000000000,0.000000000000000
0.632000,-2,91.070999999999998,26.977000000000000,-471.000000000000000,50.697400000000002,0.000000000000000,0.000000000000000
0.636000,-2,91.070999999999998,26.977000000000000,-471.000000000000000,52.869309999999999,0.000000000000000,0.000000000000000
0.640000,-2,91.070999999999998,26.977000000000000,-471.000000000000000,55.083770000000001,0.000000000000000,0.000000000000000
0.644000,-2,91.070999999999998,26.977000000000000,-471.000000000000000,57.338020000000000,0.000000000000000,0.000000000000000
0.648000,-2,91.070999999999998,26.977000000000000,-471.000000000000000,59.629300000000001,0.000000000000000,0.000000000000000
0.652000,-2,91.070999999999998,26.977000000000000,-471.000000000000000,61.954830000000001,0.000000000000000,0.000000000000000
0.656000,-2,91.070999999999998,26.977000000000000,-471.000000000000000,64.311859999999996,0.000000000000000,0.000000000000000
0.660000,-2,91.070999999999998,26.977000000000000,-471.000000000000000,66.697620000000001,0.000000000000000,0.000000000000000
0.664000,-2,91.070999999999998,26.977000000000000,-471.000000000000000,69.109340000000003,0.000000000000000,0.000000000000000
0.668000,-2,91.070999999999998,26.977000000000000,-471.000000000000000,71.544259999999994,0.000000000000000,0.000000000000000
0.672000,-2,91.070999999999998,26.977000000000000,-471.000000000000000,73.999619999999993,0.000000000000000,0.000000000000000
0.676000,-2,91.070999999999998,26.977000000000000,-471.000000000000000,76.472650000000002,0.000000000000000,0.000000000000000
0.680000,-2,91.070999999999998,26.977000000000000,-471.000000000000000,78.960579999999993,0.000000000000000,0.000000000000000
0.684000,-2,91.070999999999998,26.977000000000000,-471.000000000000000,81.460650000000001,0.000000000000000,0.000000000000000
0.688000,-2,91.070999999999998,26.977000000000000,-471.000000000000000,83.970100000000002,0.000000000000000,0.000000000000000
0.692000,-2,91.070999999999998,26.977000000000000,-471.000000000000000,86.486159999999998,0.000000000000000,0.000000000000000
0.696000,-2,91.070999999999998,26.977000000000000,-471.000000000000000,89.006060000000005,0.000000000000000,0.000000000000000
0.700000,-2,91.070999999999998,26.977000000000000,-471.000000000000000,91.527060000000006,0.000000000000000,0.000000000000000
0.704000,-2,91.070999999999998,26.977000000000000,-471.000000000000000,94.046400000000006,0.000000000000000,0.000000000000000
0.708000,-2,91.070999999999998,26.977000000000000,-471.000000000000000,96.561319999999995,0.000000000000000,0.000000000000000
0.712000,-2,91.070999999999998,26.977000000000000,-471.000000000000000,99.069069999999996,0.000000000000000,0.000000000000000
0.716000,-2,91.070999999999998,26.977000000000000,-471.000000000000000,101.566879999999998,0.000000000000000,0.000000000000000
0.720000,-2,91.070999999999998,26.977000000000000,-471.000000000000000,104.051969999999997,0.000000000000000,0.000000000000000
0.724000,-2,91.070999999999998,26.977000000000000,-471.000000000000000,106.521600000000007,0.000000000000000,0.000000000000000
0.728000,-2,91.070999999999998,26.977000000000000,-471.000000000000000,108.972980000000007,0.000000000000000,0.000000000000000
0.732000,-2,91.070999999999998,26.977000000000000,-471.000000000000000,111.403360000000006,0.000000000000000,0.000000000000000
0.736000,-2,91.070999999999998,26.977000000000000,-471.000000000000000,113.809979999999996,0.000000000000000,0.000000000000000
0.740000,-2,91.070999999999998,26.977000000000000,-471.000000000000000,116.190060000000003,0.000000000000000,0.000000000000000
0.744000,-2,91.070999999999998,26.977000000000000,-471.000000000000000,118.540840000000003,0.000000000000000,0.000000000000000
0.748000,-2,91.070999999999998,26.977000000000000,-471.000000000000000,120.859560000000002,0.000000000000000,0.000000000000000
0.752000,-2,91.070999999999998,26.977000000000000,-471.000000000000000,123.143460000000005,0.000000000000000,0.000000000000000
0.756000,-2,91.070999999999998,26.977000000000000,-471.000000000000000,125.389759999999995,0.000000000000000,0.000000000000000
0.760000,-2,91.070999999999998,26.977000000000000,-471.000000000000000,127.595709999999997,0.000000000000000,0.000000000000000
0.764000,-2,91.070999999999998,26.977000000000000,-471.000000000000000,129.758540000000011,0.000000000000000,0.000000000000000
0.768000,-2,91.070999999999998,26.977000000000000,-471.000000000000000,131.875850000000014,0.000000000000000,0.000000000000000
0.772000,-2,91.070999999999998,26.977000000000000,-471.000000000000000,133.947080000000000,0.000000000000000,0.000000000000000
0.776000,-2,91.070999999999998,26.977000000000000,-471.000000000000000,135.972229999999996,0.000000000000000,0.000000000000000
0.780000,-2,91.070999999999998,26.977000000000000,-471.000000000000000,137.951300000000003,0.000000000000000,0.000000000000000
0.784000,-2,91.070999999999998,26.977000000000000,-471.000000000000000,139.884289999999993,0.000000000000000,0.000000000000000
0.788000,-2,91.070999999999998,26.977000000000000,-471.000000000000000,141.771199999999993,0.000000000000000,0.000000000000000
0.792000,-2,91.070999999999998,26.977000000000000,-471.000000000000000,143.612030000000004,0.000000000000000,0.000000000000000
0.796000,-2,91.070999999999998,26.977000000000000,-471.000000000000000,145.406779999999998,0.000000000000000,0.000000000000000
0.800000,-2,91.070999999999998,26.977000000000000,-471.000000000000000,147.155450000000002,0.000000000000000,0.000000000000000
0.804000,-2,91.070999999999998,26.977000000000000,-471.000000000000000,148.858039999999988,0.000000000000000,0.000000000000000
0.808000,-2,91.070999999999998,26.977000000000000,-471.000000000000000,150.514559999999989,0.000000000000000,0.000000000000000
0.812000,-2,91.070999999999998,26.977000000000000,-471.000000000000000,152.124989999999997,0.000000000000000,0.000000000000000
0.816000,-2,91.070999999999998,26.977000000000000,-471.000000000000000,153.689339999999987,0.000000000000000,0.000000000000000
0.820000,-2,91.070999999999998,26.977000000000000,-471.000000000000000,155.207609999999988,0.000000000000000,0.000000000000000
0.824000,-2,91.070999999999998,26.977000000000000,-471.000000000000000,156.679800000000000,0.000000000000000,0.000000000000000
0.828000,-2,91.070999999999998,26.977000000000000,-471.000000000000000,158.105909999999994,0.000000000000000,0.000000000000000
0.832000,-2,91.070999999999998,26.977000000000000,-471.000000000000000,159.485939999999999,0.000000000000000,0.000000000000000
0.836000,-2,91.070999999999998,26.977000000000000,-471.000000000000000,160.819889999999987,0.000000000000000,0.000000000000000
0.840000,-2,91.070999999999998,26.977000000000000,-471.000000000000000,162.107760000000013,0.000000000000000,0.000000000000000
0.844000,-2,91.070999999999998,26.977000000000000,-471.000000000000000,163.349549999999994,0.000000000000000,0.000000000000000
0.848000,-2,91.070999999999998,26.977000000000000,-471.000000000000000,164.545260000000013,0.000000000000000,0.000000000000000
0.852000,-2,91.070999999999998,26.977000000000000,-471.000000000000000,165.694889999999987,0.000000000000000,0.000000000000000
0.856000,-2,91.070999999999998,26.977000000000000,-471.000000000000000,166.798439999999999,0.000000000000000,0.000000000000000
0.860000,-2,91.070999999999998,26.977000000000000,-471.000000000000000,167.855909999999994,0.000000000000000,0.000000000000000
0.864000,-2,91.070999999999998,26.977000000000000,-471.000000000000000,168.867310000000003,0.000000000000000,0.000000000000000
0.868000,-2,91.070999999999998,26.977000000000000,-471.000000000000000,169.832619999999991,0.000000000000000,0.000000000000000
0.872000,-2,91.070999999999998,26.977000000000000,-471.000000000000000,170.751849999999990,0.000000000000000,0.000000000000000
0.876000,-2,91.070999999999998,26.977000000000000,-471.000000000000000,171.625000000000000,0.000000000000000,0.000000000000000
0.880000,-2,91.070999999999998,26.977000000000000,-471.000000000000000,172.452069999999992,0.000000000000000,0.000000000000000
0.884000,-2,91.070999999999998,26.977000000000000,-471.000000000000000,173.233059999999995,0.000000000000000,0.000000000000000
0.888000,-2,91.070999999999998,26.977000000000000,-471.000000000000000,173.967970000000008,0.000000000000000,0.000000000000000
0.892000,-2,91.070999999999998,26.977000000000000,-471.000000000000000,174.656800000000004,0.000000000000000,0.000000000000000
0.896000,-2,91.070999999999998,26.977000000000000,-471.000000000000000,175.299550000000011,0.000000000000000,0.000000000000000
0.900000,-2,91.070999999999998,26.977000000000000,-471.000000000000000,175.896220000000000,0.000000000000000,0.000000000000000
0.904000,-2,91.070999999999998,26.977000000000000,-471.000000000000000,176.446809999999999,0.000000000000000,0.000000000000000
0.908000,-2,91.070999999999998,26.977000000000000,-471.000000000000000,176.951320000000010,0.000000000000000,0.000000000000000
0.912000,-2,91.070999999999998,26.977000000000000,-471.000000000000000,177.409750000000003,0.000000000000000,0.000000000000000
0.916000,-2,91.070999999999998,26.977000000000000,-471.000000000000000,177.822100000000006,0.000000000000000,0.000000000000000
0.920000,-2,91.070999999999998,26.977000000000000,-471.000000000000000,178.188690000000008,0.000000000000000,0.000000000000000
0.924000,-2,91.070999999999998,26.977000000000000,-471.000000000000000,178.511650000000003,0.000000000000000,0.000000000000000
0.928000,-2,91.070999999999998,26.977000000000000,-471.000000000000000,178.793740000000014,0.000000000000000,0.000000000000000
0.932000,-2,91.070999999999998,26.977000000000000,-471.000000000000000,179.037720000000007,0.000000000000000,0.000000000000000
0.936000,-2,91.070999999999998,26.977000000000000,-471.000000000000000,179.246370000000013,0.000000000000000,0.000000000000000
0.940000,-2,91.070999999999998,26.977000000000000,-471.000000000000000,179.422439999999995,0.000000000000000,0.000000000000000
0.944000,-2,91.070999999999998,26.977000000000000,-471.000000000000000,179.568700000000007,0.000000000000000,0.000000000000000
0.948000,-2,91.070999999999998,26.977000000000000,-471.000000000000000,179.687909999999988,0.000000000000000,0.000000000000000
0.952000,-2,91.070999999999998,26.977000000000000,-471.000000000000000,179.782839999999993,0.000000000000000,0.000000000000000
0.956000,-2,91.070999999999998,26.977000000000000,-471.000000000000000,179.856259999999992,0.000000000000000,0.000000000000000
0.960000,-2,91.070999999999998,26.977000000000000,-471.000000000000000,179.910930000000008,0.000000000000000,0.000000000000000
0.964000,-2,91.070999999999998,26.977000000000000,-471.000000000000000,179.949610000000007,0.000000000000000,0.000000000000000
0.968000,-2,91.070999999999998,26.977000000000000,-471.000000000000000,179.975069999999988,0.000000000000000,0.000000000000000
0.972000,-2,91.070999999999998,26.977000000000000,-471.000000000000000,179.990080000000006,0.000000000000000,0.000000000000000
0.976000,-2,91.070999999999998,26.977000000000000,-471.000000000000000,179.997389999999996,0.000000000000000,0.000000000000000
0.980000,-2,91.070999999999998,26.977000000000000,-471.000000000000000,179.999779999999987,0.000000000000000,0.000000000000000
0.984000,-2,91.070999999999998,26.977000000000000,-471.000000000000000,180.000000000000000,0.000000000000000,0.000000000000000
0.988000,-2,91.070999999999998,26.977000000000000,-471.000000000000000,180.000000000000000,0.000000000000000,0.000000000000000
0.992000,-2,91.070999999999998,26.977000000000000,-471.000000000000000,180.000000000000000,0.000000000000000,0.000000000000000
0.996000,-2,91.070999999999998,26.977000000000000,-471.000000000000000,180.000000000000000,0.000000000000000,0.000000000000000
1.000000,-2,91.070999999999998,26.977000000000000,-471.000000000000000,180.000000000000000,0.000000000000000,0.000000000000000
1.004000,-2,91.070999999999998,26.977000000000000,-471.000000000000000,180.000000000000000,0.000000000000000,0.000000000000000
1.008000,-2,91.070999999999998,26.977000000000000,-471.000000000000000,180.000000000000000,0.000000000000000,0.000000000000000
1.012000,-2,91.070999999999998,26.977000000000000,-471.000000000000000,180.000000000000000,0.000000000000000,0.000000000000000
1.016000,-2,91.070999999999998,26.977000000000000,-471.000000000000000,180.000000000000000,0.000000000000000,0.000000000000000
1.020000,-2,91.070999999999998,26.977000000000000,-471.000000000000000,180.000000000000000,0.000000000000000,0.000000000000000
1.024000,-2,91.070999999999998,26.977000000000000,-471.000000000000000,180.000000000000000,0.000000000000000,0.000000000000000
1.028000,-2,91.070999999999998,26.977000000000000,-471.000000000000000,180.000000000000000,0.000000000000000,0.000000000000000
1.032000,-2,91.070999999999998,26.977000000000000,-471.000000000000000,180.000000000000000,0.000000000000000,0.000000000000000
1.036000,-2,91.070999999999998,26.977000000000000,-471.000000000000000,180.000000000000000,0.000000000000000,0.000000000000000
1.040000,-2,91.070999999999998,26.977000000000000,-471.000000000000000,180.000000000000000,0.000000000000000,0.000000000000000
1.044000,-2,91.070999999999998,26.977000000000000,-471.000000000000000,180.000000000000000,0.000000000000000,0.000000000000000
1.048000,-2,91.070999999999998,26.977000000000000,-471.000000000000000,180.000000000000000,0.000000000000000,0.000000000000000
1.052000,-2,91.070999999999998,26.977000000000000,-471.000000000000000,180.000000000000000,0.000000000000000,0.000000000000000
1.056000,-2,91.070999999999998,26.977000000000000,-471.000000000000000,180.000000000000000,0.000000000000000,0.000000000000000
1.060000,-2,91.070999999999998,26.977000000000000,-471.000000000000000,180.000000000000000,0.000000000000000,0.000000000000000
1.064000,-2,91.070999999999998,26.977000000000000,-471.000000000000000,180.000000000000000,0.000000000000000,0.000000000000000
1.068000,-2,91.070999999999998,26.977000000000000,-471.000000000000000,180.000000000000000,0.000000000000000,0.000000000000000
1.072000,-2,91.070999999999998,26.977000000000000,-471.000000000000000,180.000000000000000,0.000000000000000,0.000000000000000
1.076000,-2,91.070999999999998,26.977000000000000,-471.000000000000000,180.000000000000000,0.000000000000000,0.000000000000000
1.080000,-2,91.070999999999998,26.977000000000000,-471.000000000000000,180.000000000000000,0.000000000000000,0.000000000000000
1.084000,-2,91.070999999999998,26.977000000000000,-471.000000000000000,180.000000000000000,0.000000000000000,0.000000000000000
1.088000,-2,91.070999999999998,26.977000000000000,-471.000000000000000,180.000000000000000,0.000000000000000,0.000000000000000
1.092000,-2,91.070999999999998,26.977000000000000,-471.000000000000000,180.000000000000000,0.000000000000000,0.000000000000000
1.096000,-2,91.070999999999998,26.977000000000000,-471.000000000000000,180.000000000000000,0.000000000000000,0.000000000000000
1.100000,-2,91.070999999999998,26.977000000000000,-471.000000000000000,180.000000000000000,0.000000000000000,0.000000000000000
1.104000,45,91.070999999999998,26.977000000000000,-471.000000000000000,180.000000000000000,0.000000000000000,0.000000000000000
1.108000,45,91.070999999999998,26.977000000000000,-471.000000000000000,180.000000000000000,0.000000000000000,0.000000000000000
1.112000,45,91.070999999999998,26.977000000000000,-471.000000000000000,180.000000000000000,0.000000000000000,0.000000000000000
1.116000,45,91.070999999999998,26.977000000000000,-471.000000000000000,180.000000000000000,0.000000000000000,0.000000000000000
1.120000,45,91.070999999999998,26.977000000000000,-471.000000000000000,180.000000000000000,0.000000000000000,0.000000000000000
1.124000,45,91.070999999999998,26.977000000000000,-471.000000000000000,180.000000000000000,0.000000000000000,0.000000000000000
1.128000,47,91.070040000000006,26.976680000000002,-471.000000000000000,180.000000000000000,0.000000000000000,45.553032214710747
1.132000,47,91.063320000000004,26.974430000000002,-471.000000000000000,180.000000000000000,0.000000000000000,182.212128858842988
1.136000,47,91.045079999999999,26.968330000000002,-471.000000000000000,180.000000000000000,0.000000000000000,409.977289932396673
1.140000,47,91.009559999999993,26.956450000000000,-471.000000000000000,180.000000000000000,0.000000000000000,728.848515435371951
1.144000,47,90.950999999999993,26.936859999999999,-471.000000000000000,180.000000000000000,0.000000000000000,1138.825805367768680
1.148000,47,90.863640000000004,26.907630000000001,-471.000000000000000,180.000000000000000,0.000000000000000,1639.909159729586918
1.152000,47,90.741720000000001,26.866849999999999,-471.000000000000000,180.000000000000000,0.000000000000000,2232.098578520826777
1.156000,47,90.579480000000004,26.812580000000001,-471.000000000000000,180.000000000000000,0.000000000000000,2915.394061741488258
1.160000,47,90.371160000000003,26.742889999999999,-471.000000000000000,180.000000000000000,0.000000000000000,3689.795609391570906
1.164000,47,90.111000000000004,26.655860000000001,-471.000000000000000,180.000000000000000,0.000000000000000,4555.303221471074721
1.168000,47,89.793239999999997,26.549560000000000,-471.000000000000000,180.000000000000000,0.000000000000000,5511.916897980000613
1.172000,47,89.412120000000002,26.422070000000001,-471.000000000000000,180.000000000000000,0.000000000000000,6559.636638918347671
1.176000,47,88.961879999999994,26.271460000000001,-471.000000000000000,180.000000000000000,0.000000000000000,7698.462444286115897
1.180000,47,88.436760000000007,26.095790000000001,-471.000000000000000,180.000000000000000,0.000000000000000,8928.394314083305289
1.184000,47,87.831000000000003,25.893160000000002,-471.000000000000000,180.000000000000000,0.000000000000000,10249.432248309916758
1.188000,47,87.138840000000002,25.661610000000000,-471.000000000000000,180.000000000000000,0.000000000000000,11661.576246965947576
1.192000,47,86.354519999999994,25.399239999999999,-471.000000000000000,180.000000000000000,0.000000000000000,13164.826310051401379
1.196000,47,85.472279999999998,25.104120000000002,-471.000000000000000,180.000000000000000,0.000000000000000,14759.182437566278168
1.200000,47,84.486360000000005,24.774310000000000,-471.000000000000000,180.000000000000000,0.000000000000000,16444.644629510574305
1.204000,47,83.391000000000005,24.407889999999998,-471.000000000000000,180.000000000000000,0.000000000000000,18221.212885884295247
1.208000,47,82.180440000000004,24.002929999999999,-471.000000000000000,180.000000000000000,0.000000000000000,20088.887206687431899
1.212000,47,80.848920000000007,23.557510000000001,-471.000000000000000,180.000000000000000,0.000000000000000,22047.667591919995175
1.216000,47,79.390680000000003,23.069700000000001,-471.000000000000000,180.000000000000000,0.000000000000000,24097.554041581977799
1.220000,47,77.799959999999999,22.537569999999999,-471.000000000000000,180.000000000000000,0.000000000000000,26238.546555673383409
1.224000,47,76.070999999999998,21.959199999999999,-471.000000000000000,180.000000000000000,0.000000000000000,28470.645134194208367
1.228000,47,74.199939999999998,21.333300000000001,-471.000000000000000,180.000000000000000,0.000000000000000,30703.899390646642132
1.232000,47,72.190510000000003,20.661100000000001,-471.000000000000000,180.000000000000000,0.000000000000000,32847.203260601258080
1.236000,47,70.048460000000006,19.944540000000000,-471.000000000000000,180.000000000000000,0.000000000000000,34899.401066126461956
1.240000,47,67.779539999999997,19.185549999999999,-471.000000000000000,180.000000000000000,0.000000000000000,36860.492807222231932
1.244000,47,65.389510000000001,18.386040000000001,-471.000000000000000,180.000000000000000,0.000000000000000,38730.478483888589835
1.248000,47,62.884140000000002,17.547940000000001,-471.000000000000000,180.000000000000000,0.000000000000000,40509.358096125521115
1.252000,47,60.269190000000002,16.673179999999999,-471.000000000000000,180.000000000000000,0.000000000000000,42197.131643933033047
1.256000,47,57.550400000000003,15.763700000000000,-471.000000000000000,180.000000000000000,0.000000000000000,43793.799127311125631
1.260000,47,54.733550000000001,14.821410000000000,-471.000000000000000,180.000000000000000,0.000000000000000,45299.360546259798866
1.264000,47,51.824399999999997,13.848240000000001,-471.000000000000000,180.000000000000000,0.000000000000000,46713.815900779045478
1.268000,47,48.828699999999998,12.846120000000001,-471.000000000000000,180.000000000000000,0.000000000000000,48037.165190868872742
1.272000,47,45.752209999999998,11.816970000000000,-471.000000000000000,180.000000000000000,0.000000000000000,49269.408416529273381
1.276000,47,42.600700000000003,10.762729999999999,-471.000000000000000,180.000000000000000,0.000000000000000,50410.545577760261949
1.280000,47,39.379919999999998,9.685309999999999,-471.000000000000000,180.000000000000000,0.000000000000000,51460.576674561816617
1.284000,47,36.095630000000000,8.586650000000001,-471.000000000000000,180.000000000000000,0.000000000000000,52419.501706933959213
1.288000,47,32.753599999999999,7.468680000000000,-471.000000000000000,180.000000000000000,0.000000000000000,53287.320674876675184
1.292000,47,29.359580000000001,6.333310000000000,-471.000000000000000,180.000000000000000,0.000000000000000,54064.033578389964532
1.296000,47,25.919339999999998,5.182480000000000,-471.000000000000000,180.000000000000000,0.000000000000000,54749.640417473849084
1.300000,47,22.438630000000000,4.018110000000000,-471.000000000000000,180.000000000000000,0.000000000000000,55344.141192128307011
1.304000,47,18.923210000000001,2.842140000000000,-471.000000000000000,180.000000000000000,0.000000000000000,55847.535902353338315
1.308000,47,15.378850000000000,1.656480000000000,-471.000000000000000,180.000000000000000,0.000000000000000,56259.824548148957547
1.312000,47,11.811299999999999,0.463060000000000,-471.000000000000000,180.000000000000000,0.000000000000000,56581.007129515142879
1.316000,47,8.226319999999999,-0.736180000000000,-471.000000000000000,180.000000000000000,0.000000000000000,56811.083646451916138
1.320000,47,4.629680000000000,-1.939330000000000,-471.000000000000000,180.000000000000000,0.000000000000000,56950.054098959262774
1.324000,47,1.027140000000000,-3.144450000000000,-471.000000000000000,180.000000000000000,0.000000000000000,56997.918487037182786
1.328000,47,-2.575560000000000,-4.349630000000000,-471.000000000000000,180.000000000000000,0.000000000000000,56954.869571092727710
1.332000,47,-6.172660000000000,-5.552930000000000,-471.000000000000000,180.000000000000000,0.000000000000000,56820.719829090172425
1.336000,47,-9.758400000000000,-6.752430000000000,-471.000000000000000,180.000000000000000,0.000000000000000,56595.464022658190515
1.340000,47,-13.327010000000000,-7.946200000000000,-471.000000000000000,180.000000000000000,0.000000000000000,56279.102151796789258
1.344000,47,-16.872750000000000,-9.132320000000000,-471.000000000000000,180.000000000000000,0.000000000000000,55871.634216505968652
1.348000,47,-20.389840000000000,-10.308850000000000,-471.000000000000000,180.000000000000000,0.000000000000000,55373.060216785728699
1.352000,47,-23.872530000000001,-11.473879999999999,-471.000000000000000,180.000000000000000,0.000000000000000,54783.380152636062121
1.356000,47,-27.315059999999999,-12.625480000000000,-471.000000000000000,180.000000000000000,0.000000000000000,54102.594024056968919
1.360000,47,-30.711670000000002,-13.761710000000001,-471.000000000000000,180.000000000000000,0.000000000000000,53330.701831048456370
1.364000,47,-34.056590000000000,-14.880649999999999,-471.000000000000000,180.000000000000000,0.000000000000000,52467.703573610524472
1.368000,47,-37.344079999999998,-15.980380000000000,-471.000000000000000,180.000000000000000,0.000000000000000,51513.599251743180503
1.372000,47,-40.568359999999998,-17.058969999999999,-471.000000000000000,180.000000000000000,0.000000000000000,50468.388865446409909
1.376000,47,-43.723689999999998,-18.114490000000000,-471.000000000000000,180.000000000000000,0.000000000000000,49332.072414720219967
1.380000,47,-46.804290000000002,-19.145009999999999,-471.000000000000000,180.000000000000000,0.000000000000000,48104.649899564603402
1.384000,47,-49.804409999999997,-20.148610000000001,-471.000000000000000,180.000000000000000,0.000000000000000,46786.121319979567488
1.388000,47,-52.718290000000003,-21.123360000000002,-471.000000000000000,180.000000000000000,0.000000000000000,45376.486675965112227
1.392000,47,-55.540170000000003,-22.067329999999998,-471.000000000000000,180.000000000000000,0.000000000000000,43875.745967521230341
1.396000,47,-58.264279999999999,-22.978600000000000,-471.000000000000000,180.000000000000000,0.000000000000000,42283.899194647929107
1.400000,47,-60.884880000000003,-23.855250000000002,-471.000000000000000,180.000000000000000,0.000000000000000,40600.946357345201250
1.404000,47,-63.396189999999997,-24.695329999999998,-471.000000000000000,180.000000000000000,0.000000000000000,38826.887455613061320
1.408000,47,-65.792460000000005,-25.496929999999999,-471.000000000000000,180.000000000000000,0.000000000000000,36961.722489451494766
1.412000,47,-68.067930000000004,-26.258120000000002,-471.000000000000000,180.000000000000000,0.000000000000000,35005.451458860508865
1.416000,47,-70.216840000000005,-26.976970000000001,-471.000000000000000,180.000000000000000,0.000000000000000,32958.074363840096339
1.420000,47,-72.233429999999998,-27.651560000000000,-471.000000000000000,180.000000000000000,0.000000000000000,30819.591204390271741
1.424000,47,-74.111940000000004,-28.279959999999999,-471.000000000000000,180.000000000000000,0.000000000000000,28590.393614152275404
1.428000,47,-75.848929999999996,-28.861020000000000,-471.000000000000000,180.000000000000000,0.000000000000000,26372.750971332523477
1.432000,47,-77.448589999999996,-29.396129999999999,-471.000000000000000,180.000000000000000,0.000000000000000,24246.214392942187260
1.436000,47,-78.916679999999999,-29.887239999999998,-471.000000000000000,180.000000000000000,0.000000000000000,22210.783878981274029
1.440000,47,-80.258970000000005,-30.336259999999999,-471.000000000000000,180.000000000000000,0.000000000000000,20266.459429449783784
1.444000,47,-81.481219999999993,-30.745130000000000,-471.000000000000000,180.000000000000000,0.000000000000000,18413.241044347716524
1.448000,47,-82.589179999999999,-31.115760000000002,-471.000000000000000,180.000000000000000,0.000000000000000,16651.128723675064975
1.452000,47,-83.588610000000003,-31.450089999999999,-471.000000000000000,180.000000000000000,0.000000000000000,14980.122467431840050
1.456000,47,-84.485270000000000,-31.750039999999998,-471.000000000000000,180.000000000000000,0.000000000000000,13400.222275618036292
1.460000,47,-85.284930000000003,-32.017550000000000,-471.000000000000000,180.000000000000000,0.000000000000000,11911.428148233651882
1.464000,47,-85.993340000000003,-32.254519999999999,-471.000000000000000,180.000000000000000,0.000000000000000,10513.740085278690458
1.468000,47,-86.616270000000000,-32.462910000000001,-471.000000000000000,180.000000000000000,0.000000000000000,9207.158086753150201
1.472000,47,-87.159469999999999,-32.644620000000003,-471.000000000000000,180.000000000000000,0.000000000000000,7991.682152657030201
1.476000,47,-87.628709999999998,-32.801589999999997,-471.000000000000000,180.000000000000000,0.000000000000000,6867.312282990333188
1.480000,47,-88.029740000000004,-32.935740000000003,-471.000000000000000,180.000000000000000,0.000000000000000,5834.048477753057341
1.484000,47,-88.368319999999997,-33.048999999999999,-471.000000000000000,180.000000000000000,0.000000000000000,4891.890736945202661
1.488000,47,-88.650220000000004,-33.143300000000004,-471.000000000000000,180.000000000000000,0.000000000000000,4040.839060566769149
1.492000,47,-88.881190000000004,-33.220559999999999,-471.000000000000000,180.000000000000000,0.000000000000000,3280.893448617757258
1.496000,47,-89.066990000000004,-33.282719999999998,-471.000000000000000,180.000000000000000,0.000000000000000,2612.053901098166989
1.500000,47,-89.213390000000004,-33.331690000000002,-471.000000000000000,180.000000000000000,0.000000000000000,2034.320418007998342
1.504000,47,-89.326149999999998,-33.369410000000002,-471.000000000000000,180.000000000000000,0.000000000000000,1547.692999347250861
1.508000,47,-89.411010000000005,-33.397799999999997,-471.000000000000000,180.000000000000000,0.000000000000000,1152.171645115925003
1.512000,47,-89.473749999999995,-33.418790000000001,-471.000000000000000,180.000000000000000,0.000000000000000,847.756355314020652
1.516000,47,-89.520129999999995,-33.434300000000000,-471.000000000000000,180.000000000000000,0.000000000000000,634.447129941537810
1.520000,47,-89.555899999999994,-33.446269999999998,-471.000000000000000,180.000000000000000,0.000000000000000,512.243968998476362
1.524000,48,-89.581999999999994,-33.454999999999998,-470.994919999999979,180.000000000000000,0.000000000000000,479.999999999999829
1.528000,48,-89.581999999999994,-33.454999999999998,-470.961909999999989,180.000000000000000,0.000000000000000,525.553032214710584
1.532000,48,-89.581999999999994,-33.454999999999998,-470.922820000000002,180.000000000000000,0.000000000000000,662.212128858842902
1.536000,48,-89.581999999999994,-33.454999999999998,-470.871590000000026,180.000000000000000,0.000000000000000,889.977289932396616
1.540000,48,-89.581999999999994,-33.454999999999998,-470.802140000000009,180.000000000000000,0.000000000000000,1208.848515435371837
1.544000,48,-89.581999999999994,-33.454999999999998,-470.708390000000009,180.000000000000000,0.000000000000000,1618.825805367768226
1.548000,48,-89.581999999999994,-33.454999999999998,-470.584270000000004,180.000000000000000,0.000000000000000,2119.909159729586463
1.552000,48,-89.581999999999994,-33.454999999999998,-470.423710000000028,180.000000000000000,0.000000000000000,2712.098578520826322
1.556000,48,-89.581999999999994,-33.454999999999998,-470.220630000000028,180.000000000000000,0.000000000000000,3395.394061741487349
1.560000,48,-89.581999999999994,-33.454999999999998,-469.968959999999981,180.000000000000000,0.000000000000000,4169.795609391569997
1.564000,48,-89.581999999999994,-33.454999999999998,-469.662629999999979,180.000000000000000,0.000000000000000,5035.303221471074721
1.568000,48,-89.581999999999994,-33.454999999999998,-469.295569999999998,180.000000000000000,0.000000000000000,5991.916897980000613
1.572000,48,-89.581999999999994,-33.454999999999998,-468.861690000000010,180.000000000000000,0.000000000000000,7039.636638918347671
1.576000,48,-89.581999999999994,-33.454999999999998,-468.354919999999993,180.000000000000000,0.000000000000000,8178.462444286115897
1.580000,48,-89.581999999999994,-33.454999999999998,-467.769200000000012,180.000000000000000,0.000000000000000,9408.394314083305289
1.584000,48,-89.581999999999994,-33.454999999999998,-467.098450000000014,180.000000000000000,0.000000000000000,10729.432248309916758
1.588000,48,-89.581999999999994,-33.454999999999998,-466.336580000000026,180.000000000000000,0.000000000000000,12141.576246965947576
1.592000,48,-89.581999999999994,-33.454999999999998,-465.477539999999976,180.000000000000000,0.000000000000000,13644.826310051401379
1.596000,48,-89.581999999999994,-33.454999999999998,-464.515249999999980,180.000000000000000,0.000000000000000,15239.182437566278168
1.600000,48,-89.581999999999994,-33.454999999999998,-463.443629999999985,180.000000000000000,0.000000000000000,16924.644629510574305
1.604000,48,-89.581999999999994,-33.454999999999998,-462.256610000000023,180.000000000000000,0.000000000000000,18701.212885884295247
1.608000,48,-89.581999999999994,-33.454999999999998,-460.948109999999986,180.000000000000000,0.000000000000000,20568.887206687431899
1.612000,48,-89.581999999999994,-33.454999999999998,-459.512060000000019,180.000000000000000,0.000000000000000,22527.667591919995175
1.616000,48,-89.581999999999994,-33.454999999999998,-457.942389999999989,180.000000000000000,0.000000000000000,24577.554041581977799
1.620000,48,-89.581999999999994,-33.454999999999998,-456.233029999999985,180.000000000000000,0.000000000000000,26718.546555673383409
1.624000,48,-89.581999999999994,-33.454999999999998,-454.377900000000011,180.000000000000000,0.000000000000000,28950.645134194208367
1.628000,48,-89.581999999999994,-33.454999999999998,-452.371930000000020,180.000000000000000,0.000000000000000,31228.296744929742999
1.632000,48,-89.581999999999994,-33.454999999999998,-450.214119999999980,180.000000000000000,0.000000000000000,33505.948355665284907
1.636000,48,-89.581999999999994,-33.454999999999998,-447.904470000000003,180.000000000000000,0.000000000000000,35783.599966400819540
1.640000,48,-89.581999999999994,-33.454999999999998,-445.442979999999977,180.000000000000000,0.000000000000000,38061.251577136361448
1.644000,48,-89.581999999999994,-33.454999999999998,-442.829639999999984,180.000000000000000,0.000000000000000,40338.903187871903356
1.648000,48,-89.581999999999994,-33.454999999999998,-440.064459999999997,180.000000000000000,0.000000000000000,42616.554798607437988
1.652000,48,-89.581999999999994,-33.454999999999998,-437.147429999999986,180.000000000000000,0.000000000000000,44894.206409342979896
1.656000,48,-89.581999999999994,-33.454999999999998,-434.078559999999982,180.000000000000000,0.000000000000000,47171.858020078514528
1.660000,48,-89.581999999999994,-33.454999999999998,-430.857849999999985,180.000000000000000,0.000000000000000,49449.509630814056436
1.664000,48,-89.581999999999994,-33.454999999999998,-427.485380000000021,180.000000000000000,0.000000000000000,51723.276188257790636
1.668000,48,-89.581999999999994,-33.454999999999998,-423.962510000000009,180.000000000000000,0.000000000000000,53947.604660195022007
1.672000,48,-89.581999999999994,-33.454999999999998,-420.294390000000021,180.000000000000000,0.000000000000000,56080.827067702834029
1.676000,48,-89.581999999999994,-33.454999999999998,-416.487090000000023,180.000000000000000,0.000000000000000,58122.943410781226703
1.680000,48,-89.581999999999994,-33.454999999999998,-412.546690000000012,180.000000000000000,0.000000000000000,60073.953689430192753
1.684000,48,-89.581999999999994,-33.454999999999998,-408.479260000000011,180.000000000000000,0.000000000000000,61933.857903649739455
1.688000,48,-89.581999999999994,-33.454999999999998,-404.290869999999984,180.000000000000000,0.000000000000000,63702.656053439859534
1.692000,48,-89.581999999999994,-33.454999999999998,-399.987590000000012,180.000000000000000,0.000000000000000,65380.348138800560264
1.696000,48,-89.581999999999994,-33.454999999999998,-395.575510000000008,180.000000000000000,0.000000000000000,66966.934159731841646
1.700000,48,-89.581999999999994,-33.454999999999998,-391.060690000000022,180.000000000000000,0.000000000000000,68462.414116233703680
1.704000,48,-89.581999999999994,-33.454999999999998,-386.449220000000025,180.000000000000000,0.000000000000000,69866.788008306131815
1.708000,48,-89.581999999999994,-33.454999999999998,-381.747149999999976,180.000000000000000,0.000000000000000,71180.055835949155153
1.712000,48,-89.581999999999994,-33.454999999999998,-376.960570000000018,180.000000000000000,0.000000000000000,72402.217599162744591
1.716000,48,-89.581999999999994,-33.454999999999998,-372.095540000000028,180.000000000000000,0.000000000000000,73533.273297946929233
1.720000,48,-89.581999999999994,-33.454999999999998,-367.158149999999978,180.000000000000000,0.000000000000000,74573.222932301679975
1.724000,48,-89.581999999999994,-33.454999999999998,-362.154470000000003,180.000000000000000,0.000000000000000,75522.066502227011370
1.728000,48,-89.581999999999994,-33.454999999999998,-357.090570000000014,180.000000000000000,0.000000000000000,76379.804007722923416
1.732000,48,-89.581999999999994,-33.454999999999998,-351.972519999999975,180.000000000000000,0.000000000000000,77146.435448789401562
1.736000,48,-89.581999999999994,-33.454999999999998,-346.806399999999996,180.000000000000000,0.000000000000000,77821.960825426474912
1.740000,48,-89.581999999999994,-33.454999999999998,-341.598290000000020,180.000000000000000,0.000000000000000,78406.380137634114362
1.744000,48,-89.581999999999994,-33.454999999999998,-336.354240000000004,180.000000000000000,0.000000000000000,78899.693385412349016
1.748000,48,-89.581999999999994,-33.454999999999998,-331.080350000000010,180.000000000000000,0.000000000000000,79301.900568761149771
1.752000,48,-89.581999999999994,-33.454999999999998,-325.782680000000028,180.000000000000000,0.000000000000000,79613.001687680531177
1.756000,48,-89.581999999999994,-33.454999999999998,-320.467309999999998,180.000000000000000,0.000000000000000,79832.996742170493235
1.760000,48,-89.581999999999994,-33.454999999999998,-315.140309999999999,180.000000000000000,0.000000000000000,79961.885732231021393
1.764000,48,-89.581999999999994,-33.454999999999998,-309.807749999999999,180.000000000000000,0.000000000000000,79999.999999999985448
1.768000,48,-89.581999999999994,-33.454999999999998,-304.474409999999978,180.000000000000000,0.000000000000000,79999.999999999985448
1.772000,48,-89.581999999999994,-33.454999999999998,-299.141079999999988,180.000000000000000,0.000000000000000,79999.999999999985448
1.776000,48,-89.581999999999994,-33.454999999999998,-293.807749999999999,180.000000000000000,0.000000000000000,79999.999999999985448
1.780000,48,-89.581999999999994,-33.454999999999998,-288.474409999999978,180.000000000000000,0.000000000000000,79999.999999999985448
1.784000,48,-89.581999999999994,-33.454999999999998,-283.141079999999988,180.000000000000000,0.000000000000000,79999.999999999985448
1.788000,48,-89.581999999999994,-33.454999999999998,-277.807749999999999,180.000000000000000,0.000000000000000,79999.999999999985448
1.792000,48,-89.581999999999994,-33.454999999999998,-272.474409999999978,180.000000000000000,0.000000000000000,79999.999999999985448
1.796000,48,-89.581999999999994,-33.454999999999998,-267.141079999999988,180.000000000000000,0.000000000000000,79999.999999999985448
1.800000,48,-89.581999999999994,-33.454999999999998,-261.807749999999999,180.000000000000000,0.000000000000000,79999.999999999985448
1.804000,48,-89.581999999999994,-33.454999999999998,-256.474409999999978,180.000000000000000,0.000000000000000,79999.999999999985448
1.808000,48,-89.581999999999994,-33.454999999999998,-251.141079999999988,180.000000000000000,0.000000000000000,79999.999999999985448
1.812000,48,-89.581999999999994,-33.454999999999998,-245.807749999999999,180.000000000000000,0.000000000000000,79999.999999999985448
1.816000,48,-89.581999999999994,-33.454999999999998,-240.474410000000006,180.000000000000000,0.000000000000000,79999.999999999985448
1.820000,48,-89.581999999999994,-33.454999999999998,-235.141079999999988,180.000000000000000,0.000000000000000,79999.999999999985448
1.824000,48,-89.581999999999994,-33.454999999999998,-229.807749999999999,180.000000000000000,0.000000000000000,79999.999999999985448
1.828000,48,-89.581999999999994,-33.454999999999998,-224.474410000000006,180.000000000000000,0.000000000000000,79999.999999999985448
1.832000,48,-89.581999999999994,-33.454999999999998,-219.141079999999988,180.000000000000000,0.000000000000000,79999.999999999985448
1.836000,48,-89.581999999999994,-33.454999999999998,-213.807749999999999,180.000000000000000,0.000000000000000,79999.999999999985448
1.840000,48,-89.581999999999994,-33.454999999999998,-208.474410000000006,180.000000000000000,0.000000000000000,79999.999999999985448
1.844000,48,-89.581999999999994,-33.454999999999998,-203.141079999999988,180.000000000000000,0.000000000000000,79999.999999999985448
1.848000,48,-89.581999999999994,-33.454999999999998,-197.807749999999999,180.000000000000000,0.000000000000000,79999.999999999985448
1.852000,48,-89.581999999999994,-33.454999999999998,-192.474410000000006,180.000000000000000,0.000000000000000,79999.999999999985448
1.856000,48,-89.581999999999994,-33.454999999999998,-187.141079999999988,180.000000000000000,0.000000000000000,79999.999999999985448
1.860000,48,-89.581999999999994,-33.454999999999998,-181.807749999999999,180.000000000000000,0.000000000000000,79999.999999999985448
1.864000,48,-89.581999999999994,-33.454999999999998,-176.474410000000006,180.000000000000000,0.000000000000000,79999.999999999985448
1.868000,48,-89.581999999999994,-33.454999999999998,-171.141079999999988,180.000000000000000,0.000000000000000,79999.999999999985448
1.872000,48,-89.581999999999994,-33.454999999999998,-165.807749999999999,180.000000000000000,0.000000000000000,79999.999999999985448
1.876000,48,-89.581999999999994,-33.454999999999998,-160.474410000000006,180.000000000000000,0.000000000000000,79999.999999999985448
1.880000,48,-89.581999999999994,-33.454999999999998,-155.142009999999999,180.000000000000000,0.000000000000000,79956.874007629376138
1.884000,48,-89.581999999999994,-33.454999999999998,-149.815519999999992,180.000000000000000,0.000000000000000,79822.675169653783087
1.888000,48,-89.581999999999994,-33.454999999999998,-144.501010000000008,180.000000000000000,0.000000000000000,79597.370267248756136
1.892000,48,-89.581999999999994,-33.454999999999998,-139.204559999999987,180.000000000000000,0.000000000000000,79280.959300414309837
1.896000,48,-89.581999999999994,-33.454999999999998,-133.932240000000007,180.000000000000000,0.000000000000000,78873.442269150429638
1.900000,48,-89.581999999999994,-33.454999999999998,-128.690130000000011,180.000000000000000,0.000000000000000,78374.819173457144643
1.904000,48,-89.581999999999994,-33.454999999999998,-123.484290000000001,180.000000000000000,0.000000000000000,77785.090013334440300
1.908000,48,-89.581999999999994,-33.454999999999998,-118.320809999999994,180.000000000000000,0.000000000000000,77104.254788782302057
1.912000,48,-89.581999999999994,-33.454999999999998,-113.205749999999995,180.000000000000000,0.000000000000000,76332.313499800744466
1.916000,48,-89.581999999999994,-33.454999999999998,-108.145189999999999,180.000000000000000,0.000000000000000,75469.266146389767528
1.920000,48,-89.581999999999994,-33.454999999999998,-103.145210000000006,180.000000000000000,0.000000000000000,74515.112728549371241
1.924000,48,-89.581999999999994,-33.454999999999998,-98.211870000000005,180.000000000000000,0.000000000000000,73469.853246279555606
1.928000,48,-89.581999999999994,-33.454999999999998,-93.351249999999993,180.000000000000000,0.000000000000000,72333.487699580306071
1.932000,48,-89.581999999999994,-33.454999999999998,-88.569429999999997,180.000000000000000,0.000000000000000,71106.016088451637188
1.936000,48,-89.581999999999994,-33.454999999999998,-83.872470000000007,180.000000000000000,0.000000000000000,69787.438412893563509
1.940000,48,-89.581999999999994,-33.454999999999998,-79.266459999999995,180.000000000000000,0.000000000000000,68377.754672906055930
1.944000,48,-89.581999999999994,-33.454999999999998,-74.757459999999995,180.000000000000000,0.000000000000000,66876.964868489129003
1.948000,48,-89.581999999999994,-33.454999999999998,-70.351560000000006,180.000000000000000,0.000000000000000,65285.068999642790004
1.952000,48,-89.581999999999994,-33.454999999999998,-66.054810000000003,180.000000000000000,0.000000000000000,63602.067066367017105
1.956000,48,-89.581999999999994,-33.454999999999998,-61.873309999999996,180.000000000000000,0.000000000000000,61827.959068661832134
1.960000,48,-89.581999999999994,-33.454999999999998,-57.813110000000002,180.000000000000000,0.000000000000000,59962.745006527213263
1.964000,48,-89.581999999999994,-33.454999999999998,-53.880299999999998,180.000000000000000,0.000000000000000,58006.424879963182320
1.968000,48,-89.581999999999994,-33.454999999999998,-50.080939999999998,180.000000000000000,0.000000000000000,55958.998688969724753
1.972000,48,-89.581999999999994,-33.454999999999998,-46.421120000000002,180.000000000000000,0.000000000000000,53820.466433546840562
1.976000,48,-89.581999999999994,-33.454999999999998,-42.906910000000003,180.000000000000000,0.000000000000000,51590.828113694544300
1.980000,48,-89.581999999999994,-33.454999999999998,-39.543439999999997,180.000000000000000,0.000000000000000,49313.209721783430723
1.984000,48,-89.581999999999994,-33.454999999999998,-36.331809999999997,180.000000000000000,0.000000000000000,47035.558111047896091
1.988000,48,-89.581999999999994,-33.454999999999998,-33.272030000000001,180.000000000000000,0.000000000000000,44757.906500312354183
1.992000,48,-89.581999999999994,-33.454999999999998,-30.364090000000001,180.000000000000000,0.000000000000000,42480.254889576819551
1.996000,48,-89.581999999999994,-33.454999999999998,-27.608000000000001,180.000000000000000,0.000000000000000,40202.603278841277643
2.000000,48,-89.581999999999994,-33.454999999999998,-25.003740000000001,180.000000000000000,0.000000000000000,37924.951668105735735
2.004000,48,-89.581999999999994,-33.454999999999998,-22.551340000000000,180.000000000000000,0.000000000000000,35647.300057370201102
2.008000,48,-89.581999999999994,-33.454999999999998,-20.250769999999999,180.000000000000000,0.000000000000000,33369.648446634659194
2.012000,48,-89.581999999999994,-33.454999999999998,-18.102049999999998,180.000000000000000,0.000000000000000,31091.996835899120924
2.016000,48,-89.581999999999994,-33.454999999999998,-16.105170000000001,180.000000000000000,0.000000000000000,28814.345225163582654
2.020000,48,-89.581999999999994,-33.454999999999998,-14.259520000000000,180.000000000000000,0.000000000000000,26569.535937311644375
2.024000,48,-89.581999999999994,-33.454999999999998,-12.560540000000000,180.000000000000000,0.000000000000000,24414.795419581463648
2.028000,48,-89.581999999999994,-33.454999999999998,-11.002190000000001,180.000000000000000,0.000000000000000,22351.160966280705907
2.032000,48,-89.581999999999994,-33.454999999999998,-9.578370000000000,180.000000000000000,0.000000000000000,20378.632577409371152
2.036000,48,-89.581999999999994,-33.454999999999998,-8.283010000000001,180.000000000000000,0.000000000000000,18497.210252967455745
2.040000,48,-89.581999999999994,-33.454999999999998,-7.110050000000000,180.000000000000000,0.000000000000000,16706.893992954963323
2.044000,48,-89.581999999999994,-33.454999999999998,-6.053400000000000,180.000000000000000,0.000000000000000,15007.683797371888431
2.048000,48,-89.581999999999994,-33.454999999999998,-5.107000000000000,180.000000000000000,0.000000000000000,13399.579666218238344
2.052000,48,-89.581999999999994,-33.454999999999998,-4.264760000000000,180.000000000000000,0.000000000000000,11882.581599494009424
2.056000,48,-89.581999999999994,-33.454999999999998,-3.520630000000000,180.000000000000000,0.000000000000000,10456.689597199201671
2.060000,48,-89.581999999999994,-33.454999999999998,-2.868510000000000,180.000000000000000,0.000000000000000,9121.903659333815085
2.064000,48,-89.581999999999994,-33.454999999999998,-2.302350000000000,180.000000000000000,0.000000000000000,7878.223785897849666
2.068000,48,-89.581999999999994,-33.454999999999998,-1.816060000000000,180.000000000000000,0.000000000000000,6725.649976891306324
2.072000,48,-89.581999999999994,-33.454999999999998,-1.403570000000000,180.000000000000000,0.000000000000000,5664.182232314185057
2.076000,48,-89.581999999999994,-33.454999999999998,-1.058810000000000,180.000000000000000,0.000000000000000,4693.820552166484049
2.080000,48,-89.581999999999994,-33.454999999999998,-0.775700000000000,180.000000000000000,0.000000000000000,3814.564936448205117
2.084000,48,-89.581999999999994,-33.454999999999998,-0.548180000000000,180.000000000000000,0.000000000000000,3026.415385159347352
2.088000,48,-89.581999999999994,-33.454999999999998,-0.370160000000000,180.000000000000000,0.000000000000000,2329.371898299911209
2.092000,48,-89.581999999999994,-33.454999999999998,-0.235570000000000,180.000000000000000,0.000000000000000,1723.434475869896687
2.096000,48,-89.581999999999994,-33.454999999999998,-0.138340000000000,180.000000000000000,0.000000000000000,1208.603117869303333
2.100000,48,-89.581999999999994,-33.454999999999998,-0.072400000000000,180.000000000000000,0.000000000000000,784.877824298131600
2.104000,48,-89.581999999999994,-33.454999999999998,-0.031670000000000,180.000000000000000,0.000000000000000,452.258595156381261
2.108000,48,-89.581999999999994,-33.454999999999998,-0.010070000000000,180.000000000000000,0.000000000000000,210.745430444052488
2.112000,48,-89.581999999999994,-33.454999999999998,-0.001540000000000,180.000000000000000,0.000000000000000,60.338330161145237
2.116000,48,-89.581999999999994,-33.454999999999998,0.000000000000000,180.000000000000000,0.000000000000000,1.037294307659454
2.120000,48,-89.581999999999994,-33.454999999999998,0.000000000000000,180.000000000000000,0.000000000000000,0.000000000000000
2.124000,48,-89.581999999999994,-33.454999999999998,0.000000000000000,180.000000000000000,0.000000000000000,0.000000000000000
2.128000,48,-89.581999999999994,-33.454999999999998,0.000000000000000,180.000000000000000,0.000000000000000,0.000000000000000
2.132000,48,-89.581999999999994,-33.454999999999998,0.000000000000000,180.000000000000000,0.000000000000000,0.000000000000000
2.136000,48,-89.581999999999994,-33.454999999999998,0.000000000000000,180.000000000000000,0.000000000000000,0.000000000000000
2.140000,48,-89.581999999999994,-33.454999999999998,0.000000000000000,180.000000000000000,0.000000000000000,0.000000000000000
2.144000,48,-89.581999999999994,-33.454999999999998,0.000000000000000,180.000000000000000,0.000000000000000,0.000000000000000
2.148000,48,-89.581999999999994,-33.454999999999998,0.000000000000000,180.000000000000000,0.000000000000000,0.000000000000000
2.152000,51,-89.581999999999994,-33.454999999999998,0.000000000000000,180.000000000000000,0.000000000000000,0.000000000000000
2.156000,-2,-89.581999999999994,-33.454999999999998,-0.000960000000000,180.000000000000000,0.000000000000000,43.199999999999996
2.160000,-2,-89.581999999999994,-33.454999999999998,-0.007680000000000,180.000000000000000,0.000000000000000,172.799999999999983
2.164000,-2,-89.581999999999994,-33.454999999999998,-0.025920000000000,180.000000000000000,0.000000000000000,388.799999999999955
2.168000,-2,-89.581999999999994,-33.454999999999998,-0.061440000000000,180.000000000000000,0.000000000000000,691.199999999999932
2.172000,-2,-89.581999999999994,-33.454999999999998,-0.120000000000000,180.000000000000000,0.000000000000000,1080.000000000000000
2.176000,-2,-89.581999999999994,-33.454999999999998,-0.207360000000000,180.000000000000000,0.000000000000000,1555.199999999999818
2.180000,-2,-89.581999999999994,-33.454999999999998,-0.329280000000000,180.000000000000000,0.000000000000000,2116.799999999999727
2.184000,-2,-89.581999999999994,-33.454999999999998,-0.491520000000000,180.000000000000000,0.000000000000000,2764.799999999999727
2.188000,-2,-89.581999999999994,-33.454999999999998,-0.699840000000000,180.000000000000000,0.000000000000000,3499.199999999999818
2.192000,-2,-89.581999999999994,-33.454999999999998,-0.960000000000000,180.000000000000000,0.000000000000000,4320.000000000000000
2.196000,-2,-89.581999999999994,-33.454999999999998,-1.277760000000000,180.000000000000000,0.000000000000000,5227.199999999999818
2.200000,-2,-89.581999999999994,-33.454999999999998,-1.658880000000000,180.000000000000000,0.000000000000000,6220.799999999999272
2.204000,-2,-89.581999999999994,-33.454999999999998,-2.109120000000000,180.000000000000000,0.000000000000000,7300.799999999999272
2.208000,-2,-89.581999999999994,-33.454999999999998,-2.634240000000000,180.000000000000000,0.000000000000000,8467.199999999998909
2.212000,-2,-89.581999999999994,-33.454999999999998,-3.239430000000000,180.000000000000000,0.000000000000000,9694.127517905857530
2.216000,-2,-89.581999999999994,-33.454999999999998,-3.926220000000000,180.000000000000000,0.000000000000000,10895.182553717571864
2.220000,-2,-89.581999999999994,-33.454999999999998,-4.690200000000000,180.000000000000000,0.000000000000000,12009.837589529286561
2.224000,-2,-89.581999999999994,-33.454999999999998,-5.525610000000000,180.000000000000000,0.000000000000000,13038.092625341001622
2.228000,-2,-89.581999999999994,-33.454999999999998,-6.426690000000000,180.000000000000000,0.000000000000000,13979.947661152717046
2.232000,-2,-89.581999999999994,-33.454999999999998,-7.387680000000000,180.000000000000000,0.000000000000000,14835.402696964432835
2.236000,-2,-89.581999999999994,-33.454999999999998,-8.402820000000000,180.000000000000000,0.000000000000000,15604.457732776147168
2.240000,-2,-89.581999999999994,-33.454999999999998,-9.466350000000000,180.000000000000000,0.000000000000000,16287.112768587861865
2.244000,-2,-89.581999999999994,-33.454999999999998,-10.572520000000001,180.000000000000000,0.000000000000000,16883.367804399578745
2.248000,-2,-89.581999999999994,-33.454999999999998,-11.715550000000000,180.000000000000000,0.000000000000000,17393.222840211292350
2.252000,-2,-89.581999999999994,-33.454999999999998,-12.889690000000000,180.000000000000000,0.000000000000000,17816.677876023008139
2.256000,-2,-89.581999999999994,-33.454999999999998,-14.089190000000000,180.000000000000000,0.000000000000000,18153.732911834722472
2.260000,-2,-89.581999999999994,-33.454999999999998,-15.308270000000000,180.000000000000000,0.000000000000000,18404.387947646438988
2.264000,-2,-89.581999999999994,-33.454999999999998,-16.541190000000000,180.000000000000000,0.000000000000000,18568.642983458154049
2.268000,-2,-89.581999999999994,-33.454999999999998,-17.782170000000001,180.000000000000000,0.000000000000000,18646.498019269867655
2.272000,-2,-89.581999999999994,-33.454999999999998,-19.025569999999998,180.000000000000000,0.000000000000000,18643.572761033130519
2.276000,-2,-89.581999999999994,-33.454999999999998,-20.266130000000000,180.000000000000000,0.000000000000000,18559.063486887735053
2.280000,-2,-89.581999999999994,-33.454999999999998,-21.498190000000001,180.000000000000000,0.000000000000000,18388.154212742338132
2.284000,-2,-89.581999999999994,-33.454999999999998,-22.715969999999999,180.000000000000000,0.000000000000000,18130.844938596943393
2.288000,-2,-89.581999999999994,-33.454999999999998,-23.913709999999998,180.000000000000000,0.000000000000000,17787.135664451547200
2.292000,-2,-89.581999999999994,-33.454999999999998,-25.085670000000000,180.000000000000000,0.000000000000000,17357.026390306153189
2.296000,-2,-89.581999999999994,-33.454999999999998,-26.226060000000000,180.000000000000000,0.000000000000000,16840.517116160757723
2.300000,-2,-89.581999999999994,-33.454999999999998,-27.329149999999998,180.000000000000000,0.000000000000000,16237.607842015360802
2.304000,-2,-89.581999999999994,-33.454999999999998,-28.389160000000000,180.000000000000000,0.000000000000000,15548.298567869966064
2.308000,-2,-89.581999999999994,-33.454999999999998,-29.400340000000000,180.000000000000000,0.000000000000000,14772.589293724569870
2.312000,-2,-89.581999999999994,-33.454999999999998,-30.356919999999999,180.000000000000000,0.000000000000000,13910.480019579174041
2.316000,-2,-89.581999999999994,-33.454999999999998,-31.253150000000002,180.000000000000000,0.000000000000000,12961.970745433778575
2.320000,-2,-89.581999999999994,-33.454999999999998,-32.083260000000003,180.000000000000000,0.000000000000000,11927.061471288383473
2.324000,-2,-89.581999999999994,-33.454999999999998,-32.841500000000003,180.000000000000000,0.000000000000000,10805.752197142988734
2.328000,-2,-89.581999999999994,-33.454999999999998,-33.522109999999998,180.000000000000000,0.000000000000000,9598.042922997592541
2.332000,-2,-89.581999999999994,-33.454999999999998,-34.120429999999999,180.000000000000000,0.000000000000000,8364.032247652197839
2.336000,-2,-89.581999999999994,-33.454999999999998,-34.639220000000002,180.000000000000000,0.000000000000000,7214.041243498083531
2.340000,-2,-89.581999999999994,-33.454999999999998,-35.084229999999998,180.000000000000000,0.000000000000000,6150.450239343969770
2.344000,-2,-89.581999999999994,-33.454999999999998,-35.461199999999998,180.000000000000000,0.000000000000000,5173.259235189856554
2.348000,-2,-89.581999999999994,-33.454999999999998,-35.775910000000003,180.000000000000000,0.000000000000000,4282.468231035742974
2.352000,-2,-89.581999999999994,-33.454999999999998,-36.034120000000001,180.000000000000000,0.000000000000000,3478.077226881629940
2.356000,-2,-89.581999999999994,-33.454999999999998,-36.241579999999999,180.000000000000000,0.000000000000000,2760.086222727516997
2.360000,-2,-89.581999999999994,-33.454999999999998,-36.404049999999998,180.000000000000000,0.000000000000000,2128.495218573403690
2.364000,-2,-89.581999999999994,-33.454999999999998,-36.527299999999997,180.000000000000000,0.000000000000000,1583.304214419290474
2.368000,-2,-89.581999999999994,-33.454999999999998,-36.617080000000001,180.000000000000000,0.000000000000000,1124.513210265177122
2.372000,-2,-89.581999999999994,-33.454999999999998,-36.679150000000000,180.000000000000000,0.000000000000000,752.122206111063974
2.376000,-2,-89.581999999999994,-33.454999999999998,-36.719279999999998,180.000000000000000,0.000000000000000,466.131201956950804
2.380000,-2,-89.581999999999994,-33.454999999999998,-36.743220000000001,180.000000000000000,0.000000000000000,266.540197802837611
2.384000,-2,-89.581999999999994,-33.454999999999998,-36.756740000000001,180.000000000000000,0.000000000000000,153.349193648724395
2.388000,-2,-89.581999999999994,-33.454999999999998,-36.765580000000000,180.000000000000000,0.000000000000000,125.000000000000000
2.392000,-2,-89.581999999999994,-33.454999999999998,-36.773919999999997,180.000000000000000,0.000000000000000,125.000000000000000
2.396000,-2,-89.581999999999994,-33.454999999999998,-36.782249999999998,180.000000000000000,0.000000000000000,125.000000000000000
2.400000,-2,-89.581999999999994,-33.454999999999998,-36.790579999999999,180.000000000000000,0.000000000000000,125.000000000000000
2.404000,-2,-89.581999999999994,-33.454999999999998,-36.798920000000003,180.000000000000000,0.000000000000000,125.000000000000000
2.408000,-2,-89.581999999999994,-33.454999999999998,-36.807250000000003,180.000000000000000,0.000000000000000,125.000000000000000
2.412000,-2,-89.581999999999994,-33.454999999999998,-36.815579999999997,180.000000000000000,0.000000000000000,125.000000000000000
2.416000,-2,-89.581999999999994,-33.454999999999998,-36.823920000000001,180.000000000000000,0.000000000000000,125.000000000000000
2.420000,-2,-89.581999999999994,-33.454999999999998,-36.832250000000002,180.000000000000000,0.000000000000000,125.000000000000000
2.424000,-2,-89.581999999999994,-33.454999999999998,-36.840580000000003,180.000000000000000,0.000000000000000,125.000000000000000
2.428000,-2,-89.581999999999994,-33.454999999999998,-36.848920000000000,180.000000000000000,0.000000000000000,125.000000000000000
2.432000,-2,-89.581999999999994,-33.454999999999998,-36.857250000000001,180.000000000000000,0.000000000000000,125.000000000000000
2.436000,-2,-89.581999999999994,-33.454999999999998,-36.865580000000001,180.000000000000000,0.000000000000000,125.000000000000000
2.440000,-2,-89.581999999999994,-33.454999999999998,-36.873919999999998,180.000000000000000,0.000000000000000,125.000000000000000
2.444000,-2,-89.581999999999994,-33.454999999999998,-36.882249999999999,180.000000000000000,0.000000000000000,125.000000000000000
2.448000,-2,-89.581999999999994,-33.454999999999998,-36.890580000000000,180.000000000000000,0.000000000000000,125.000000000000000
2.452000,-2,-89.581999999999994,-33.454999999999998,-36.898919999999997,180.000000000000000,0.000000000000000,125.000000000000000
2.456000,-2,-89.581999999999994,-33.454999999999998,-36.907249999999998,180.000000000000000,0.000000000000000,125.000000000000000
2.460000,-2,-89.581999999999994,-33.454999999999998,-36.915579999999999,180.000000000000000,0.000000000000000,125.000000000000000
2.464000,-2,-89.581999999999994,-33.454999999999998,-36.923920000000003,180.000000000000000,0.000000000000000,125.000000000000000
2.468000,-2,-89.581999999999994,-33.454999999999998,-36.932250000000003,180.000000000000000,0.000000000000000,125.000000000000000
2.472000,-2,-89.581999999999994,-33.454999999999998,-36.940579999999997,180.000000000000000,0.000000000000000,125.000000000000000
2.476000,-2,-89.581999999999994,-33.454999999999998,-36.948920000000001,180.000000000000000,0.000000000000000,125.000000000000000
2.480000,-2,-89.581999999999994,-33.454999999999998,-36.957250000000002,180.000000000000000,0.000000000000000,125.000000000000000
2.484000,-2,-89.581999999999994,-33.454999999999998,-36.965580000000003,180.000000000000000,0.000000000000000,125.000000000000000
2.488000,-2,-89.581999999999994,-33.454999999999998,-36.973920000000000,180.000000000000000,0.000000000000000,125.000000000000000
2.492000,-2,-89.581999999999994,-33.454999999999998,-36.982250000000001,180.000000000000000,0.000000000000000,125.000000000000000
2.496000,-2,-89.581999999999994,-33.454999999999998,-36.990580000000001,180.000000000000000,0.000000000000000,125.000000000000000
2.500000,-2,-89.581999999999994,-33.454999999999998,-36.998919999999998,180.000000000000000,0.000000000000000,125.000000000000000
2.504000,-2,-89.581999999999994,-33.454999999999998,-37.007249999999999,180.000000000000000,0.000000000000000,125.000000000000000
2.508000,-2,-89.581999999999994,-33.454999999999998,-37.015580000000000,180.000000000000000,0.000000000000000,125.000000000000000
2.512000,-2,-89.581999999999994,-33.454999999999998,-37.023919999999997,180.000000000000000,0.000000000000000,125.000000000000000
2.516000,-2,-89.581999999999994,-33.454999999999998,-37.032249999999998,180.000000000000000,0.000000000000000,125.000000000000000
2.520000,-2,-89.581999999999994,-33.454999999999998,-37.040579999999999,180.000000000000000,0.000000000000000,125.000000000000000
2.524000,-2,-89.581999999999994,-33.454999999999998,-37.048920000000003,180.000000000000000,0.000000000000000,125.000000000000000
2.528000,-2,-89.581999999999994,-33.454999999999998,-37.057250000000003,180.000000000000000,0.000000000000000,125.000000000000000
2.532000,-2,-89.581999999999994,-33.454999999999998,-37.065579999999997,180.000000000000000,0.000000000000000,125.000000000000000
2.536000,-2,-89.581999999999994,-33.454999999999998,-37.073920000000001,180.000000000000000,0.000000000000000,125.000000000000000
2.540000,-2,-89.581999999999994,-33.454999999999998,-37.082250000000002,180.000000000000000,0.000000000000000,125.000000000000000
2.544000,-2,-89.581999999999994,-33.454999999999998,-37.090580000000003,180.000000000000000,0.000000000000000,125.000000000000000
2.548000,-2,-89.581999999999994,-33.454999999999998,-37.098920000000000,180.000000000000000,0.000000000000000,125.000000000000000
2.552000,-2,-89.581999999999994,-33.454999999999998,-37.107250000000001,180.000000000000000,0.000000000000000,125.000000000000000
2.556000,-2,-89.581999999999994,-33.454999999999998,-37.115580000000001,180.000000000000000,0.000000000000000,125.000000000000000
2.560000,-2,-89.581999999999994,-33.454999999999998,-37.123919999999998,180.000000000000000,0.000000000000000,125.000000000000000
2.564000,-2,-89.581999999999994,-33.454999999999998,-37.132249999999999,180.000000000000000,0.000000000000000,125.000000000000000
2.568000,-2,-89.581999999999994,-33.454999999999998,-37.140580000000000,180.000000000000000,0.000000000000000,125.000000000000000
2.572000,-2,-89.581999999999994,-33.454999999999998,-37.148919999999997,180.000000000000000,0.000000000000000,125.000000000000000
2.576000,-2,-89.581999999999994,-33.454999999999998,-37.157249999999998,180.000000000000000,0.000000000000000,125.000000000000000
2.580000,-2,-89.581999999999994,-33.454999999999998,-37.165579999999999,180.000000000000000,0.000000000000000,125.000000000000000
2.584000,-2,-89.581999999999994,-33.454999999999998,-37.173920000000003,180.000000000000000,0.000000000000000,125.000000000000000
2.588000,-2,-89.581999999999994,-33.454999999999998,-37.182250000000003,180.000000000000000,0.000000000000000,125.000000000000000
2.592000,-2,-89.581999999999994,-33.454999999999998,-37.190579999999997,180.000000000000000,0.000000000000000,125.000000000000000
2.596000,-2,-89.581999999999994,-33.454999999999998,-37.198920000000001,180.000000000000000,0.000000000000000,125.000000000000000
2.600000,-2,-89.581999999999994,-33.454999999999998,-37.207250000000002,180.000000000000000,0.000000000000000,125.000000000000000
2.604000,-2,-89.581999999999994,-33.454999999999998,-37.215580000000003,180.000000000000000,0.000000000000000,125.000000000000000
2.608000,-2,-89.581999999999994,-33.454999999999998,-37.223920000000000,180.000000000000000,0.000000000000000,125.000000000000000
2.612000,-2,-89.581999999999994,-33.454999999999998,-37.232250000000001,180.000000000000000,0.000000000000000,125.000000000000000
2.616000,-2,-89.581999999999994,-33.454999999999998,-37.240580000000001,180.000000000000000,0.000000000000000,125.000000000000000
2.620000,-2,-89.581999999999994,-33.454999999999998,-37.248919999999998,180.000000000000000,0.000000000000000,125.000000000000000
2.624000,-2,-89.581999999999994,-33.454999999999998,-37.257249999999999,180.000000000000000,0.000000000000000,125.000000000000000
2.628000,-2,-89.581999999999994,-33.454999999999998,-37.265580000000000,180.000000000000000,0.000000000000000,125.000000000000000
2.632000,-2,-89.581999999999994,-33.454999999999998,-37.273919999999997,180.000000000000000,0.000000000000000,125.000000000000000
2.636000,-2,-89.581999999999994,-33.454999999999998,-37.282249999999998,180.000000000000000,0.000000000000000,125.000000000000000
2.640000,-2,-89.581999999999994,-33.454999999999998,-37.290579999999999,180.000000000000000,0.000000000000000,125.000000000000000
2.644000,-2,-89.581999999999994,-33.454999999999998,-37.298920000000003,180.000000000000000,0.000000000000000,125.000000000000000
2.648000,-2,-89.581999999999994,-33.454999999999998,-37.307250000000003,180.000000000000000,0.000000000000000,125.000000000000000
2.652000,-2,-89.581999999999994,-33.454999999999998,-37.315579999999997,180.000000000000000,0.000000000000000,125.000000000000000
2.656000,-2,-89.581999999999994,-33.454999999999998,-37.323920000000001,180.000000000000000,0.000000000000000,125.000000000000000
2.660000,-2,-89.581999999999994,-33.454999999999998,-37.332250000000002,180.000000000000000,0.000000000000000,125.000000000000000
2.664000,-2,-89.581999999999994,-33.454999999999998,-37.340580000000003,180.000000000000000,0.000000000000000,125.000000000000000
2.668000,-2,-89.581999999999994,-33.454999999999998,-37.348920000000000,180.000000000000000,0.000000000000000,125.000000000000000
2.672000,-2,-89.581999999999994,-33.454999999999998,-37.357250000000001,180.000000000000000,0.000000000000000,125.000000000000000
2.676000,-2,-89.581999999999994,-33.454999999999998,-37.365580000000001,180.000000000000000,0.000000000000000,125.000000000000000
2.680000,-2,-89.581999999999994,-33.454999999999998,-37.373919999999998,180.000000000000000,0.000000000000000,125.000000000000000
2.684000,-2,-89.581999999999994,-33.454999999999998,-37.382249999999999,180.000000000000000,0.000000000000000,125.000000000000000
2.688000,-2,-89.581999999999994,-33.454999999999998,-37.390580000000000,180.000000000000000,0.000000000000000,125.000000000000000
2.692000,-2,-89.581999999999994,-33.454999999999998,-37.398919999999997,180.000000000000000,0.000000000000000,125.000000000000000
2.696000,-2,-89.581999999999994,-33.454999999999998,-37.407249999999998,180.000000000000000,0.000000000000000,125.000000000000000
2.700000,-2,-89.581999999999994,-33.454999999999998,-37.415579999999999,180.000000000000000,0.000000000000000,125.000000000000000
2.704000,-2,-89.581999999999994,-33.454999999999998,-37.423920000000003,180.000000000000000,0.000000000000000,125.000000000000000
2.708000,-2,-89.581999999999994,-33.454999999999998,-37.432250000000003,180.000000000000000,0.000000000000000,125.000000000000000
2.712000,-2,-89.581999999999994,-33.454999999999998,-37.440579999999997,180.000000000000000,0.000000000000000,125.000000000000000
2.716000,-2,-89.581999999999994,-33.454999999999998,-37.448920000000001,180.000000000000000,0.000000000000000,125.000000000000000
2.720000,-2,-89.581999999999994,-33.454999999999998,-37.457250000000002,180.000000000000000,0.000000000000000,125.000000000000000
2.724000,-2,-89.581999999999994,-33.454999999999998,-37.465580000000003,180.000000000000000,0.000000000000000,125.000000000000000
2.728000,-2,-89.581999999999994,-33.454999999999998,-37.473920000000000,180.000000000000000,0.000000000000000,125.000000000000000
2.732000,-2,-89.581999999999994,-33.454999999999998,-37.482250000000001,180.000000000000000,0.000000000000000,125.000000000000000
2.736000,-2,-89.581999999999994,-33.454999999999998,-37.490580000000001,180.000000000000000,0.000000000000000,125.000000000000000
2.740000,-2,-89.581999999999994,-33.454999999999998,-37.498919999999998,180.000000000000000,0.000000000000000,125.000000000000000
2.744000,-2,-89.581999999999994,-33.454999999999998,-37.507249999999999,180.000000000000000,0.000000000000000,125.000000000000000
2.748000,-2,-89.581999999999994,-33.454999999999998,-37.515580000000000,180.000000000000000,0.000000000000000,125.000000000000000
2.752000,-2,-89.581999999999994,-33.454999999999998,-37.523919999999997,180.000000000000000,0.000000000000000,125.000000000000000
2.756000,-2,-89.581999999999994,-33.454999999999998,-37.532249999999998,180.000000000000000,0.000000000000000,125.000000000000000
2.760000,-2,-89.581999999999994,-33.454999999999998,-37.540579999999999,180.000000000000000,0.000000000000000,125.000000000000000
2.764000,-2,-89.581999999999994,-33.454999999999998,-37.548920000000003,180.000000000000000,0.000000000000000,125.000000000000000
2.768000,-2,-89.581999999999994,-33.454999999999998,-37.557250000000003,180.000000000000000,0.000000000000000,125.000000000000000
2.772000,-2,-89.581999999999994,-33.454999999999998,-37.565579999999997,180.000000000000000,0.000000000000000,125.000000000000000
2.776000,-2,-89.581999999999994,-33.454999999999998,-37.573920000000001,180.000000000000000,0.000000000000000,125.000000000000000
2.780000,-2,-89.581999999999994,-33.454999999999998,-37.582250000000002,180.000000000000000,0.000000000000000,125.000000000000000
2.784000,-2,-89.581999999999994,-33.454999999999998,-37.590580000000003,180.000000000000000,0.000000000000000,125.000000000000000
2.788000,-2,-89.581999999999994,-33.454999999999998,-37.598920000000000,180.000000000000000,0.000000000000000,125.000000000000000
2.792000,-2,-89.581999999999994,-33.454999999999998,-37.607250000000001,180.000000000000000,0.000000000000000,125.000000000000000
2.796000,-2,-89.581999999999994,-33.454999999999998,-37.615580000000001,180.000000000000000,0.000000000000000,125.000000000000000
2.800000,-2,-89.581999999999994,-33.454999999999998,-37.623919999999998,180.000000000000000,0.000000000000000,125.000000000000000
2.804000,-2,-89.581999999999994,-33.454999999999998,-37.632249999999999,180.000000000000000,0.000000000000000,125.000000000000000
2.808000,-2,-89.581999999999994,-33.454999999999998,-37.640580000000000,180.000000000000000,0.000000000000000,125.000000000000000
2.812000,-2,-89.581999999999994,-33.454999999999998,-37.648919999999997,180.000000000000000,0.000000000000000,125.000000000000000
2.816000,-2,-89.581999999999994,-33.454999999999998,-37.657249999999998,180.000000000000000,0.000000000000000,125.000000000000000
2.820000,-2,-89.581999999999994,-33.454999999999998,-37.665579999999999,180.000000000000000,0.000000000000000,125.000000000000000
2.824000,-2,-89.581999999999994,-33.454999999999998,-37.673920000000003,180.000000000000000,0.000000000000000,125.000000000000000
2.828000,-2,-89.581999999999994,-33.454999999999998,-37.682250000000003,180.000000000000000,0.000000000000000,125.000000000000000
2.832000,-2,-89.581999999999994,-33.454999999999998,-37.690579999999997,180.000000000000000,0.000000000000000,125.000000000000000
2.836000,-2,-89.581999999999994,-33.454999999999998,-37.698920000000001,180.000000000000000,0.000000000000000,125.000000000000000
2.840000,-2,-89.581999999999994,-33.454999999999998,-37.707250000000002,180.000000000000000,0.000000000000000,125.000000000000000
2.844000,-2,-89.581999999999994,-33.454999999999998,-37.715580000000003,180.000000000000000,0.000000000000000,125.000000000000000
2.848000,-2,-89.581999999999994,-33.454999999999998,-37.723920000000000,180.000000000000000,0.000000000000000,125.000000000000000
2.852000,-2,-89.581999999999994,-33.454999999999998,-37.732250000000001,180.000000000000000,0.000000000000000,125.000000000000000
2.856000,-2,-89.581999999999994,-33.454999999999998,-37.740580000000001,180.000000000000000,0.000000000000000,125.000000000000000
2.860000,-2,-89.581999999999994,-33.454999999999998,-37.748919999999998,180.000000000000000,0.000000000000000,125.000000000000000
2.864000,-2,-89.581999999999994,-33.454999999999998,-37.757249999999999,180.000000000000000,0.000000000000000,125.000000000000000
2.868000,-2,-89.581999999999994,-33.454999999999998,-37.765580000000000,180.000000000000000,0.000000000000000,125.000000000000000
2.872000,-2,-89.581999999999994,-33.454999999999998,-37.773919999999997,180.000000000000000,0.000000000000000,125.000000000000000
2.876000,-2,-89.581999999999994,-33.454999999999998,-37.782249999999998,180.000000000000000,0.000000000000000,125.000000000000000
2.880000,-2,-89.581999999999994,-33.454999999999998,-37.790579999999999,180.000000000000000,0.000000000000000,125.000000000000000
2.884000,-2,-89.581999999999994,-33.454999999999998,-37.798920000000003,180.000000000000000,0.000000000000000,125.000000000000000
2.888000,-2,-89.581999999999994,-33.454999999999998,-37.807250000000003,180.000000000000000,0.000000000000000,125.000000000000000
2.892000,-2,-89.581999999999994,-33.454999999999998,-37.815579999999997,180.000000000000000,0.000000000000000,125.000000000000000
2.896000,-2,-89.581999999999994,-33.454999999999998,-37.823920000000001,180.000000000000000,0.000000000000000,125.000000000000000
2.900000,-2,-89.581999999999994,-33.454999999999998,-37.832250000000002,180.000000000000000,0.000000000000000,125.000000000000000
2.904000,-2,-89.581999999999994,-33.454999999999998,-37.840580000000003,180.000000000000000,0.000000000000000,125.000000000000000
2.908000,-2,-89.581999999999994,-33.454999999999998,-37.848920000000000,180.000000000000000,0.000000000000000,125.000000000000000
2.912000,-2,-89.581999999999994,-33.454999999999998,-37.857250000000001,180.000000000000000,0.000000000000000,125.000000000000000
2.916000,-2,-89.581999999999994,-33.454999999999998,-37.865580000000001,180.000000000000000,0.000000000000000,125.000000000000000
2.920000,-2,-89.581999999999994,-33.454999999999998,-37.873919999999998,180.000000000000000,0.000000000000000,125.000000000000000
2.924000,-2,-89.581999999999994,-33.454999999999998,-37.882249999999999,180.000000000000000,0.000000000000000,125.000000000000000
2.928000,-2,-89.581999999999994,-33.454999999999998,-37.890580000000000,180.000000000000000,0.000000000000000,125.000000000000000
2.932000,-2,-89.581999999999994,-33.454999999999998,-37.898919999999997,180.000000000000000,0.000000000000000,125.000000000000000
2.936000,-2,-89.581999999999994,-33.454999999999998,-37.907249999999998,180.000000000000000,0.000000000000000,125.000000000000000
2.940000,-2,-89.581999999999994,-33.454999999999998,-37.915579999999999,180.000000000000000,0.000000000000000,125.000000000000000
2.944000,-2,-89.581999999999994,-33.454999999999998,-37.923920000000003,180.000000000000000,0.000000000000000,125.000000000000000
2.948000,-2,-89.581999999999994,-33.454999999999998,-37.932250000000003,180.000000000000000,0.000000000000000,125.000000000000000
2.952000,-2,-89.581999999999994,-33.454999999999998,-37.940579999999997,180.000000000000000,0.000000000000000,125.000000000000000
2.956000,-2,-89.581999999999994,-33.454999999999998,-37.948920000000001,180.000000000000000,0.000000000000000,125.000000000000000
2.960000,-2,-89.581999999999994,-33.454999999999998,-37.957250000000002,180.000000000000000,0.000000000000000,125.000000000000000
2.964000,-2,-89.581999999999994,-33.454999999999998,-37.965580000000003,180.000000000000000,0.000000000000000,125.000000000000000
2.968000,-2,-89.581999999999994,-33.454999999999998,-37.973920000000000,180.000000000000000,0.000000000000000,125.000000000000000
2.972000,-2,-89.581999999999994,-33.454999999999998,-37.982250000000001,180.000000000000000,0.000000000000000,125.000000000000000
2.976000,-2,-89.581999999999994,-33.454999999999998,-37.990580000000001,180.000000000000000,0.000000000000000,125.000000000000000
2.980000,-2,-89.581999999999994,-33.454999999999998,-37.998919999999998,180.000000000000000,0.000000000000000,125.000000000000000
2.984000,-2,-89.581999999999994,-33.454999999999998,-38.007249999999999,180.000000000000000,0.000000000000000,125.000000000000000
2.988000,-2,-89.581999999999994,-33.454999999999998,-38.015580000000000,180.000000000000000,0.000000000000000,125.000000000000000
2.992000,-2,-89.581999999999994,-33.454999999999998,-38.023919999999997,180.000000000000000,0.000000000000000,125.000000000000000
2.996000,-2,-89.581999999999994,-33.454999999999998,-38.032249999999998,180.000000000000000,0.000000000000000,125.000000000000000
3.000000,-2,-89.581999999999994,-33.454999999999998,-38.040579999999999,180.000000000000000,0.000000000000000,125.000000000000000
3.004000,-2,-89.581999999999994,-33.454999999999998,-38.048920000000003,180.000000000000000,0.000000000000000,125.000000000000000
3.008000,-2,-89.581999999999994,-33.454999999999998,-38.057250000000003,180.000000000000000,0.000000000000000,125.000000000000000
3.012000,-2,-89.581999999999994,-33.454999999999998,-38.065579999999997,180.000000000000000,0.000000000000000,125.000000000000000
3.016000,-2,-89.581999999999994,-33.454999999999998,-38.073920000000001,180.000000000000000,0.000000000000000,125.000000000000000
3.020000,-2,-89.581999999999994,-33.454999999999998,-38.082250000000002,180.000000000000000,0.000000000000000,125.000000000000000
3.024000,-2,-89.581999999999994,-33.454999999999998,-38.090580000000003,180.000000000000000,0.000000000000000,125.000000000000000
3.028000,-2,-89.581999999999994,-33.454999999999998,-38.098920000000000,180.000000000000000,0.000000000000000,125.000000000000000
3.032000,-2,-89.581999999999994,-33.454999999999998,-38.107250000000001,180.000000000000000,0.000000000000000,125.000000000000000
3.036000,-2,-89.581999999999994,-33.454999999999998,-38.115580000000001,180.000000000000000,0.000000000000000,125.000000000000000
3.040000,-2,-89.581999999999994,-33.454999999999998,-38.123919999999998,180.000000000000000,0.000000000000000,125.000000000000000
3.044000,-2,-89.581999999999994,-33.454999999999998,-38.132249999999999,180.000000000000000,0.000000000000000,125.000000000000000
3.048000,-2,-89.581999999999994,-33.454999999999998,-38.140580000000000,180.000000000000000,0.000000000000000,125.000000000000000
3.052000,-2,-89.581999999999994,-33.454999999999998,-38.148919999999997,180.000000000000000,0.000000000000000,125.000000000000000
3.056000,-2,-89.581999999999994,-33.454999999999998,-38.157249999999998,180.000000000000000,0.000000000000000,125.000000000000000
3.060000,-2,-89.581999999999994,-33.454999999999998,-38.165579999999999,180.000000000000000,0.000000000000000,125.000000000000000
3.064000,-2,-89.581999999999994,-33.454999999999998,-38.173920000000003,180.000000000000000,0.000000000000000,125.000000000000000
3.068000,-2,-89.581999999999994,-33.454999999999998,-38.182250000000003,180.000000000000000,0.000000000000000,125.000000000000000
3.072000,-2,-89.581999999999994,-33.454999999999998,-38.190579999999997,180.000000000000000,0.000000000000000,125.000000000000000
3.076000,-2,-89.581999999999994,-33.454999999999998,-38.198920000000001,180.000000000000000,0.000000000000000,125.000000000000000
3.080000,-2,-89.581999999999994,-33.454999999999998,-38.207250000000002,180.000000000000000,0.000000000000000,125.000000000000000
3.084000,-2,-89.581999999999994,-33.454999999999998,-38.215580000000003,180.000000000000000,0.000000000000000,125.000000000000000
3.088000,-2,-89.581999999999994,-33.454999999999998,-38.223920000000000,180.000000000000000,0.000000000000000,125.000000000000000
3.092000,-2,-89.581999999999994,-33.454999999999998,-38.232250000000001,180.000000000000000,0.000000000000000,125.000000000000000
3.096000,-2,-89.581999999999994,-33.454999999999998,-38.240580000000001,180.000000000000000,0.000000000000000,125.000000000000000
3.100000,-2,-89.581999999999994,-33.454999999999998,-38.248919999999998,180.000000000000000,0.000000000000000,125.000000000000000
3.104000,-2,-89.581999999999994,-33.454999999999998,-38.257249999999999,180.000000000000000,0.000000000000000,125.000000000000000
3.108000,-2,-89.581999999999994,-33.454999999999998,-38.265580000000000,180.000000000000000,0.000000000000000,125.000000000000000
3.112000,-2,-89.581999999999994,-33.454999999999998,-38.273919999999997,180.000000000000000,0.000000000000000,125.000000000000000
3.116000,-2,-89.581999999999994,-33.454999999999998,-38.282249999999998,180.000000000000000,0.000000000000000,125.000000000000000
3.120000,-2,-89.581999999999994,-33.454999999999998,-38.290579999999999,180.000000000000000,0.000000000000000,125.000000000000000
3.124000,-2,-89.581999999999994,-33.454999999999998,-38.298920000000003,180.000000000000000,0.000000000000000,125.000000000000000
3.128000,-2,-89.581999999999994,-33.454999999999998,-38.307250000000003,180.000000000000000,0.000000000000000,125.000000000000000
3.132000,-2,-89.581999999999994,-33.454999999999998,-38.315579999999997,180.000000000000000,0.000000000000000,125.000000000000000
3.136000,-2,-89.581999999999994,-33.454999999999998,-38.323920000000001,180.000000000000000,0.000000000000000,125.000000000000000
3.140000,-2,-89.581999999999994,-33.454999999999998,-38.332250000000002,180.000000000000000,0.000000000000000,125.000000000000000
3.144000,-2,-89.581999999999994,-33.454999999999998,-38.340580000000003,180.000000000000000,0.000000000000000,125.000000000000000
3.148000,-2,-89.581999999999994,-33.454999999999998,-38.348920000000000,180.000000000000000,0.000000000000000,125.000000000000000
3.152000,-2,-89.581999999999994,-33.454999999999998,-38.357250000000001,180.000000000000000,0.000000000000000,125.000000000000000
3.156000,-2,-89.581999999999994,-33.454999999999998,-38.365580000000001,180.000000000000000,0.000000000000000,125.000000000000000
3.160000,-2,-89.581999999999994,-33.454999999999998,-38.373919999999998,180.000000000000000,0.000000000000000,125.000000000000000
3.164000,-2,-89.581999999999994,-33.454999999999998,-38.382249999999999,180.000000000000000,0.000000000000000,125.000000000000000
3.168000,-2,-89.581999999999994,-33.454999999999998,-38.390580000000000,180.000000000000000,0.000000000000000,125.000000000000000
3.172000,-2,-89.581999999999994,-33.454999999999998,-38.398919999999997,180.000000000000000,0.000000000000000,125.000000000000000
3.176000,-2,-89.581999999999994,-33.454999999999998,-38.407249999999998,180.000000000000000,0.000000000000000,125.000000000000000
3.180000,-2,-89.581999999999994,-33.454999999999998,-38.415579999999999,180.000000000000000,0.000000000000000,125.000000000000000
3.184000,-2,-89.581999999999994,-33.454999999999998,-38.423920000000003,180.000000000000000,0.000000000000000,125.000000000000000
3.188000,-2,-89.581999999999994,-33.454999999999998,-38.432250000000003,180.000000000000000,0.000000000000000,125.000000000000000
3.192000,-2,-89.581999999999994,-33.454999999999998,-38.440579999999997,180.000000000000000,0.000000000000000,125.000000000000000
3.196000,-2,-89.581999999999994,-33.454999999999998,-38.448920000000001,180.000000000000000,0.000000000000000,125.000000000000000
3.200000,-2,-89.581999999999994,-33.454999999999998,-38.457250000000002,180.000000000000000,0.000000000000000,125.000000000000000
3.204000,-2,-89.581999999999994,-33.454999999999998,-38.465580000000003,180.000000000000000,0.000000000000000,125.000000000000000
3.208000,-2,-89.581999999999994,-33.454999999999998,-38.473920000000000,180.000000000000000,0.000000000000000,125.000000000000000
3.212000,-2,-89.581999999999994,-33.454999999999998,-38.482250000000001,180.000000000000000,0.000000000000000,125.000000000000000
3.216000,-2,-89.581999999999994,-33.454999999999998,-38.490580000000001,180.000000000000000,0.000000000000000,125.000000000000000
3.220000,-2,-89.581999999999994,-33.454999999999998,-38.498919999999998,180.000000000000000,0.000000000000000,125.000000000000000
3.224000,-2,-89.581999999999994,-33.454999999999998,-38.507249999999999,180.000000000000000,0.000000000000000,125.000000000000000
3.228000,-2,-89.581999999999994,-33.454999999999998,-38.515580000000000,180.000000000000000,0.000000000000000,125.000000000000000
3.232000,-2,-89.581999999999994,-33.454999999999998,-38.523919999999997,180.000000000000000,0.000000000000000,125.000000000000000
3.236000,-2,-89.581999999999994,-33.454999999999998,-38.532249999999998,180.000000000000000,0.000000000000000,125.000000000000000
3.240000,-2,-89.581999999999994,-33.454999999999998,-38.540579999999999,180.000000000000000,0.000000000000000,125.000000000000000
3.244000,-2,-89.581999999999994,-33.454999999999998,-38.548920000000003,180.000000000000000,0.000000000000000,125.000000000000000
3.248000,-2,-89.581999999999994,-33.454999999999998,-38.557250000000003,180.000000000000000,0.000000000000000,125.000000000000000
3.252000,-2,-89.581999999999994,-33.454999999999998,-38.565579999999997,180.000000000000000,0.000000000000000,125.000000000000000
3.256000,-2,-89.581999999999994,-33.454999999999998,-38.573920000000001,180.000000000000000,0.000000000000000,125.000000000000000
3.260000,-2,-89.581999999999994,-33.454999999999998,-38.582250000000002,180.000000000000000,0.000000000000000,125.000000000000000
3.264000,-2,-89.581999999999994,-33.454999999999998,-38.590580000000003,180.000000000000000,0.000000000000000,125.000000000000000
3.268000,-2,-89.581999999999994,-33.454999999999998,-38.598920000000000,180.000000000000000,0.000000000000000,125.000000000000000
3.272000,-2,-89.581999999999994,-33.454999999999998,-38.607250000000001,180.000000000000000,0.000000000000000,125.000000000000000
3.276000,-2,-89.581999999999994,-33.454999999999998,-38.615580000000001,180.000000000000000,0.000000000000000,125.000000000000000
3.280000,-2,-89.581999999999994,-33.454999999999998,-38.623919999999998,180.000000000000000,0.000000000000000,125.000000000000000
3.284000,-2,-89.581999999999994,-33.454999999999998,-38.632249999999999,180.000000000000000,0.000000000000000,125.000000000000000
3.288000,-2,-89.581999999999994,-33.454999999999998,-38.640580000000000,180.000000000000000,0.000000000000000,125.000000000000000
3.292000,-2,-89.581999999999994,-33.454999999999998,-38.648919999999997,180.000000000000000,0.000000000000000,125.000000000000000
3.296000,-2,-89.581999999999994,-33.454999999999998,-38.657249999999998,180.000000000000000,0.000000000000000,125.000000000000000
3.300000,-2,-89.581999999999994,-33.454999999999998,-38.665579999999999,180.000000000000000,0.000000000000000,125.000000000000000
3.304000,-2,-89.581999999999994,-33.454999999999998,-38.673920000000003,180.000000000000000,0.000000000000000,125.000000000000000
3.308000,-2,-89.581999999999994,-33.454999999999998,-38.682250000000003,180.000000000000000,0.000000000000000,125.000000000000000
3.312000,-2,-89.581999999999994,-33.454999999999998,-38.690579999999997,180.000000000000000,0.000000000000000,125.000000000000000
3.316000,-2,-89.581999999999994,-33.454999999999998,-38.698920000000001,180.000000000000000,0.000000000000000,125.000000000000000
3.320000,-2,-89.581999999999994,-33.454999999999998,-38.707250000000002,180.000000000000000,0.000000000000000,125.000000000000000
3.324000,-2,-89.581999999999994,-33.454999999999998,-38.715580000000003,180.000000000000000,0.000000000000000,125.000000000000000
3.328000,-2,-89.581999999999994,-33.454999999999998,-38.723920000000000,180.000000000000000,0.000000000000000,125.000000000000000
3.332000,-2,-89.581999999999994,-33.454999999999998,-38.732250000000001,180.000000000000000,0.000000000000000,125.000000000000000
3.336000,-2,-89.581999999999994,-33.454999999999998,-38.740580000000001,180.000000000000000,0.000000000000000,125.000000000000000
3.340000,-2,-89.581999999999994,-33.454999999999998,-38.748919999999998,180.000000000000000,0.000000000000000,125.000000000000000
3.344000,-2,-89.581999999999994,-33.454999999999998,-38.757249999999999,180.000000000000000,0.000000000000000,125.000000000000000
3.348000,-2,-89.581999999999994,-33.454999999999998,-38.765580000000000,180.000000000000000,0.000000000000000,125.000000000000000
3.352000,-2,-89.581999999999994,-33.454999999999998,-38.773919999999997,180.000000000000000,0.000000000000000,125.000000000000000
3.356000,-2,-89.581999999999994,-33.454999999999998,-38.782249999999998,180.000000000000000,0.000000000000000,125.000000000000000
3.360000,-2,-89.581999999999994,-33.454999999999998,-38.790579999999999,180.000000000000000,0.000000000000000,125.000000000000000
3.364000,-2,-89.581999999999994,-33.454999999999998,-38.798920000000003,180.000000000000000,0.000000000000000,125.000000000000000
3.368000,-2,-89.581999999999994,-33.454999999999998,-38.807250000000003,180.000000000000000,0.000000000000000,125.000000000000000
3.372000,-2,-89.581999999999994,-33.454999999999998,-38.815579999999997,180.000000000000000,0.000000000000000,125.000000000000000
3.376000,-2,-89.581999999999994,-33.454999999999998,-38.823920000000001,180.000000000000000,0.000000000000000,125.000000000000000
3.380000,-2,-89.581999999999994,-33.454999999999998,-38.832250000000002,180.000000000000000,0.000000000000000,125.000000000000000
3.384000,-2,-89.581999999999994,-33.454999999999998,-38.840580000000003,180.000000000000000,0.000000000000000,125.000000000000000
3.388000,-2,-89.581999999999994,-33.454999999999998,-38.848920000000000,180.000000000000000,0.000000000000000,125.000000000000000
3.392000,-2,-89.581999999999994,-33.454999999999998,-38.857250000000001,180.000000000000000,0.000000000000000,125.000000000000000
3.396000,-2,-89.581999999999994,-33.454999999999998,-38.865580000000001,180.000000000000000,0.000000000000000,125.000000000000000
3.400000,-2,-89.581999999999994,-33.454999999999998,-38.873919999999998,180.000000000000000,0.000000000000000,125.000000000000000
3.404000,-2,-89.581999999999994,-33.454999999999998,-38.882249999999999,180.000000000000000,0.000000000000000,125.000000000000000
3.408000,-2,-89.581999999999994,-33.454999999999998,-38.890580000000000,180.000000000000000,0.000000000000000,125.000000000000000
3.412000,-2,-89.581999999999994,-33.454999999999998,-38.898919999999997,180.000000000000000,0.000000000000000,125.000000000000000
3.416000,-2,-89.581999999999994,-33.454999999999998,-38.907249999999998,180.000000000000000,0.000000000000000,125.000000000000000
3.420000,-2,-89.581999999999994,-33.454999999999998,-38.915579999999999,180.000000000000000,0.000000000000000,125.000000000000000
3.424000,-2,-89.581999999999994,-33.454999999999998,-38.923920000000003,180.000000000000000,0.000000000000000,125.000000000000000
3.428000,-2,-89.581999999999994,-33.454999999999998,-38.932250000000003,180.000000000000000,0.000000000000000,125.000000000000000
3.432000,-2,-89.581999999999994,-33.454999999999998,-38.940579999999997,180.000000000000000,0.000000000000000,125.000000000000000
3.436000,-2,-89.581999999999994,-33.454999999999998,-38.948920000000001,180.000000000000000,0.000000000000000,125.000000000000000
3.440000,-2,-89.581999999999994,-33.454999999999998,-38.957250000000002,180.000000000000000,0.000000000000000,125.000000000000000
3.444000,-2,-89.581999999999994,-33.454999999999998,-38.965580000000003,180.000000000000000,0.000000000000000,125.000000000000000
3.448000,-2,-89.581999999999994,-33.454999999999998,-38.973920000000000,180.000000000000000,0.000000000000000,125.000000000000000
3.452000,-2,-89.581999999999994,-33.454999999999998,-38.982250000000001,180.000000000000000,0.000000000000000,125.000000000000000
3.456000,-2,-89.581999999999994,-33.454999999999998,-38.990580000000001,180.000000000000000,0.000000000000000,125.000000000000000
3.460000,-2,-89.581999999999994,-33.454999999999998,-38.998919999999998,180.000000000000000,0.000000000000000,125.000000000000000
3.464000,-2,-89.581999999999994,-33.454999999999998,-39.007249999999999,180.000000000000000,0.000000000000000,125.000000000000000
3.468000,-2,-89.581999999999994,-33.454999999999998,-39.015580000000000,180.000000000000000,0.000000000000000,125.000000000000000
3.472000,-2,-89.581999999999994,-33.454999999999998,-39.023919999999997,180.000000000000000,0.000000000000000,125.000000000000000
3.476000,-2,-89.581999999999994,-33.454999999999998,-39.032249999999998,180.000000000000000,0.000000000000000,125.000000000000000
3.480000,-2,-89.581999999999994,-33.454999999999998,-39.040579999999999,180.000000000000000,0.000000000000000,125.000000000000000
3.484000,-2,-89.581999999999994,-33.454999999999998,-39.048920000000003,180.000000000000000,0.000000000000000,125.000000000000000
3.488000,-2,-89.581999999999994,-33.454999999999998,-39.057250000000003,180.000000000000000,0.000000000000000,125.000000000000000
3.492000,-2,-89.581999999999994,-33.454999999999998,-39.065579999999997,180.000000000000000,0.000000000000000,125.000000000000000
3.496000,-2,-89.581999999999994,-33.454999999999998,-39.073920000000001,180.000000000000000,0.000000000000000,125.000000000000000
3.500000,-2,-89.581999999999994,-33.454999999999998,-39.082250000000002,180.000000000000000,0.000000000000000,125.000000000000000
3.504000,-2,-89.581999999999994,-33.454999999999998,-39.090580000000003,180.000000000000000,0.000000000000000,125.000000000000000
3.508000,-2,-89.581999999999994,-33.454999999999998,-39.098920000000000,180.000000000000000,0.000000000000000,125.000000000000000
3.512000,-2,-89.581999999999994,-33.454999999999998,-39.107250000000001,180.000000000000000,0.000000000000000,125.000000000000000
3.516000,-2,-89.581999999999994,-33.454999999999998,-39.115580000000001,180.000000000000000,0.000000000000000,125.000000000000000
3.520000,-2,-89.581999999999994,-33.454999999999998,-39.123919999999998,180.000000000000000,0.000000000000000,125.000000000000000
3.524000,-2,-89.581999999999994,-33.454999999999998,-39.132249999999999,180.000000000000000,0.000000000000000,125.000000000000000
3.528000,-2,-89.581999999999994,-33.454999999999998,-39.140580000000000,180.000000000000000,0.000000000000000,125.000000000000000
3.532000,-2,-89.581999999999994,-33.454999999999998,-39.148919999999997,180.000000000000000,0.000000000000000,125.000000000000000
3.536000,-2,-89.581999999999994,-33.454999999999998,-39.157249999999998,180.000000000000000,0.000000000000000,125.000000000000000
3.540000,-2,-89.581999999999994,-33.454999999999998,-39.165579999999999,180.000000000000000,0.000000000000000,125.000000000000000
3.544000,-2,-89.581999999999994,-33.454999999999998,-39.173920000000003,180.000000000000000,0.000000000000000,125.000000000000000
3.548000,-2,-89.581999999999994,-33.454999999999998,-39.182250000000003,180.000000000000000,0.000000000000000,125.000000000000000
3.552000,-2,-89.581999999999994,-33.454999999999998,-39.190579999999997,180.000000000000000,0.000000000000000,125.000000000000000
3.556000,-2,-89.581999999999994,-33.454999999999998,-39.198920000000001,180.000000000000000,0.000000000000000,125.000000000000000
3.560000,-2,-89.581999999999994,-33.454999999999998,-39.207250000000002,180.000000000000000,0.000000000000000,125.000000000000000
3.564000,-2,-89.581999999999994,-33.454999999999998,-39.215580000000003,180.000000000000000,0.000000000000000,125.000000000000000
3.568000,-2,-89.581999999999994,-33.454999999999998,-39.223920000000000,180.000000000000000,0.000000000000000,125.000000000000000
3.572000,-2,-89.581999999999994,-33.454999999999998,-39.232250000000001,180.000000000000000,0.000000000000000,125.000000000000000
3.576000,-2,-89.581999999999994,-33.454999999999998,-39.240580000000001,180.000000000000000,0.000000000000000,125.000000000000000
3.580000,-2,-89.581999999999994,-33.454999999999998,-39.248919999999998,180.000000000000000,0.000000000000000,125.000000000000000
3.584000,-2,-89.581999999999994,-33.454999999999998,-39.257249999999999,180.000000000000000,0.000000000000000,125.000000000000000
3.588000,-2,-89.581999999999994,-33.454999999999998,-39.265580000000000,180.000000000000000,0.000000000000000,125.000000000000000
3.592000,-2,-89.581999999999994,-33.454999999999998,-39.273919999999997,180.000000000000000,0.000000000000000,125.000000000000000
3.596000,-2,-89.581999999999994,-33.454999999999998,-39.282249999999998,180.000000000000000,0.000000000000000,125.000000000000000
3.600000,-2,-89.581999999999994,-33.454999999999998,-39.290579999999999,180.000000000000000,0.000000000000000,125.000000000000000
3.604000,-2,-89.581999999999994,-33.454999999999998,-39.298920000000003,180.000000000000000,0.000000000000000,125.000000000000000
3.608000,-2,-89.581999999999994,-33.454999999999998,-39.307250000000003,180.000000000000000,0.000000000000000,125.000000000000000
3.612000,-2,-89.581999999999994,-33.454999999999998,-39.315579999999997,180.000000000000000,0.000000000000000,125.000000000000000
3.616000,-2,-89.581999999999994,-33.454999999999998,-39.323920000000001,180.000000000000000,0.000000000000000,125.000000000000000
3.620000,-2,-89.581999999999994,-33.454999999999998,-39.332250000000002,180.000000000000000,0.000000000000000,125.000000000000000
3.624000,-2,-89.581999999999994,-33.454999999999998,-39.340580000000003,180.000000000000000,0.000000000000000,125.000000000000000
3.628000,-2,-89.581999999999994,-33.454999999999998,-39.348920000000000,180.000000000000000,0.000000000000000,125.000000000000000
3.632000,-2,-89.581999999999994,-33.454999999999998,-39.357250000000001,180.000000000000000,0.000000000000000,125.000000000000000
3.636000,-2,-89.581999999999994,-33.454999999999998,-39.365580000000001,180.000000000000000,0.000000000000000,125.000000000000000
3.640000,-2,-89.581999999999994,-33.454999999999998,-39.373919999999998,180.000000000000000,0.000000000000000,125.000000000000000
3.644000,-2,-89.581999999999994,-33.454999999999998,-39.382249999999999,180.000000000000000,0.000000000000000,125.000000000000000
3.648000,-2,-89.581999999999994,-33.454999999999998,-39.390580000000000,180.000000000000000,0.000000000000000,125.000000000000000
3.652000,-2,-89.581999999999994,-33.454999999999998,-39.398919999999997,180.000000000000000,0.000000000000000,125.000000000000000
3.656000,-2,-89.581999999999994,-33.454999999999998,-39.407249999999998,180.000000000000000,0.000000000000000,125.000000000000000
3.660000,-2,-89.581999999999994,-33.454999999999998,-39.415579999999999,180.000000000000000,0.000000000000000,125.000000000000000
3.664000,-2,-89.581999999999994,-33.454999999999998,-39.423920000000003,180.000000000000000,0.000000000000000,125.000000000000000
3.668000,-2,-89.581999999999994,-33.454999999999998,-39.432250000000003,180.000000000000000,0.000000000000000,125.000000000000000
3.672000,-2,-89.581999999999994,-33.454999999999998,-39.440579999999997,180.000000000000000,0.000000000000000,125.000000000000000
3.676000,-2,-89.581999999999994,-33.454999999999998,-39.448920000000001,180.000000000000000,0.000000000000000,125.000000000000000
3.680000,-2,-89.581999999999994,-33.454999999999998,-39.457250000000002,180.000000000000000,0.000000000000000,125.000000000000000
3.684000,-2,-89.581999999999994,-33.454999999999998,-39.465580000000003,180.000000000000000,0.000000000000000,125.000000000000000
3.688000,-2,-89.581999999999994,-33.454999999999998,-39.473920000000000,180.000000000000000,0.000000000000000,125.000000000000000
3.692000,-2,-89.581999999999994,-33.454999999999998,-39.482250000000001,180.000000000000000,0.000000000000000,125.000000000000000
3.696000,-2,-89.581999999999994,-33.454999999999998,-39.490580000000001,180.000000000000000,0.000000000000000,125.000000000000000
3.700000,-2,-89.581999999999994,-33.454999999999998,-39.498919999999998,180.000000000000000,0.000000000000000,125.000000000000000
3.704000,-2,-89.581999999999994,-33.454999999999998,-39.507249999999999,180.000000000000000,0.000000000000000,125.000000000000000
3.708000,-2,-89.581999999999994,-33.454999999999998,-39.515580000000000,180.000000000000000,0.000000000000000,125.000000000000000
3.712000,-2,-89.581999999999994,-33.454999999999998,-39.523919999999997,180.000000000000000,0.000000000000000,125.000000000000000
3.716000,-2,-89.581999999999994,-33.454999999999998,-39.532249999999998,180.000000000000000,0.000000000000000,125.000000000000000
3.720000,-2,-89.581999999999994,-33.454999999999998,-39.540579999999999,180.000000000000000,0.000000000000000,125.000000000000000
3.724000,-2,-89.581999999999994,-33.454999999999998,-39.548920000000003,180.000000000000000,0.000000000000000,125.000000000000000
3.728000,-2,-89.581999999999994,-33.454999999999998,-39.557250000000003,180.000000000000000,0.000000000000000,125.000000000000000
3.732000,-2,-89.581999999999994,-33.454999999999998,-39.565579999999997,180.000000000000000,0.000000000000000,125.000000000000000
3.736000,-2,-89.581999999999994,-33.454999999999998,-39.573920000000001,180.000000000000000,0.000000000000000,125.000000000000000
3.740000,-2,-89.581999999999994,-33.454999999999998,-39.582250000000002,180.000000000000000,0.000000000000000,125.000000000000000
3.744000,-2,-89.581999999999994,-33.454999999999998,-39.590580000000003,180.000000000000000,0.000000000000000,125.000000000000000
3.748000,-2,-89.581999999999994,-33.454999999999998,-39.598920000000000,180.000000000000000,0.000000000000000,125.000000000000000
3.752000,-2,-89.581999999999994,-33.454999999999998,-39.607250000000001,180.000000000000000,0.000000000000000,125.000000000000000
3.756000,-2,-89.581999999999994,-33.454999999999998,-39.615580000000001,180.000000000000000,0.000000000000000,125.000000000000000
3.760000,-2,-89.581999999999994,-33.454999999999998,-39.623919999999998,180.000000000000000,0.000000000000000,125.000000000000000
3.764000,-2,-89.581999999999994,-33.454999999999998,-39.632249999999999,180.000000000000000,0.000000000000000,125.000000000000000
3.768000,-2,-89.581999999999994,-33.454999999999998,-39.640580000000000,180.000000000000000,0.000000000000000,125.000000000000000
3.772000,-2,-89.581999999999994,-33.454999999999998,-39.648919999999997,180.000000000000000,0.000000000000000,125.000000000000000
3.776000,-2,-89.581999999999994,-33.454999999999998,-39.657249999999998,180.000000000000000,0.000000000000000,125.000000000000000
3.780000,-2,-89.581999999999994,-33.454999999999998,-39.665579999999999,180.000000000000000,0.000000000000000,125.000000000000000
3.784000,-2,-89.581999999999994,-33.454999999999998,-39.673920000000003,180.000000000000000,0.000000000000000,125.000000000000000
3.788000,-2,-89.581999999999994,-33.454999999999998,-39.682250000000003,180.000000000000000,0.000000000000000,125.000000000000000
3.792000,-2,-89.581999999999994,-33.454999999999998,-39.690579999999997,180.000000000000000,0.000000000000000,125.000000000000000
3.796000,-2,-89.581999999999994,-33.454999999999998,-39.698920000000001,180.000000000000000,0.000000000000000,125.000000000000000
3.800000,-2,-89.581999999999994,-33.454999999999998,-39.707250000000002,180.000000000000000,0.000000000000000,125.000000000000000
3.804000,-2,-89.581999999999994,-33.454999999999998,-39.715580000000003,180.000000000000000,0.000000000000000,125.000000000000000
3.808000,-2,-89.581999999999994,-33.454999999999998,-39.723920000000000,180.000000000000000,0.000000000000000,125.000000000000000
3.812000,-2,-89.581999999999994,-33.454999999999998,-39.732250000000001,180.000000000000000,0.000000000000000,125.000000000000000
3.816000,-2,-89.581999999999994,-33.454999999999998,-39.740580000000001,180.000000000000000,0.000000000000000,125.000000000000000
3.820000,-2,-89.581999999999994,-33.454999999999998,-39.748919999999998,180.000000000000000,0.000000000000000,125.000000000000000
3.824000,-2,-89.581999999999994,-33.454999999999998,-39.757249999999999,180.000000000000000,0.000000000000000,125.000000000000000
3.828000,-2,-89.581999999999994,-33.454999999999998,-39.765580000000000,180.000000000000000,0.000000000000000,125.000000000000000
3.832000,-2,-89.581999999999994,-33.454999999999998,-39.773919999999997,180.000000000000000,0.000000000000000,125.000000000000000
3.836000,-2,-89.581999999999994,-33.454999999999998,-39.782249999999998,180.000000000000000,0.000000000000000,125.000000000000000
3.840000,-2,-89.581999999999994,-33.454999999999998,-39.790579999999999,180.000000000000000,0.000000000000000,125.000000000000000
3.844000,-2,-89.581999999999994,-33.454999999999998,-39.798920000000003,180.000000000000000,0.000000000000000,125.000000000000000
3.848000,-2,-89.581999999999994,-33.454999999999998,-39.807250000000003,180.000000000000000,0.000000000000000,125.000000000000000
3.852000,-2,-89.581999999999994,-33.454999999999998,-39.815579999999997,180.000000000000000,0.000000000000000,125.000000000000000
3.856000,-2,-89.581999999999994,-33.454999999999998,-39.823920000000001,180.000000000000000,0.000000000000000,125.000000000000000
3.860000,-2,-89.581999999999994,-33.454999999999998,-39.832250000000002,180.000000000000000,0.000000000000000,125.000000000000000
3.864000,-2,-89.581999999999994,-33.454999999999998,-39.840580000000003,180.000000000000000,0.000000000000000,125.000000000000000
3.868000,-2,-89.581999999999994,-33.454999999999998,-39.848920000000000,180.000000000000000,0.000000000000000,125.000000000000000
3.872000,-2,-89.581999999999994,-33.454999999999998,-39.857250000000001,180.000000000000000,0.000000000000000,125.000000000000000
3.876000,-2,-89.581999999999994,-33.454999999999998,-39.865580000000001,180.000000000000000,0.000000000000000,125.000000000000000
3.880000,-2,-89.581999999999994,-33.454999999999998,-39.873919999999998,180.000000000000000,0.000000000000000,125.000000000000000
3.884000,-2,-89.581999999999994,-33.454999999999998,-39.882249999999999,180.000000000000000,0.000000000000000,125.000000000000000
3.888000,-2,-89.581999999999994,-33.454999999999998,-39.890580000000000,180.000000000000000,0.000000000000000,125.000000000000000
3.892000,-2,-89.581999999999994,-33.454999999999998,-39.898919999999997,180.000000000000000,0.000000000000000,125.000000000000000
3.896000,-2,-89.581999999999994,-33.454999999999998,-39.907249999999998,180.000000000000000,0.000000000000000,125.000000000000000
3.900000,-2,-89.581999999999994,-33.454999999999998,-39.915579999999999,180.000000000000000,0.000000000000000,125.000000000000000
3.904000,-2,-89.581999999999994,-33.454999999999998,-39.923920000000003,180.000000000000000,0.000000000000000,125.000000000000000
3.908000,-2,-89.581999999999994,-33.454999999999998,-39.932250000000003,180.000000000000000,0.000000000000000,125.000000000000000
3.912000,-2,-89.581999999999994,-33.454999999999998,-39.940579999999997,180.000000000000000,0.000000000000000,125.000000000000000
3.916000,-2,-89.581999999999994,-33.454999999999998,-39.948920000000001,180.000000000000000,0.000000000000000,125.000000000000000
3.920000,-2,-89.581999999999994,-33.454999999999998,-39.957250000000002,180.000000000000000,0.000000000000000,125.000000000000000
3.924000,-2,-89.581999999999994,-33.454999999999998,-39.965580000000003,180.000000000000000,0.000000000000000,125.000000000000000
3.928000,-2,-89.581999999999994,-33.454999999999998,-39.973920000000000,180.000000000000000,0.000000000000000,125.000000000000000
3.932000,-2,-89.581999999999994,-33.454999999999998,-39.982250000000001,180.000000000000000,0.000000000000000,125.000000000000000
3.936000,-2,-89.581999999999994,-33.454999999999998,-39.990580000000001,180.000000000000000,0.000000000000000,125.000000000000000
3.940000,-2,-89.581999999999994,-33.454999999999998,-39.998919999999998,180.000000000000000,0.000000000000000,125.000000000000000
3.944000,-2,-89.581999999999994,-33.454999999999998,-40.007249999999999,180.000000000000000,0.000000000000000,125.000000000000000
3.948000,-2,-89.581999999999994,-33.454999999999998,-40.015580000000000,180.000000000000000,0.000000000000000,125.000000000000000
3.952000,-2,-89.581999999999994,-33.454999999999998,-40.023919999999997,180.000000000000000,0.000000000000000,125.000000000000000
3.956000,-2,-89.581999999999994,-33.454999999999998,-40.032249999999998,180.000000000000000,0.000000000000000,125.000000000000000
3.960000,-2,-89.581999999999994,-33.454999999999998,-40.040579999999999,180.000000000000000,0.000000000000000,125.000000000000000
3.964000,-2,-89.581999999999994,-33.454999999999998,-40.048920000000003,180.000000000000000,0.000000000000000,125.000000000000000
3.968000,-2,-89.581999999999994,-33.454999999999998,-40.057250000000003,180.000000000000000,0.000000000000000,125.000000000000000
3.972000,-2,-89.581999999999994,-33.454999999999998,-40.065579999999997,180.000000000000000,0.000000000000000,125.000000000000000
3.976000,-2,-89.581999999999994,-33.454999999999998,-40.073920000000001,180.000000000000000,0.000000000000000,125.000000000000000
3.980000,-2,-89.581999999999994,-33.454999999999998,-40.082250000000002,180.000000000000000,0.000000000000000,125.000000000000000
3.984000,-2,-89.581999999999994,-33.454999999999998,-40.090580000000003,180.000000000000000,0.000000000000000,125.000000000000000
3.988000,-2,-89.581999999999994,-33.454999999999998,-40.098920000000000,180.000000000000000,0.000000000000000,125.000000000000000
3.992000,-2,-89.581999999999994,-33.454999999999998,-40.107250000000001,180.000000000000000,0.000000000000000,125.000000000000000
3.996000,-2,-89.581999999999994,-33.454999999999998,-40.115580000000001,180.000000000000000,0.000000000000000,125.000000000000000
4.000000,-2,-89.581999999999994,-33.454999999999998,-40.123919999999998,180.000000000000000,0.000000000000000,125.000000000000000
4.004000,-2,-89.581999999999994,-33.454999999999998,-40.132249999999999,180.000000000000000,0.000000000000000,125.000000000000000
4.008000,-2,-89.581999999999994,-33.454999999999998,-40.140580000000000,180.000000000000000,0.000000000000000,125.000000000000000
4.012000,-2,-89.581999999999994,-33.454999999999998,-40.148919999999997,180.000000000000000,0.000000000000000,125.000000000000000
4.016000,-2,-89.581999999999994,-33.454999999999998,-40.157249999999998,180.000000000000000,0.000000000000000,125.000000000000000
4.020000,-2,-89.581999999999994,-33.454999999999998,-40.165579999999999,180.000000000000000,0.000000000000000,125.000000000000000
4.024000,-2,-89.581999999999994,-33.454999999999998,-40.173920000000003,180.000000000000000,0.000000000000000,125.000000000000000
4.028000,-2,-89.581999999999994,-33.454999999999998,-40.182250000000003,180.000000000000000,0.000000000000000,125.000000000000000
4.032000,-2,-89.581999999999994,-33.454999999999998,-40.190579999999997,180.000000000000000,0.000000000000000,125.000000000000000
4.036000,-2,-89.581999999999994,-33.454999999999998,-40.198920000000001,180.000000000000000,0.000000000000000,125.000000000000000
4.040000,-2,-89.581999999999994,-33.454999999999998,-40.207250000000002,180.000000000000000,0.000000000000000,125.000000000000000
4.044000,-2,-89.581999999999994,-33.454999999999998,-40.215580000000003,180.000000000000000,0.000000000000000,125.000000000000000
4.048000,-2,-89.581999999999994,-33.454999999999998,-40.223920000000000,180.000000000000000,0.000000000000000,125.000000000000000
4.052000,-2,-89.581999999999994,-33.454999999999998,-40.232250000000001,180.000000000000000,0.000000000000000,125.000000000000000
4.056000,-2,-89.581999999999994,-33.454999999999998,-40.240580000000001,180.000000000000000,0.000000000000000,125.000000000000000
4.060000,-2,-89.581999999999994,-33.454999999999998,-40.248919999999998,180.000000000000000,0.000000000000000,125.000000000000000
4.064000,-2,-89.581999999999994,-33.454999999999998,-40.257249999999999,180.000000000000000,0.000000000000000,125.000000000000000
4.068000,-2,-89.581999999999994,-33.454999999999998,-40.265580000000000,180.000000000000000,0.000000000000000,125.000000000000000
4.072000,-2,-89.581999999999994,-33.454999999999998,-40.273919999999997,180.000000000000000,0.000000000000000,125.000000000000000
4.076000,-2,-89.581999999999994,-33.454999999999998,-40.282249999999998,180.000000000000000,0.000000000000000,125.000000000000000
4.080000,-2,-89.581999999999994,-33.454999999999998,-40.290579999999999,180.000000000000000,0.000000000000000,125.000000000000000
4.084000,-2,-89.581999999999994,-33.454999999999998,-40.298920000000003,180.000000000000000,0.000000000000000,125.000000000000000
4.088000,-2,-89.581999999999994,-33.454999999999998,-40.307250000000003,180.000000000000000,0.000000000000000,125.000000000000000
4.092000,-2,-89.581999999999994,-33.454999999999998,-40.315579999999997,180.000000000000000,0.000000000000000,125.000000000000000
4.096000,-2,-89.581999999999994,-33.454999999999998,-40.323920000000001,180.000000000000000,0.000000000000000,125.000000000000000
4.100000,-2,-89.581999999999994,-33.454999999999998,-40.332250000000002,180.000000000000000,0.000000000000000,125.000000000000000
4.104000,-2,-89.581999999999994,-33.454999999999998,-40.340580000000003,180.000000000000000,0.000000000000000,125.000000000000000
4.108000,-2,-89.581999999999994,-33.454999999999998,-40.348920000000000,180.000000000000000,0.000000000000000,125.000000000000000
4.112000,-2,-89.581999999999994,-33.454999999999998,-40.357250000000001,180.000000000000000,0.000000000000000,125.000000000000000
4.116000,-2,-89.581999999999994,-33.454999999999998,-40.365580000000001,180.000000000000000,0.000000000000000,125.000000000000000
4.120000,-2,-89.581999999999994,-33.454999999999998,-40.373919999999998,180.000000000000000,0.000000000000000,125.000000000000000
4.124000,-2,-89.581999999999994,-33.454999999999998,-40.382249999999999,180.000000000000000,0.000000000000000,125.000000000000000
4.128000,-2,-89.581999999999994,-33.454999999999998,-40.390580000000000,180.000000000000000,0.000000000000000,125.000000000000000
4.132000,-2,-89.581999999999994,-33.454999999999998,-40.398919999999997,180.000000000000000,0.000000000000000,125.000000000000000
4.136000,-2,-89.581999999999994,-33.454999999999998,-40.407249999999998,180.000000000000000,0.000000000000000,125.000000000000000
4.140000,-2,-89.581999999999994,-33.454999999999998,-40.415579999999999,180.000000000000000,0.000000000000000,125.000000000000000
4.144000,-2,-89.581999999999994,-33.454999999999998,-40.423920000000003,180.000000000000000,0.000000000000000,125.000000000000000
4.148000,-2,-89.581999999999994,-33.454999999999998,-40.432250000000003,180.000000000000000,0.000000000000000,125.000000000000000
4.152000,-2,-89.581999999999994,-33.454999999999998,-40.440579999999997,180.000000000000000,0.000000000000000,125.000000000000000
4.156000,-2,-89.581999999999994,-33.454999999999998,-40.448920000000001,180.000000000000000,0.000000000000000,125.000000000000000
4.160000,-2,-89.581999999999994,-33.454999999999998,-40.457250000000002,180.000000000000000,0.000000000000000,125.000000000000000
4.164000,-2,-89.581999999999994,-33.454999999999998,-40.465580000000003,180.000000000000000,0.000000000000000,125.000000000000000
4.168000,-2,-89.581999999999994,-33.454999999999998,-40.473920000000000,180.000000000000000,0.000000000000000,125.000000000000000
4.172000,-2,-89.581999999999994,-33.454999999999998,-40.482250000000001,180.000000000000000,0.000000000000000,125.000000000000000
4.176000,-2,-89.581999999999994,-33.454999999999998,-40.490580000000001,180.000000000000000,0.000000000000000,125.000000000000000
4.180000,-2,-89.581999999999994,-33.454999999999998,-40.498919999999998,180.000000000000000,0.000000000000000,125.000000000000000
4.184000,-2,-89.581999999999994,-33.454999999999998,-40.507249999999999,180.000000000000000,0.000000000000000,125.000000000000000
4.188000,-2,-89.581999999999994,-33.454999999999998,-40.515580000000000,180.000000000000000,0.000000000000000,125.000000000000000
4.192000,-2,-89.581999999999994,-33.454999999999998,-40.523919999999997,180.000000000000000,0.000000000000000,125.000000000000000
4.196000,-2,-89.581999999999994,-33.454999999999998,-40.532249999999998,180.000000000000000,0.000000000000000,125.000000000000000
4.200000,-2,-89.581999999999994,-33.454999999999998,-40.540579999999999,180.000000000000000,0.000000000000000,125.000000000000000
4.204000,-2,-89.581999999999994,-33.454999999999998,-40.548920000000003,180.000000000000000,0.000000000000000,125.000000000000000
4.208000,-2,-89.581999999999994,-33.454999999999998,-40.557250000000003,180.000000000000000,0.000000000000000,125.000000000000000
4.212000,-2,-89.581999999999994,-33.454999999999998,-40.565579999999997,180.000000000000000,0.000000000000000,125.000000000000000
4.216000,-2,-89.581999999999994,-33.454999999999998,-40.573920000000001,180.000000000000000,0.000000000000000,125.000000000000000
4.220000,-2,-89.581999999999994,-33.454999999999998,-40.582250000000002,180.000000000000000,0.000000000000000,125.000000000000000
4.224000,-2,-89.581999999999994,-33.454999999999998,-40.590580000000003,180.000000000000000,0.000000000000000,125.000000000000000
4.228000,-2,-89.581999999999994,-33.454999999999998,-40.598920000000000,180.000000000000000,0.000000000000000,125.000000000000000
4.232000,-2,-89.581999999999994,-33.454999999999998,-40.607250000000001,180.000000000000000,0.000000000000000,125.000000000000000
4.236000,-2,-89.581999999999994,-33.454999999999998,-40.615580000000001,180.000000000000000,0.000000000000000,125.000000000000000
4.240000,-2,-89.581999999999994,-33.454999999999998,-40.623919999999998,180.000000000000000,0.000000000000000,125.000000000000000
4.244000,-2,-89.581999999999994,-33.454999999999998,-40.632249999999999,180.000000000000000,0.000000000000000,125.000000000000000
4.248000,-2,-89.581999999999994,-33.454999999999998,-40.640580000000000,180.000000000000000,0.000000000000000,125.000000000000000
4.252000,-2,-89.581999999999994,-33.454999999999998,-40.648919999999997,180.000000000000000,0.000000000000000,125.000000000000000
4.256000,-2,-89.581999999999994,-33.454999999999998,-40.657249999999998,180.000000000000000,0.000000000000000,125.000000000000000
4.260000,-2,-89.581999999999994,-33.454999999999998,-40.665579999999999,180.000000000000000,0.000000000000000,125.000000000000000
4.264000,-2,-89.581999999999994,-33.454999999999998,-40.673920000000003,180.000000000000000,0.000000000000000,125.000000000000000
4.268000,-2,-89.581999999999994,-33.454999999999998,-40.682250000000003,180.000000000000000,0.000000000000000,125.000000000000000
4.272000,-2,-89.581999999999994,-33.454999999999998,-40.690579999999997,180.000000000000000,0.000000000000000,125.000000000000000
4.276000,-2,-89.581999999999994,-33.454999999999998,-40.698920000000001,180.000000000000000,0.000000000000000,125.000000000000000
4.280000,-2,-89.581999999999994,-33.454999999999998,-40.707250000000002,180.000000000000000,0.000000000000000,125.000000000000000
4.284000,-2,-89.581999999999994,-33.454999999999998,-40.715580000000003,180.000000000000000,0.000000000000000,125.000000000000000
4.288000,-2,-89.581999999999994,-33.454999999999998,-40.723920000000000,180.000000000000000,0.000000000000000,125.000000000000000
4.292000,-2,-89.581999999999994,-33.454999999999998,-40.732250000000001,180.000000000000000,0.000000000000000,125.000000000000000
4.296000,-2,-89.581999999999994,-33.454999999999998,-40.740580000000001,180.000000000000000,0.000000000000000,125.000000000000000
4.300000,-2,-89.581999999999994,-33.454999999999998,-40.748919999999998,180.000000000000000,0.000000000000000,125.000000000000000
4.304000,-2,-89.581999999999994,-33.454999999999998,-40.757249999999999,180.000000000000000,0.000000000000000,125.000000000000000
4.308000,-2,-89.581999999999994,-33.454999999999998,-40.765580000000000,180.000000000000000,0.000000000000000,125.000000000000000
4.312000,-2,-89.581999999999994,-33.454999999999998,-40.773919999999997,180.000000000000000,0.000000000000000,125.000000000000000
4.316000,-2,-89.581999999999994,-33.454999999999998,-40.782249999999998,180.000000000000000,0.000000000000000,125.000000000000000
4.320000,-2,-89.581999999999994,-33.454999999999998,-40.790579999999999,180.000000000000000,0.000000000000000,125.000000000000000
4.324000,-2,-89.581999999999994,-33.454999999999998,-40.798920000000003,180.000000000000000,0.000000000000000,125.000000000000000
4.328000,-2,-89.581999999999994,-33.454999999999998,-40.807250000000003,180.000000000000000,0.000000000000000,125.000000000000000
4.332000,-2,-89.581999999999994,-33.454999999999998,-40.815579999999997,180.000000000000000,0.000000000000000,125.000000000000000
4.336000,-2,-89.581999999999994,-33.454999999999998,-40.823920000000001,180.000000000000000,0.000000000000000,125.000000000000000
4.340000,-2,-89.581999999999994,-33.454999999999998,-40.832250000000002,180.000000000000000,0.000000000000000,125.000000000000000
4.344000,-2,-89.581999999999994,-33.454999999999998,-40.840580000000003,180.000000000000000,0.000000000000000,125.000000000000000
4.348000,-2,-89.581999999999994,-33.454999999999998,-40.848920000000000,180.000000000000000,0.000000000000000,125.000000000000000
4.352000,-2,-89.581999999999994,-33.454999999999998,-40.857250000000001,180.000000000000000,0.000000000000000,125.000000000000000
4.356000,-2,-89.581999999999994,-33.454999999999998,-40.865580000000001,180.000000000000000,0.000000000000000,125.000000000000000
4.360000,-2,-89.581999999999994,-33.454999999999998,-40.873919999999998,180.000000000000000,0.000000000000000,125.000000000000000
4.364000,-2,-89.581999999999994,-33.454999999999998,-40.882249999999999,180.000000000000000,0.000000000000000,125.000000000000000
4.368000,-2,-89.581999999999994,-33.454999999999998,-40.890580000000000,180.000000000000000,0.000000000000000,125.000000000000000
4.372000,-2,-89.581999999999994,-33.454999999999998,-40.898919999999997,180.000000000000000,0.000000000000000,125.000000000000000
4.376000,-2,-89.581999999999994,-33.454999999999998,-40.907249999999998,180.000000000000000,0.000000000000000,125.000000000000000
4.380000,-2,-89.581999999999994,-33.454999999999998,-40.915579999999999,180.000000000000000,0.000000000000000,125.000000000000000
4.384000,-2,-89.581999999999994,-33.454999999999998,-40.923920000000003,180.000000000000000,0.000000000000000,125.000000000000000
4.388000,-2,-89.581999999999994,-33.454999999999998,-40.932250000000003,180.000000000000000,0.000000000000000,125.000000000000000
4.392000,-2,-89.581999999999994,-33.454999999999998,-40.940579999999997,180.000000000000000,0.000000000000000,125.000000000000000
4.396000,-2,-89.581999999999994,-33.454999999999998,-40.948920000000001,180.000000000000000,0.000000000000000,125.000000000000000
4.400000,-2,-89.581999999999994,-33.454999999999998,-40.957250000000002,180.000000000000000,0.000000000000000,125.000000000000000
4.404000,-2,-89.581999999999994,-33.454999999999998,-40.965580000000003,180.000000000000000,0.000000000000000,125.000000000000000
4.408000,-2,-89.581999999999994,-33.454999999999998,-40.973920000000000,180.000000000000000,0.000000000000000,125.000000000000000
4.412000,-2,-89.581999999999994,-33.454999999999998,-40.982250000000001,180.000000000000000,0.000000000000000,125.000000000000000
4.416000,-2,-89.581999999999994,-33.454999999999998,-40.990580000000001,180.000000000000000,0.000000000000000,125.000000000000000
4.420000,-2,-89.581999999999994,-33.454999999999998,-40.998919999999998,180.000000000000000,0.000000000000000,125.000000000000000
4.424000,-2,-89.581999999999994,-33.454999999999998,-41.007249999999999,180.000000000000000,0.000000000000000,125.000000000000000
4.428000,-2,-89.581999999999994,-33.454999999999998,-41.015580000000000,180.000000000000000,0.000000000000000,125.000000000000000
4.432000,-2,-89.581999999999994,-33.454999999999998,-41.023919999999997,180.000000000000000,0.000000000000000,125.000000000000000
4.436000,-2,-89.581999999999994,-33.454999999999998,-41.032249999999998,180.000000000000000,0.000000000000000,125.000000000000000
4.440000,-2,-89.581999999999994,-33.454999999999998,-41.040579999999999,180.000000000000000,0.000000000000000,125.000000000000000
4.444000,-2,-89.581999999999994,-33.454999999999998,-41.048920000000003,180.000000000000000,0.000000000000000,125.000000000000000
4.448000,-2,-89.581999999999994,-33.454999999999998,-41.057250000000003,180.000000000000000,0.000000000000000,125.000000000000000
4.452000,-2,-89.581999999999994,-33.454999999999998,-41.065579999999997,180.000000000000000,0.000000000000000,125.000000000000000
4.456000,-2,-89.581999999999994,-33.454999999999998,-41.073920000000001,180.000000000000000,0.000000000000000,125.000000000000000
4.460000,-2,-89.581999999999994,-33.454999999999998,-41.082250000000002,180.000000000000000,0.000000000000000,125.000000000000000
4.464000,-2,-89.581999999999994,-33.454999999999998,-41.090580000000003,180.000000000000000,0.000000000000000,125.000000000000000
4.468000,-2,-89.581999999999994,-33.454999999999998,-41.098920000000000,180.000000000000000,0.000000000000000,125.000000000000000
4.472000,-2,-89.581999999999994,-33.454999999999998,-41.107250000000001,180.000000000000000,0.000000000000000,125.000000000000000
4.476000,-2,-89.581999999999994,-33.454999999999998,-41.115580000000001,180.000000000000000,0.000000000000000,125.000000000000000
4.480000,-2,-89.581999999999994,-33.454999999999998,-41.123919999999998,180.000000000000000,0.000000000000000,125.000000000000000
4.484000,-2,-89.581999999999994,-33.454999999999998,-41.132249999999999,180.000000000000000,0.000000000000000,125.000000000000000
4.488000,-2,-89.581999999999994,-33.454999999999998,-41.140580000000000,180.000000000000000,0.000000000000000,125.000000000000000
4.492000,-2,-89.581999999999994,-33.454999999999998,-41.148919999999997,180.000000000000000,0.000000000000000,125.000000000000000
4.496000,-2,-89.581999999999994,-33.454999999999998,-41.157249999999998,180.000000000000000,0.000000000000000,125.000000000000000
4.500000,-2,-89.581999999999994,-33.454999999999998,-41.165579999999999,180.000000000000000,0.000000000000000,125.000000000000000
4.504000,-2,-89.581999999999994,-33.454999999999998,-41.173920000000003,180.000000000000000,0.000000000000000,125.000000000000000
4.508000,-2,-89.581999999999994,-33.454999999999998,-41.182250000000003,180.000000000000000,0.000000000000000,125.000000000000000
4.512000,-2,-89.581999999999994,-33.454999999999998,-41.190579999999997,180.000000000000000,0.000000000000000,125.000000000000000
4.516000,-2,-89.581999999999994,-33.454999999999998,-41.198920000000001,180.000000000000000,0.000000000000000,125.000000000000000
4.520000,-2,-89.581999999999994,-33.454999999999998,-41.207250000000002,180.000000000000000,0.000000000000000,125.000000000000000
4.524000,-2,-89.581999999999994,-33.454999999999998,-41.215580000000003,180.000000000000000,0.000000000000000,125.000000000000000
4.528000,-2,-89.581999999999994,-33.454999999999998,-41.223920000000000,180.000000000000000,0.000000000000000,125.000000000000000
4.532000,-2,-89.581999999999994,-33.454999999999998,-41.232250000000001,180.000000000000000,0.000000000000000,125.000000000000000
4.536000,-2,-89.581999999999994,-33.454999999999998,-41.240580000000001,180.000000000000000,0.000000000000000,125.000000000000000
4.540000,-2,-89.581999999999994,-33.454999999999998,-41.248919999999998,180.000000000000000,0.000000000000000,125.000000000000000
4.544000,-2,-89.581999999999994,-33.454999999999998,-41.257249999999999,180.000000000000000,0.000000000000000,125.000000000000000
4.548000,-2,-89.581999999999994,-33.454999999999998,-41.265580000000000,180.000000000000000,0.000000000000000,125.000000000000000
4.552000,-2,-89.581999999999994,-33.454999999999998,-41.273919999999997,180.000000000000000,0.000000000000000,125.000000000000000
4.556000,-2,-89.581999999999994,-33.454999999999998,-41.282249999999998,180.000000000000000,0.000000000000000,125.000000000000000
4.560000,-2,-89.581999999999994,-33.454999999999998,-41.290579999999999,180.000000000000000,0.000000000000000,125.000000000000000
4.564000,-2,-89.581999999999994,-33.454999999999998,-41.298920000000003,180.000000000000000,0.000000000000000,125.000000000000000
4.568000,-2,-89.581999999999994,-33.454999999999998,-41.307250000000003,180.000000000000000,0.000000000000000,125.000000000000000
4.572000,-2,-89.581999999999994,-33.454999999999998,-41.315579999999997,180.000000000000000,0.000000000000000,125.000000000000000
4.576000,-2,-89.581999999999994,-33.454999999999998,-41.323920000000001,180.000000000000000,0.000000000000000,125.000000000000000
4.580000,-2,-89.581999999999994,-33.454999999999998,-41.332250000000002,180.000000000000000,0.000000000000000,125.000000000000000
4.584000,-2,-89.581999999999994,-33.454999999999998,-41.340580000000003,180.000000000000000,0.000000000000000,125.000000000000000
4.588000,-2,-89.581999999999994,-33.454999999999998,-41.348920000000000,180.000000000000000,0.000000000000000,125.000000000000000
4.592000,-2,-89.581999999999994,-33.454999999999998,-41.357250000000001,180.000000000000000,0.000000000000000,125.000000000000000
4.596000,-2,-89.581999999999994,-33.454999999999998,-41.365580000000001,180.000000000000000,0.000000000000000,125.000000000000000
4.600000,-2,-89.581999999999994,-33.454999999999998,-41.373919999999998,180.000000000000000,0.000000000000000,125.000000000000000
4.604000,-2,-89.581999999999994,-33.454999999999998,-41.382249999999999,180.000000000000000,0.000000000000000,125.000000000000000
4.608000,-2,-89.581999999999994,-33.454999999999998,-41.390580000000000,180.000000000000000,0.000000000000000,125.000000000000000
4.612000,-2,-89.581999999999994,-33.454999999999998,-41.398919999999997,180.000000000000000,0.000000000000000,125.000000000000000
4.616000,-2,-89.581999999999994,-33.454999999999998,-41.407249999999998,180.000000000000000,0.000000000000000,125.000000000000000
4.620000,-2,-89.581999999999994,-33.454999999999998,-41.415579999999999,180.000000000000000,0.000000000000000,125.000000000000000
4.624000,-2,-89.581999999999994,-33.454999999999998,-41.423920000000003,180.000000000000000,0.000000000000000,125.000000000000000
4.628000,-2,-89.581999999999994,-33.454999999999998,-41.432250000000003,180.000000000000000,0.000000000000000,125.000000000000000
4.632000,-2,-89.581999999999994,-33.454999999999998,-41.440579999999997,180.000000000000000,0.000000000000000,125.000000000000000
4.636000,-2,-89.581999999999994,-33.454999999999998,-41.448920000000001,180.000000000000000,0.000000000000000,125.000000000000000
4.640000,-2,-89.581999999999994,-33.454999999999998,-41.457250000000002,180.000000000000000,0.000000000000000,125.000000000000000
4.644000,-2,-89.581999999999994,-33.454999999999998,-41.465580000000003,180.000000000000000,0.000000000000000,125.000000000000000
4.648000,-2,-89.581999999999994,-33.454999999999998,-41.473920000000000,180.000000000000000,0.000000000000000,125.000000000000000
4.652000,-2,-89.581999999999994,-33.454999999999998,-41.482250000000001,180.000000000000000,0.000000000000000,125.000000000000000
4.656000,-2,-89.581999999999994,-33.454999999999998,-41.490580000000001,180.000000000000000,0.000000000000000,125.000000000000000
4.660000,-2,-89.581999999999994,-33.454999999999998,-41.498919999999998,180.000000000000000,0.000000000000000,125.000000000000000
4.664000,-2,-89.581999999999994,-33.454999999999998,-41.507249999999999,180.000000000000000,0.000000000000000,125.000000000000000
4.668000,-2,-89.581999999999994,-33.454999999999998,-41.515580000000000,180.000000000000000,0.000000000000000,125.000000000000000
4.672000,-2,-89.581999999999994,-33.454999999999998,-41.523919999999997,180.000000000000000,0.000000000000000,125.000000000000000
4.676000,-2,-89.581999999999994,-33.454999999999998,-41.532249999999998,180.000000000000000,0.000000000000000,125.000000000000000
4.680000,-2,-89.581999999999994,-33.454999999999998,-41.540579999999999,180.000000000000000,0.000000000000000,125.000000000000000
4.684000,-2,-89.581999999999994,-33.454999999999998,-41.548920000000003,180.000000000000000,0.000000000000000,125.000000000000000
4.688000,-2,-89.581999999999994,-33.454999999999998,-41.557250000000003,180.000000000000000,0.000000000000000,125.000000000000000
4.692000,-2,-89.581999999999994,-33.454999999999998,-41.565579999999997,180.000000000000000,0.000000000000000,125.000000000000000
4.696000,-2,-89.581999999999994,-33.454999999999998,-41.573920000000001,180.000000000000000,0.000000000000000,125.000000000000000
4.700000,-2,-89.581999999999994,-33.454999999999998,-41.582250000000002,180.000000000000000,0.000000000000000,125.000000000000000
4.704000,-2,-89.581999999999994,-33.454999999999998,-41.590580000000003,180.000000000000000,0.000000000000000,125.000000000000000
4.708000,-2,-89.581999999999994,-33.454999999999998,-41.598920000000000,180.000000000000000,0.000000000000000,125.000000000000000
4.712000,-2,-89.581999999999994,-33.454999999999998,-41.607250000000001,180.000000000000000,0.000000000000000,125.000000000000000
4.716000,-2,-89.581999999999994,-33.454999999999998,-41.615580000000001,180.000000000000000,0.000000000000000,125.000000000000000
4.720000,-2,-89.581999999999994,-33.454999999999998,-41.623919999999998,180.000000000000000,0.000000000000000,125.000000000000000
4.724000,-2,-89.581999999999994,-33.454999999999998,-41.632249999999999,180.000000000000000,0.000000000000000,125.000000000000000
4.728000,-2,-89.581999999999994,-33.454999999999998,-41.640580000000000,180.000000000000000,0.000000000000000,125.000000000000000
4.732000,-2,-89.581999999999994,-33.454999999999998,-41.648919999999997,180.000000000000000,0.000000000000000,125.000000000000000
4.736000,-2,-89.581999999999994,-33.454999999999998,-41.657249999999998,180.000000000000000,0.000000000000000,125.000000000000000
4.740000,-2,-89.581999999999994,-33.454999999999998,-41.665579999999999,180.000000000000000,0.000000000000000,125.000000000000000
4.744000,-2,-89.581999999999994,-33.454999999999998,-41.673920000000003,180.000000000000000,0.000000000000000,125.000000000000000
4.748000,-2,-89.581999999999994,-33.454999999999998,-41.682250000000003,180.000000000000000,0.000000000000000,125.000000000000000
4.752000,-2,-89.581999999999994,-33.454999999999998,-41.690579999999997,180.000000000000000,0.000000000000000,125.000000000000000
4.756000,-2,-89.581999999999994,-33.454999999999998,-41.698920000000001,180.000000000000000,0.000000000000000,125.000000000000000
4.760000,-2,-89.581999999999994,-33.454999999999998,-41.707250000000002,180.000000000000000,0.000000000000000,125.000000000000000
4.764000,-2,-89.581999999999994,-33.454999999999998,-41.715580000000003,180.000000000000000,0.000000000000000,125.000000000000000
4.768000,-2,-89.581999999999994,-33.454999999999998,-41.723920000000000,180.000000000000000,0.000000000000000,125.000000000000000
4.772000,-2,-89.581999999999994,-33.454999999999998,-41.732250000000001,180.000000000000000,0.000000000000000,125.000000000000000
4.776000,-2,-89.581999999999994,-33.454999999999998,-41.740580000000001,180.000000000000000,0.000000000000000,125.000000000000000
4.780000,-2,-89.581999999999994,-33.454999999999998,-41.748919999999998,180.000000000000000,0.000000000000000,125.000000000000000
4.784000,-2,-89.581999999999994,-33.454999999999998,-41.757249999999999,180.000000000000000,0.000000000000000,125.000000000000000
4.788000,-2,-89.581999999999994,-33.454999999999998,-41.765580000000000,180.000000000000000,0.000000000000000,125.000000000000000
4.792000,-2,-89.581999999999994,-33.454999999999998,-41.773919999999997,180.000000000000000,0.000000000000000,125.000000000000000
4.796000,-2,-89.581999999999994,-33.454999999999998,-41.782249999999998,180.000000000000000,0.000000000000000,125.000000000000000
4.800000,-2,-89.581999999999994,-33.454999999999998,-41.790579999999999,180.000000000000000,0.000000000000000,125.000000000000000
4.804000,-2,-89.581999999999994,-33.454999999999998,-41.798920000000003,180.000000000000000,0.000000000000000,125.000000000000000
4.808000,-2,-89.581999999999994,-33.454999999999998,-41.807250000000003,180.000000000000000,0.000000000000000,125.000000000000000
4.812000,-2,-89.581999999999994,-33.454999999999998,-41.815579999999997,180.000000000000000,0.000000000000000,125.000000000000000
4.816000,-2,-89.581999999999994,-33.454999999999998,-41.823920000000001,180.000000000000000,0.000000000000000,125.000000000000000
4.820000,-2,-89.581999999999994,-33.454999999999998,-41.832250000000002,180.000000000000000,0.000000000000000,125.000000000000000
4.824000,-2,-89.581999999999994,-33.454999999999998,-41.840580000000003,180.000000000000000,0.000000000000000,125.000000000000000
4.828000,-2,-89.581999999999994,-33.454999999999998,-41.848920000000000,180.000000000000000,0.000000000000000,125.000000000000000
4.832000,-2,-89.581999999999994,-33.454999999999998,-41.857250000000001,180.000000000000000,0.000000000000000,125.000000000000000
4.836000,-2,-89.581999999999994,-33.454999999999998,-41.865580000000001,180.000000000000000,0.000000000000000,125.000000000000000
4.840000,-2,-89.581999999999994,-33.454999999999998,-41.873919999999998,180.000000000000000,0.000000000000000,125.000000000000000
4.844000,-2,-89.581999999999994,-33.454999999999998,-41.882249999999999,180.000000000000000,0.000000000000000,125.000000000000000
4.848000,-2,-89.581999999999994,-33.454999999999998,-41.890580000000000,180.000000000000000,0.000000000000000,125.000000000000000
4.852000,-2,-89.581999999999994,-33.454999999999998,-41.898919999999997,180.000000000000000,0.000000000000000,125.000000000000000
4.856000,-2,-89.581999999999994,-33.454999999999998,-41.907249999999998,180.000000000000000,0.000000000000000,125.000000000000000
4.860000,-2,-89.581999999999994,-33.454999999999998,-41.915579999999999,180.000000000000000,0.000000000000000,125.000000000000000
4.864000,-2,-89.581999999999994,-33.454999999999998,-41.923920000000003,180.000000000000000,0.000000000000000,125.000000000000000
4.868000,-2,-89.581999999999994,-33.454999999999998,-41.932250000000003,180.000000000000000,0.000000000000000,125.000000000000000
4.872000,-2,-89.581999999999994,-33.454999999999998,-41.940579999999997,180.000000000000000,0.000000000000000,125.000000000000000
4.876000,-2,-89.581999999999994,-33.454999999999998,-41.948920000000001,180.000000000000000,0.000000000000000,125.000000000000000
4.880000,-2,-89.581999999999994,-33.454999999999998,-41.957250000000002,180.000000000000000,0.000000000000000,125.000000000000000
4.884000,-2,-89.581999999999994,-33.454999999999998,-41.965580000000003,180.000000000000000,0.000000000000000,125.000000000000000
4.888000,-2,-89.581999999999994,-33.454999999999998,-41.973920000000000,180.000000000000000,0.000000000000000,125.000000000000000
4.892000,-2,-89.581999999999994,-33.454999999999998,-41.982250000000001,180.000000000000000,0.000000000000000,125.000000000000000
4.896000,-2,-89.581999999999994,-33.454999999999998,-41.990580000000001,180.000000000000000,0.000000000000000,125.000000000000000
4.900000,-2,-89.581999999999994,-33.454999999999998,-41.998919999999998,180.000000000000000,0.000000000000000,125.000000000000000
4.904000,-2,-89.581999999999994,-33.454999999999998,-42.007249999999999,180.000000000000000,0.000000000000000,125.000000000000000
4.908000,-2,-89.581999999999994,-33.454999999999998,-42.015580000000000,180.000000000000000,0.000000000000000,125.000000000000000
4.912000,-2,-89.581999999999994,-33.454999999999998,-42.023919999999997,180.000000000000000,0.000000000000000,125.000000000000000
4.916000,-2,-89.581999999999994,-33.454999999999998,-42.032249999999998,180.000000000000000,0.000000000000000,125.000000000000000
4.920000,-2,-89.581999999999994,-33.454999999999998,-42.040579999999999,180.000000000000000,0.000000000000000,125.000000000000000
4.924000,-2,-89.581999999999994,-33.454999999999998,-42.048920000000003,180.000000000000000,0.000000000000000,125.000000000000000
4.928000,-2,-89.581999999999994,-33.454999999999998,-42.057250000000003,180.000000000000000,0.000000000000000,125.000000000000000
4.932000,-2,-89.581999999999994,-33.454999999999998,-42.065579999999997,180.000000000000000,0.000000000000000,125.000000000000000
4.936000,-2,-89.581999999999994,-33.454999999999998,-42.073920000000001,180.000000000000000,0.000000000000000,125.000000000000000
4.940000,-2,-89.581999999999994,-33.454999999999998,-42.082250000000002,180.000000000000000,0.000000000000000,125.000000000000000
4.944000,-2,-89.581999999999994,-33.454999999999998,-42.090580000000003,180.000000000000000,0.000000000000000,125.000000000000000
4.948000,-2,-89.581999999999994,-33.454999999999998,-42.098920000000000,180.000000000000000,0.000000000000000,125.000000000000000
4.952000,-2,-89.581999999999994,-33.454999999999998,-42.107250000000001,180.000000000000000,0.000000000000000,125.000000000000000
4.956000,-2,-89.581999999999994,-33.454999999999998,-42.115580000000001,180.000000000000000,0.000000000000000,125.000000000000000
4.960000,-2,-89.581999999999994,-33.454999999999998,-42.123919999999998,180.000000000000000,0.000000000000000,125.000000000000000
4.964000,-2,-89.581999999999994,-33.454999999999998,-42.132249999999999,180.000000000000000,0.000000000000000,125.000000000000000
4.968000,-2,-89.581999999999994,-33.454999999999998,-42.140580000000000,180.000000000000000,0.000000000000000,125.000000000000000
4.972000,-2,-89.581999999999994,-33.454999999999998,-42.148919999999997,180.000000000000000,0.000000000000000,125.000000000000000
4.976000,-2,-89.581999999999994,-33.454999999999998,-42.157249999999998,180.000000000000000,0.000000000000000,125.000000000000000
4.980000,-2,-89.581999999999994,-33.454999999999998,-42.165579999999999,180.000000000000000,0.000000000000000,125.000000000000000
4.984000,-2,-89.581999999999994,-33.454999999999998,-42.173920000000003,180.000000000000000,0.000000000000000,125.000000000000000
4.988000,-2,-89.581999999999994,-33.454999999999998,-42.182250000000003,180.000000000000000,0.000000000000000,125.000000000000000
4.992000,-2,-89.581999999999994,-33.454999999999998,-42.190579999999997,180.000000000000000,0.000000000000000,125.000000000000000
4.996000,-2,-89.581999999999994,-33.454999999999998,-42.198920000000001,180.000000000000000,0.000000000000000,125.000000000000000
5.000000,-2,-89.581999999999994,-33.454999999999998,-42.207250000000002,180.000000000000000,0.000000000000000,125.000000000000000
5.004000,-2,-89.581999999999994,-33.454999999999998,-42.215580000000003,180.000000000000000,0.000000000000000,125.000000000000000
5.008000,-2,-89.581999999999994,-33.454999999999998,-42.223920000000000,180.000000000000000,0.000000000000000,125.000000000000000
5.012000,-2,-89.581999999999994,-33.454999999999998,-42.232250000000001,180.000000000000000,0.000000000000000,125.000000000000000
5.016000,-2,-89.581999999999994,-33.454999999999998,-42.240580000000001,180.000000000000000,0.000000000000000,125.000000000000000
5.020000,-2,-89.581999999999994,-33.454999999999998,-42.248919999999998,180.000000000000000,0.000000000000000,125.000000000000000
5.024000,-2,-89.581999999999994,-33.454999999999998,-42.257249999999999,180.000000000000000,0.000000000000000,125.000000000000000
5.028000,-2,-89.581999999999994,-33.454999999999998,-42.265580000000000,180.000000000000000,0.000000000000000,125.000000000000000
5.032000,-2,-89.581999999999994,-33.454999999999998,-42.273919999999997,180.000000000000000,0.000000000000000,125.000000000000000
5.036000,-2,-89.581999999999994,-33.454999999999998,-42.282249999999998,180.000000000000000,0.000000000000000,125.000000000000000
5.040000,-2,-89.581999999999994,-33.454999999999998,-42.290579999999999,180.000000000000000,0.000000000000000,125.000000000000000
5.044000,-2,-89.581999999999994,-33.454999999999998,-42.298920000000003,180.000000000000000,0.000000000000000,125.000000000000000
5.048000,-2,-89.581999999999994,-33.454999999999998,-42.307250000000003,180.000000000000000,0.000000000000000,125.000000000000000
5.052000,-2,-89.581999999999994,-33.454999999999998,-42.315579999999997,180.000000000000000,0.000000000000000,125.000000000000000
5.056000,-2,-89.581999999999994,-33.454999999999998,-42.323920000000001,180.000000000000000,0.000000000000000,125.000000000000000
5.060000,-2,-89.581999999999994,-33.454999999999998,-42.332250000000002,180.000000000000000,0.000000000000000,125.000000000000000
5.064000,-2,-89.581999999999994,-33.454999999999998,-42.340580000000003,180.000000000000000,0.000000000000000,125.000000000000000
5.068000,-2,-89.581999999999994,-33.454999999999998,-42.348920000000000,180.000000000000000,0.000000000000000,125.000000000000000
5.072000,-2,-89.581999999999994,-33.454999999999998,-42.357250000000001,180.000000000000000,0.000000000000000,125.000000000000000
5.076000,-2,-89.581999999999994,-33.454999999999998,-42.365580000000001,180.000000000000000,0.000000000000000,125.000000000000000
5.080000,-2,-89.581999999999994,-33.454999999999998,-42.373919999999998,180.000000000000000,0.000000000000000,125.000000000000000
5.084000,-2,-89.581999999999994,-33.454999999999998,-42.382249999999999,180.000000000000000,0.000000000000000,125.000000000000000
5.088000,-2,-89.581999999999994,-33.454999999999998,-42.390580000000000,180.000000000000000,0.000000000000000,125.000000000000000
5.092000,-2,-89.581999999999994,-33.454999999999998,-42.398919999999997,180.000000000000000,0.000000000000000,125.000000000000000
5.096000,-2,-89.581999999999994,-33.454999999999998,-42.407249999999998,180.000000000000000,0.000000000000000,125.000000000000000
5.100000,-2,-89.581999999999994,-33.454999999999998,-42.415579999999999,180.000000000000000,0.000000000000000,125.000000000000000
5.104000,-2,-89.581999999999994,-33.454999999999998,-42.423920000000003,180.000000000000000,0.000000000000000,125.000000000000000
5.108000,-2,-89.581999999999994,-33.454999999999998,-42.432250000000003,180.000000000000000,0.000000000000000,125.000000000000000
5.112000,-2,-89.581999999999994,-33.454999999999998,-42.440579999999997,180.000000000000000,0.000000000000000,125.000000000000000
5.116000,-2,-89.581999999999994,-33.454999999999998,-42.448920000000001,180.000000000000000,0.000000000000000,125.000000000000000
5.120000,-2,-89.581999999999994,-33.454999999999998,-42.457250000000002,180.000000000000000,0.000000000000000,125.000000000000000
5.124000,-2,-89.581999999999994,-33.454999999999998,-42.465580000000003,180.000000000000000,0.000000000000000,125.000000000000000
5.128000,-2,-89.581999999999994,-33.454999999999998,-42.473920000000000,180.000000000000000,0.000000000000000,125.000000000000000
5.132000,-2,-89.581999999999994,-33.454999999999998,-42.482250000000001,180.000000000000000,0.000000000000000,125.000000000000000
5.136000,-2,-89.581999999999994,-33.454999999999998,-42.490580000000001,180.000000000000000,0.000000000000000,125.000000000000000
5.140000,-2,-89.581999999999994,-33.454999999999998,-42.498919999999998,180.000000000000000,0.000000000000000,125.000000000000000
5.144000,-2,-89.581999999999994,-33.454999999999998,-42.507249999999999,180.000000000000000,0.000000000000000,125.000000000000000
5.148000,-2,-89.581999999999994,-33.454999999999998,-42.515580000000000,180.000000000000000,0.000000000000000,125.000000000000000
5.152000,-2,-89.581999999999994,-33.454999999999998,-42.523919999999997,180.000000000000000,0.000000000000000,125.000000000000000
5.156000,-2,-89.581999999999994,-33.454999999999998,-42.532249999999998,180.000000000000000,0.000000000000000,125.000000000000000
5.160000,-2,-89.581999999999994,-33.454999999999998,-42.540579999999999,180.000000000000000,0.000000000000000,125.000000000000000
5.164000,-2,-89.581999999999994,-33.454999999999998,-42.548920000000003,180.000000000000000,0.000000000000000,125.000000000000000
5.168000,-2,-89.581999999999994,-33.454999999999998,-42.557250000000003,180.000000000000000,0.000000000000000,125.000000000000000
5.172000,-2,-89.581999999999994,-33.454999999999998,-42.565579999999997,180.000000000000000,0.000000000000000,125.000000000000000
5.176000,-2,-89.581999999999994,-33.454999999999998,-42.573920000000001,180.000000000000000,0.000000000000000,125.000000000000000
5.180000,-2,-89.581999999999994,-33.454999999999998,-42.582250000000002,180.000000000000000,0.000000000000000,125.000000000000000
5.184000,-2,-89.581999999999994,-33.454999999999998,-42.590580000000003,180.000000000000000,0.000000000000000,125.000000000000000
5.188000,-2,-89.581999999999994,-33.454999999999998,-42.598920000000000,180.000000000000000,0.000000000000000,125.000000000000000
5.192000,-2,-89.581999999999994,-33.454999999999998,-42.607250000000001,180.000000000000000,0.000000000000000,125.000000000000000
5.196000,-2,-89.581999999999994,-33.454999999999998,-42.615580000000001,180.000000000000000,0.000000000000000,125.000000000000000
5.200000,-2,-89.581999999999994,-33.454999999999998,-42.623919999999998,180.000000000000000,0.000000000000000,125.000000000000000
5.204000,-2,-89.581999999999994,-33.454999999999998,-42.632249999999999,180.000000000000000,0.000000000000000,125.000000000000000
5.208000,-2,-89.581999999999994,-33.454999999999998,-42.640580000000000,180.000000000000000,0.000000000000000,125.000000000000000
5.212000,-2,-89.581999999999994,-33.454999999999998,-42.648919999999997,180.000000000000000,0.000000000000000,125.000000000000000
5.216000,-2,-89.581999999999994,-33.454999999999998,-42.657249999999998,180.000000000000000,0.000000000000000,125.000000000000000
5.220000,-2,-89.581999999999994,-33.454999999999998,-42.665579999999999,180.000000000000000,0.000000000000000,125.000000000000000
5.224000,-2,-89.581999999999994,-33.454999999999998,-42.673920000000003,180.000000000000000,0.000000000000000,125.000000000000000
5.228000,-2,-89.581999999999994,-33.454999999999998,-42.682250000000003,180.000000000000000,0.000000000000000,125.000000000000000
5.232000,-2,-89.581999999999994,-33.454999999999998,-42.690579999999997,180.000000000000000,0.000000000000000,125.000000000000000
5.236000,-2,-89.581999999999994,-33.454999999999998,-42.698920000000001,180.000000000000000,0.000000000000000,125.000000000000000
5.240000,-2,-89.581999999999994,-33.454999999999998,-42.707250000000002,180.000000000000000,0.000000000000000,125.000000000000000
5.244000,-2,-89.581999999999994,-33.454999999999998,-42.715580000000003,180.000000000000000,0.000000000000000,125.000000000000000
5.248000,-2,-89.581999999999994,-33.454999999999998,-42.723920000000000,180.000000000000000,0.000000000000000,125.000000000000000
5.252000,-2,-89.581999999999994,-33.454999999999998,-42.732250000000001,180.000000000000000,0.000000000000000,125.000000000000000
5.256000,-2,-89.581999999999994,-33.454999999999998,-42.740580000000001,180.000000000000000,0.000000000000000,125.000000000000000
5.260000,-2,-89.581999999999994,-33.454999999999998,-42.748919999999998,180.000000000000000,0.000000000000000,125.000000000000000
5.264000,-2,-89.581999999999994,-33.454999999999998,-42.757249999999999,180.000000000000000,0.000000000000000,125.000000000000000
5.268000,-2,-89.581999999999994,-33.454999999999998,-42.765580000000000,180.000000000000000,0.000000000000000,125.000000000000000
5.272000,-2,-89.581999999999994,-33.454999999999998,-42.773919999999997,180.000000000000000,0.000000000000000,125.000000000000000
5.276000,-2,-89.581999999999994,-33.454999999999998,-42.782249999999998,180.000000000000000,0.000000000000000,125.000000000000000
5.280000,-2,-89.581999999999994,-33.454999999999998,-42.790579999999999,180.000000000000000,0.000000000000000,125.000000000000000
5.284000,-2,-89.581999999999994,-33.454999999999998,-42.798920000000003,180.000000000000000,0.000000000000000,125.000000000000000
5.288000,-2,-89.581999999999994,-33.454999999999998,-42.807250000000003,180.000000000000000,0.000000000000000,125.000000000000000
5.292000,-2,-89.581999999999994,-33.454999999999998,-42.815579999999997,180.000000000000000,0.000000000000000,125.000000000000000
5.296000,-2,-89.581999999999994,-33.454999999999998,-42.823920000000001,180.000000000000000,0.000000000000000,125.000000000000000
5.300000,-2,-89.581999999999994,-33.454999999999998,-42.832250000000002,180.000000000000000,0.000000000000000,125.000000000000000
5.304000,-2,-89.581999999999994,-33.454999999999998,-42.840580000000003,180.000000000000000,0.000000000000000,125.000000000000000
5.308000,-2,-89.581999999999994,-33.454999999999998,-42.848920000000000,180.000000000000000,0.000000000000000,125.000000000000000
5.312000,-2,-89.581999999999994,-33.454999999999998,-42.857250000000001,180.000000000000000,0.000000000000000,125.000000000000000
5.316000,-2,-89.581999999999994,-33.454999999999998,-42.865580000000001,180.000000000000000,0.000000000000000,125.000000000000000
5.320000,-2,-89.581999999999994,-33.454999999999998,-42.873919999999998,180.000000000000000,0.000000000000000,125.000000000000000
5.324000,-2,-89.581999999999994,-33.454999999999998,-42.882249999999999,180.000000000000000,0.000000000000000,125.000000000000000
5.328000,-2,-89.581999999999994,-33.454999999999998,-42.890580000000000,180.000000000000000,0.000000000000000,125.000000000000000
5.332000,-2,-89.581999999999994,-33.454999999999998,-42.898919999999997,180.000000000000000,0.000000000000000,125.000000000000000
5.336000,-2,-89.581999999999994,-33.454999999999998,-42.907249999999998,180.000000000000000,0.000000000000000,125.000000000000000
5.340000,-2,-89.581999999999994,-33.454999999999998,-42.915579999999999,180.000000000000000,0.000000000000000,125.000000000000000
5.344000,-2,-89.581999999999994,-33.454999999999998,-42.923920000000003,180.000000000000000,0.000000000000000,125.000000000000000
5.348000,-2,-89.581999999999994,-33.454999999999998,-42.932250000000003,180.000000000000000,0.000000000000000,125.000000000000000
5.352000,-2,-89.581999999999994,-33.454999999999998,-42.940579999999997,180.000000000000000,0.000000000000000,125.000000000000000
5.356000,-2,-89.581999999999994,-33.454999999999998,-42.948920000000001,180.000000000000000,0.000000000000000,125.000000000000000
5.360000,-2,-89.581999999999994,-33.454999999999998,-42.957250000000002,180.000000000000000,0.000000000000000,125.000000000000000
5.364000,-2,-89.581999999999994,-33.454999999999998,-42.965580000000003,180.000000000000000,0.000000000000000,125.000000000000000
5.368000,-2,-89.581999999999994,-33.454999999999998,-42.973920000000000,180.000000000000000,0.000000000000000,125.000000000000000
5.372000,-2,-89.581999999999994,-33.454999999999998,-42.982250000000001,180.000000000000000,0.000000000000000,125.000000000000000
5.376000,-2,-89.581999999999994,-33.454999999999998,-42.990580000000001,180.000000000000000,0.000000000000000,125.000000000000000
5.380000,-2,-89.581999999999994,-33.454999999999998,-42.998919999999998,180.000000000000000,0.000000000000000,125.000000000000000
5.384000,-2,-89.581999999999994,-33.454999999999998,-43.007249999999999,180.000000000000000,0.000000000000000,125.000000000000000
5.388000,-2,-89.581999999999994,-33.454999999999998,-43.015580000000000,180.000000000000000,0.000000000000000,125.000000000000000
5.392000,-2,-89.581999999999994,-33.454999999999998,-43.023919999999997,180.000000000000000,0.000000000000000,125.000000000000000
5.396000,-2,-89.581999999999994,-33.454999999999998,-43.032249999999998,180.000000000000000,0.000000000000000,125.000000000000000
5.400000,-2,-89.581999999999994,-33.454999999999998,-43.040579999999999,180.000000000000000,0.000000000000000,125.000000000000000
5.404000,-2,-89.581999999999994,-33.454999999999998,-43.048920000000003,180.000000000000000,0.000000000000000,125.000000000000000
5.408000,-2,-89.581999999999994,-33.454999999999998,-43.057250000000003,180.000000000000000,0.000000000000000,125.000000000000000
5.412000,-2,-89.581999999999994,-33.454999999999998,-43.065579999999997,180.000000000000000,0.000000000000000,125.000000000000000
5.416000,-2,-89.581999999999994,-33.454999999999998,-43.073920000000001,180.000000000000000,0.000000000000000,125.000000000000000
5.420000,-2,-89.581999999999994,-33.454999999999998,-43.082250000000002,180.000000000000000,0.000000000000000,125.000000000000000
5.424000,-2,-89.581999999999994,-33.454999999999998,-43.090580000000003,180.000000000000000,0.000000000000000,125.000000000000000
5.428000,-2,-89.581999999999994,-33.454999999999998,-43.098920000000000,180.000000000000000,0.000000000000000,125.000000000000000
5.432000,-2,-89.581999999999994,-33.454999999999998,-43.107250000000001,180.000000000000000,0.000000000000000,125.000000000000000
5.436000,-2,-89.581999999999994,-33.454999999999998,-43.115580000000001,180.000000000000000,0.000000000000000,125.000000000000000
5.440000,-2,-89.581999999999994,-33.454999999999998,-43.123919999999998,180.000000000000000,0.000000000000000,125.000000000000000
5.444000,-2,-89.581999999999994,-33.454999999999998,-43.132249999999999,180.000000000000000,0.000000000000000,125.000000000000000
5.448000,-2,-89.581999999999994,-33.454999999999998,-43.140580000000000,180.000000000000000,0.000000000000000,125.000000000000000
5.452000,-2,-89.581999999999994,-33.454999999999998,-43.148919999999997,180.000000000000000,0.000000000000000,125.000000000000000
5.456000,-2,-89.581999999999994,-33.454999999999998,-43.157249999999998,180.000000000000000,0.000000000000000,125.000000000000000
5.460000,-2,-89.581999999999994,-33.454999999999998,-43.165579999999999,180.000000000000000,0.000000000000000,125.000000000000000
5.464000,-2,-89.581999999999994,-33.454999999999998,-43.173920000000003,180.000000000000000,0.000000000000000,125.000000000000000
5.468000,-2,-89.581999999999994,-33.454999999999998,-43.182250000000003,180.000000000000000,0.000000000000000,125.000000000000000
5.472000,-2,-89.581999999999994,-33.454999999999998,-43.190579999999997,180.000000000000000,0.000000000000000,125.000000000000000
5.476000,-2,-89.581999999999994,-33.454999999999998,-43.198920000000001,180.000000000000000,0.000000000000000,125.000000000000000
5.480000,-2,-89.581999999999994,-33.454999999999998,-43.207250000000002,180.000000000000000,0.000000000000000,125.000000000000000
5.484000,-2,-89.581999999999994,-33.454999999999998,-43.215580000000003,180.000000000000000,0.000000000000000,125.000000000000000
5.488000,-2,-89.581999999999994,-33.454999999999998,-43.223920000000000,180.000000000000000,0.000000000000000,125.000000000000000
5.492000,-2,-89.581999999999994,-33.454999999999998,-43.232250000000001,180.000000000000000,0.000000000000000,125.000000000000000
5.496000,-2,-89.581999999999994,-33.454999999999998,-43.240580000000001,180.000000000000000,0.000000000000000,125.000000000000000
5.500000,-2,-89.581999999999994,-33.454999999999998,-43.248919999999998,180.000000000000000,0.000000000000000,125.000000000000000
5.504000,-2,-89.581999999999994,-33.454999999999998,-43.257249999999999,180.000000000000000,0.000000000000000,125.000000000000000
5.508000,-2,-89.581999999999994,-33.454999999999998,-43.265580000000000,180.000000000000000,0.000000000000000,125.000000000000000
5.512000,-2,-89.581999999999994,-33.454999999999998,-43.273919999999997,180.000000000000000,0.000000000000000,125.000000000000000
5.516000,-2,-89.581999999999994,-33.454999999999998,-43.282249999999998,180.000000000000000,0.000000000000000,125.000000000000000
5.520000,-2,-89.581999999999994,-33.454999999999998,-43.290579999999999,180.000000000000000,0.000000000000000,125.000000000000000
5.524000,-2,-89.581999999999994,-33.454999999999998,-43.298920000000003,180.000000000000000,0.000000000000000,125.000000000000000
5.528000,-2,-89.581999999999994,-33.454999999999998,-43.307250000000003,180.000000000000000,0.000000000000000,125.000000000000000
5.532000,-2,-89.581999999999994,-33.454999999999998,-43.315579999999997,180.000000000000000,0.000000000000000,125.000000000000000
5.536000,-2,-89.581999999999994,-33.454999999999998,-43.323920000000001,180.000000000000000,0.000000000000000,125.000000000000000
5.540000,-2,-89.581999999999994,-33.454999999999998,-43.332250000000002,180.000000000000000,0.000000000000000,125.000000000000000
5.544000,-2,-89.581999999999994,-33.454999999999998,-43.340580000000003,180.000000000000000,0.000000000000000,125.000000000000000
5.548000,-2,-89.581999999999994,-33.454999999999998,-43.348920000000000,180.000000000000000,0.000000000000000,125.000000000000000
5.552000,-2,-89.581999999999994,-33.454999999999998,-43.357250000000001,180.000000000000000,0.000000000000000,125.000000000000000
5.556000,-2,-89.581999999999994,-33.454999999999998,-43.365580000000001,180.000000000000000,0.000000000000000,125.000000000000000
5.560000,-2,-89.581999999999994,-33.454999999999998,-43.373919999999998,180.000000000000000,0.000000000000000,125.000000000000000
5.564000,-2,-89.581999999999994,-33.454999999999998,-43.382249999999999,180.000000000000000,0.000000000000000,125.000000000000000
5.568000,-2,-89.581999999999994,-33.454999999999998,-43.390580000000000,180.000000000000000,0.000000000000000,125.000000000000000
5.572000,-2,-89.581999999999994,-33.454999999999998,-43.398919999999997,180.000000000000000,0.000000000000000,125.000000000000000
5.576000,-2,-89.581999999999994,-33.454999999999998,-43.407249999999998,180.000000000000000,0.000000000000000,125.000000000000000
5.580000,-2,-89.581999999999994,-33.454999999999998,-43.415579999999999,180.000000000000000,0.000000000000000,125.000000000000000
5.584000,-2,-89.581999999999994,-33.454999999999998,-43.423920000000003,180.000000000000000,0.000000000000000,125.000000000000000
5.588000,-2,-89.581999999999994,-33.454999999999998,-43.432250000000003,180.000000000000000,0.000000000000000,125.000000000000000
5.592000,-2,-89.581999999999994,-33.454999999999998,-43.440579999999997,180.000000000000000,0.000000000000000,125.000000000000000
5.596000,-2,-89.581999999999994,-33.454999999999998,-43.448920000000001,180.000000000000000,0.000000000000000,125.000000000000000
5.600000,-2,-89.581999999999994,-33.454999999999998,-43.457250000000002,180.000000000000000,0.000000000000000,125.000000000000000
5.604000,-2,-89.581999999999994,-33.454999999999998,-43.465580000000003,180.000000000000000,0.000000000000000,125.000000000000000
5.608000,-2,-89.581999999999994,-33.454999999999998,-43.473920000000000,180.000000000000000,0.000000000000000,125.000000000000000
5.612000,-2,-89.581999999999994,-33.454999999999998,-43.482250000000001,180.000000000000000,0.000000000000000,125.000000000000000
5.616000,-2,-89.581999999999994,-33.454999999999998,-43.490580000000001,180.000000000000000,0.000000000000000,125.000000000000000
5.620000,-2,-89.581999999999994,-33.454999999999998,-43.498919999999998,180.000000000000000,0.000000000000000,125.000000000000000
5.624000,-2,-89.581999999999994,-33.454999999999998,-43.507249999999999,180.000000000000000,0.000000000000000,125.000000000000000
5.628000,-2,-89.581999999999994,-33.454999999999998,-43.515580000000000,180.000000000000000,0.000000000000000,125.000000000000000
5.632000,-2,-89.581999999999994,-33.454999999999998,-43.523919999999997,180.000000000000000,0.000000000000000,125.000000000000000
5.636000,-2,-89.581999999999994,-33.454999999999998,-43.532249999999998,180.000000000000000,0.000000000000000,125.000000000000000
5.640000,-2,-89.581999999999994,-33.454999999999998,-43.540579999999999,180.000000000000000,0.000000000000000,125.000000000000000
5.644000,-2,-89.581999999999994,-33.454999999999998,-43.548920000000003,180.000000000000000,0.000000000000000,125.000000000000000
5.648000,-2,-89.581999999999994,-33.454999999999998,-43.557250000000003,180.000000000000000,0.000000000000000,125.000000000000000
5.652000,-2,-89.581999999999994,-33.454999999999998,-43.565579999999997,180.000000000000000,0.000000000000000,125.000000000000000
5.656000,-2,-89.581999999999994,-33.454999999999998,-43.573920000000001,180.000000000000000,0.000000000000000,125.000000000000000
5.660000,-2,-89.581999999999994,-33.454999999999998,-43.582250000000002,180.000000000000000,0.000000000000000,125.000000000000000
5.664000,-2,-89.581999999999994,-33.454999999999998,-43.590580000000003,180.000000000000000,0.000000000000000,125.000000000000000
5.668000,-2,-89.581999999999994,-33.454999999999998,-43.598920000000000,180.000000000000000,0.000000000000000,125.000000000000000
5.672000,-2,-89.581999999999994,-33.454999999999998,-43.607250000000001,180.000000000000000,0.000000000000000,125.000000000000000
5.676000,-2,-89.581999999999994,-33.454999999999998,-43.615580000000001,180.000000000000000,0.000000000000000,125.000000000000000
5.680000,-2,-89.581999999999994,-33.454999999999998,-43.623919999999998,180.000000000000000,0.000000000000000,125.000000000000000
5.684000,-2,-89.581999999999994,-33.454999999999998,-43.632249999999999,180.000000000000000,0.000000000000000,125.000000000000000
5.688000,-2,-89.581999999999994,-33.454999999999998,-43.640580000000000,180.000000000000000,0.000000000000000,125.000000000000000
5.692000,-2,-89.581999999999994,-33.454999999999998,-43.648919999999997,180.000000000000000,0.000000000000000,125.000000000000000
5.696000,-2,-89.581999999999994,-33.454999999999998,-43.657249999999998,180.000000000000000,0.000000000000000,125.000000000000000
5.700000,-2,-89.581999999999994,-33.454999999999998,-43.665579999999999,180.000000000000000,0.000000000000000,125.000000000000000
5.704000,-2,-89.581999999999994,-33.454999999999998,-43.673920000000003,180.000000000000000,0.000000000000000,125.000000000000000
5.708000,-2,-89.581999999999994,-33.454999999999998,-43.682250000000003,180.000000000000000,0.000000000000000,125.000000000000000
5.712000,-2,-89.581999999999994,-33.454999999999998,-43.690579999999997,180.000000000000000,0.000000000000000,125.000000000000000
5.716000,-2,-89.581999999999994,-33.454999999999998,-43.698920000000001,180.000000000000000,0.000000000000000,125.000000000000000
5.720000,-2,-89.581999999999994,-33.454999999999998,-43.707250000000002,180.000000000000000,0.000000000000000,125.000000000000000
5.724000,-2,-89.581999999999994,-33.454999999999998,-43.715580000000003,180.000000000000000,0.000000000000000,125.000000000000000
5.728000,-2,-89.581999999999994,-33.454999999999998,-43.723920000000000,180.000000000000000,0.000000000000000,125.000000000000000
5.732000,-2,-89.581999999999994,-33.454999999999998,-43.732250000000001,180.000000000000000,0.000000000000000,125.000000000000000
5.736000,-2,-89.581999999999994,-33.454999999999998,-43.740580000000001,180.000000000000000,0.000000000000000,125.000000000000000
5.740000,-2,-89.581999999999994,-33.454999999999998,-43.748919999999998,180.000000000000000,0.000000000000000,125.000000000000000
5.744000,-2,-89.581999999999994,-33.454999999999998,-43.757249999999999,180.000000000000000,0.000000000000000,125.000000000000000
5.748000,-2,-89.581999999999994,-33.454999999999998,-43.765580000000000,180.000000000000000,0.000000000000000,125.000000000000000
5.752000,-2,-89.581999999999994,-33.454999999999998,-43.773919999999997,180.000000000000000,0.000000000000000,125.000000000000000
5.756000,-2,-89.581999999999994,-33.454999999999998,-43.782249999999998,180.000000000000000,0.000000000000000,125.000000000000000
5.760000,-2,-89.581999999999994,-33.454999999999998,-43.790579999999999,180.000000000000000,0.000000000000000,125.000000000000000
5.764000,-2,-89.581999999999994,-33.454999999999998,-43.798920000000003,180.000000000000000,0.000000000000000,125.000000000000000
5.768000,-2,-89.581999999999994,-33.454999999999998,-43.807250000000003,180.000000000000000,0.000000000000000,125.000000000000000
5.772000,-2,-89.581999999999994,-33.454999999999998,-43.815579999999997,180.000000000000000,0.000000000000000,125.000000000000000
5.776000,-2,-89.581999999999994,-33.454999999999998,-43.823920000000001,180.000000000000000,0.000000000000000,125.000000000000000
5.780000,-2,-89.581999999999994,-33.454999999999998,-43.832250000000002,180.000000000000000,0.000000000000000,125.000000000000000
5.784000,-2,-89.581999999999994,-33.454999999999998,-43.840580000000003,180.000000000000000,0.000000000000000,125.000000000000000
5.788000,-2,-89.581999999999994,-33.454999999999998,-43.848920000000000,180.000000000000000,0.000000000000000,125.000000000000000
5.792000,-2,-89.581999999999994,-33.454999999999998,-43.857250000000001,180.000000000000000,0.000000000000000,125.000000000000000
5.796000,-2,-89.581999999999994,-33.454999999999998,-43.865580000000001,180.000000000000000,0.000000000000000,125.000000000000000
5.800000,-2,-89.581999999999994,-33.454999999999998,-43.873919999999998,180.000000000000000,0.000000000000000,125.000000000000000
5.804000,-2,-89.581999999999994,-33.454999999999998,-43.882249999999999,180.000000000000000,0.000000000000000,125.000000000000000
5.808000,-2,-89.581999999999994,-33.454999999999998,-43.890580000000000,180.000000000000000,0.000000000000000,125.000000000000000
5.812000,-2,-89.581999999999994,-33.454999999999998,-43.898919999999997,180.000000000000000,0.000000000000000,125.000000000000000
5.816000,-2,-89.581999999999994,-33.454999999999998,-43.907249999999998,180.000000000000000,0.000000000000000,125.000000000000000
5.820000,-2,-89.581999999999994,-33.454999999999998,-43.915579999999999,180.000000000000000,0.000000000000000,125.000000000000000
5.824000,-2,-89.581999999999994,-33.454999999999998,-43.923920000000003,180.000000000000000,0.000000000000000,125.000000000000000
5.828000,-2,-89.581999999999994,-33.454999999999998,-43.932250000000003,180.000000000000000,0.000000000000000,125.000000000000000
5.832000,-2,-89.581999999999994,-33.454999999999998,-43.940579999999997,180.000000000000000,0.000000000000000,125.000000000000000
5.836000,-2,-89.581999999999994,-33.454999999999998,-43.948920000000001,180.000000000000000,0.000000000000000,125.000000000000000
5.840000,-2,-89.581999999999994,-33.454999999999998,-43.957250000000002,180.000000000000000,0.000000000000000,125.000000000000000
5.844000,-2,-89.581999999999994,-33.454999999999998,-43.965580000000003,180.000000000000000,0.000000000000000,125.000000000000000
5.848000,-2,-89.581999999999994,-33.454999999999998,-43.973920000000000,180.000000000000000,0.000000000000000,125.000000000000000
5.852000,-2,-89.581999999999994,-33.454999999999998,-43.982250000000001,180.000000000000000,0.000000000000000,125.000000000000000
5.856000,-2,-89.581999999999994,-33.454999999999998,-43.990580000000001,180.000000000000000,0.000000000000000,125.000000000000000
5.860000,-2,-89.581999999999994,-33.454999999999998,-43.998919999999998,180.000000000000000,0.000000000000000,125.000000000000000
5.864000,-2,-89.581999999999994,-33.454999999999998,-44.007249999999999,180.000000000000000,0.000000000000000,125.000000000000000
5.868000,-2,-89.581999999999994,-33.454999999999998,-44.015580000000000,180.000000000000000,0.000000000000000,125.000000000000000
5.872000,-2,-89.581999999999994,-33.454999999999998,-44.023919999999997,180.000000000000000,0.000000000000000,125.000000000000000
5.876000,-2,-89.581999999999994,-33.454999999999998,-44.032249999999998,180.000000000000000,0.000000000000000,125.000000000000000
5.880000,-2,-89.581999999999994,-33.454999999999998,-44.040579999999999,180.000000000000000,0.000000000000000,125.000000000000000
5.884000,-2,-89.581999999999994,-33.454999999999998,-44.048920000000003,180.000000000000000,0.000000000000000,125.000000000000000
5.888000,-2,-89.581999999999994,-33.454999999999998,-44.057250000000003,180.000000000000000,0.000000000000000,125.000000000000000
5.892000,-2,-89.581999999999994,-33.454999999999998,-44.065579999999997,180.000000000000000,0.000000000000000,125.000000000000000
5.896000,-2,-89.581999999999994,-33.454999999999998,-44.073920000000001,180.000000000000000,0.000000000000000,125.000000000000000
5.900000,-2,-89.581999999999994,-33.454999999999998,-44.082250000000002,180.000000000000000,0.000000000000000,125.000000000000000
5.904000,-2,-89.581999999999994,-33.454999999999998,-44.090580000000003,180.000000000000000,0.000000000000000,125.000000000000000
5.908000,-2,-89.581999999999994,-33.454999999999998,-44.098920000000000,180.000000000000000,0.000000000000000,125.000000000000000
5.912000,-2,-89.581999999999994,-33.454999999999998,-44.107250000000001,180.000000000000000,0.000000000000000,125.000000000000000
5.916000,-2,-89.581999999999994,-33.454999999999998,-44.115580000000001,180.000000000000000,0.000000000000000,125.000000000000000
5.920000,-2,-89.581999999999994,-33.454999999999998,-44.123919999999998,180.000000000000000,0.000000000000000,125.000000000000000
5.924000,-2,-89.581999999999994,-33.454999999999998,-44.132249999999999,180.000000000000000,0.000000000000000,125.000000000000000
5.928000,-2,-89.581999999999994,-33.454999999999998,-44.140580000000000,180.000000000000000,0.000000000000000,125.000000000000000
5.932000,-2,-89.581999999999994,-33.454999999999998,-44.148919999999997,180.000000000000000,0.000000000000000,125.000000000000000
5.936000,-2,-89.581999999999994,-33.454999999999998,-44.157249999999998,180.000000000000000,0.000000000000000,125.000000000000000
5.940000,-2,-89.581999999999994,-33.454999999999998,-44.165579999999999,180.000000000000000,0.000000000000000,125.000000000000000
5.944000,-2,-89.581999999999994,-33.454999999999998,-44.173920000000003,180.000000000000000,0.000000000000000,125.000000000000000
5.948000,-2,-89.581999999999994,-33.454999999999998,-44.182250000000003,180.000000000000000,0.000000000000000,125.000000000000000
5.952000,-2,-89.581999999999994,-33.454999999999998,-44.190579999999997,180.000000000000000,0.000000000000000,125.000000000000000
5.956000,-2,-89.581999999999994,-33.454999999999998,-44.198920000000001,180.000000000000000,0.000000000000000,125.000000000000000
5.960000,-2,-89.581999999999994,-33.454999999999998,-44.207250000000002,180.000000000000000,0.000000000000000,125.000000000000000
5.964000,-2,-89.581999999999994,-33.454999999999998,-44.215580000000003,180.000000000000000,0.000000000000000,125.000000000000000
5.968000,-2,-89.581999999999994,-33.454999999999998,-44.223920000000000,180.000000000000000,0.000000000000000,125.000000000000000
5.972000,-2,-89.581999999999994,-33.454999999999998,-44.232250000000001,180.000000000000000,0.000000000000000,125.000000000000000
5.976000,-2,-89.581999999999994,-33.454999999999998,-44.240580000000001,180.000000000000000,0.000000000000000,125.000000000000000
5.980000,-2,-89.581999999999994,-33.454999999999998,-44.248919999999998,180.000000000000000,0.000000000000000,125.000000000000000
5.984000,-2,-89.581999999999994,-33.454999999999998,-44.257249999999999,180.000000000000000,0.000000000000000,125.000000000000000
5.988000,-2,-89.581999999999994,-33.454999999999998,-44.265580000000000,180.000000000000000,0.000000000000000,125.000000000000000
5.992000,-2,-89.581999999999994,-33.454999999999998,-44.273919999999997,180.000000000000000,0.000000000000000,125.000000000000000
5.996000,-2,-89.581999999999994,-33.454999999999998,-44.282249999999998,180.000000000000000,0.000000000000000,125.000000000000000
6.000000,-2,-89.581999999999994,-33.454999999999998,-44.290579999999999,180.000000000000000,0.000000000000000,125.000000000000000
6.004000,-2,-89.581999999999994,-33.454999999999998,-44.298920000000003,180.000000000000000,0.000000000000000,125.000000000000000
6.008000,-2,-89.581999999999994,-33.454999999999998,-44.307250000000003,180.000000000000000,0.000000000000000,125.000000000000000
6.012000,-2,-89.581999999999994,-33.454999999999998,-44.315579999999997,180.000000000000000,0.000000000000000,125.000000000000000
6.016000,-2,-89.581999999999994,-33.454999999999998,-44.323920000000001,180.000000000000000,0.000000000000000,125.000000000000000
6.020000,-2,-89.581999999999994,-33.454999999999998,-44.332250000000002,180.000000000000000,0.000000000000000,125.000000000000000
6.024000,-2,-89.581999999999994,-33.454999999999998,-44.340580000000003,180.000000000000000,0.000000000000000,125.000000000000000
6.028000,-2,-89.581999999999994,-33.454999999999998,-44.348920000000000,180.000000000000000,0.000000000000000,125.000000000000000
6.032000,-2,-89.581999999999994,-33.454999999999998,-44.357250000000001,180.000000000000000,0.000000000000000,125.000000000000000
6.036000,-2,-89.581999999999994,-33.454999999999998,-44.365580000000001,180.000000000000000,0.000000000000000,125.000000000000000
6.040000,-2,-89.581999999999994,-33.454999999999998,-44.373919999999998,180.000000000000000,0.000000000000000,125.000000000000000
6.044000,-2,-89.581999999999994,-33.454999999999998,-44.382249999999999,180.000000000000000,0.000000000000000,125.000000000000000
6.048000,-2,-89.581999999999994,-33.454999999999998,-44.390580000000000,180.000000000000000,0.000000000000000,125.000000000000000
6.052000,-2,-89.581999999999994,-33.454999999999998,-44.398919999999997,180.000000000000000,0.000000000000000,125.000000000000000
6.056000,-2,-89.581999999999994,-33.454999999999998,-44.407249999999998,180.000000000000000,0.000000000000000,125.000000000000000
6.060000,-2,-89.581999999999994,-33.454999999999998,-44.415579999999999,180.000000000000000,0.000000000000000,125.000000000000000
6.064000,-2,-89.581999999999994,-33.454999999999998,-44.423920000000003,180.000000000000000,0.000000000000000,125.000000000000000
6.068000,-2,-89.581999999999994,-33.454999999999998,-44.432250000000003,180.000000000000000,0.000000000000000,125.000000000000000
6.072000,-2,-89.581999999999994,-33.454999999999998,-44.440579999999997,180.000000000000000,0.000000000000000,125.000000000000000
6.076000,-2,-89.581999999999994,-33.454999999999998,-44.448920000000001,180.000000000000000,0.000000000000000,125.000000000000000
6.080000,-2,-89.581999999999994,-33.454999999999998,-44.457250000000002,180.000000000000000,0.000000000000000,125.000000000000000
6.084000,-2,-89.581999999999994,-33.454999999999998,-44.465580000000003,180.000000000000000,0.000000000000000,125.000000000000000
6.088000,-2,-89.581999999999994,-33.454999999999998,-44.473920000000000,180.000000000000000,0.000000000000000,125.000000000000000
6.092000,-2,-89.581999999999994,-33.454999999999998,-44.482250000000001,180.000000000000000,0.000000000000000,125.000000000000000
6.096000,-2,-89.581999999999994,-33.454999999999998,-44.490580000000001,180.000000000000000,0.000000000000000,125.000000000000000
6.100000,-2,-89.581999999999994,-33.454999999999998,-44.498919999999998,180.000000000000000,0.000000000000000,125.000000000000000
6.104000,-2,-89.581999999999994,-33.454999999999998,-44.507249999999999,180.000000000000000,0.000000000000000,125.000000000000000
6.108000,-2,-89.581999999999994,-33.454999999999998,-44.515580000000000,180.000000000000000,0.000000000000000,125.000000000000000
6.112000,-2,-89.581999999999994,-33.454999999999998,-44.523919999999997,180.000000000000000,0.000000000000000,125.000000000000000
6.116000,-2,-89.581999999999994,-33.454999999999998,-44.532249999999998,180.000000000000000,0.000000000000000,125.000000000000000
6.120000,-2,-89.581999999999994,-33.454999999999998,-44.540579999999999,180.000000000000000,0.000000000000000,125.000000000000000
6.124000,-2,-89.581999999999994,-33.454999999999998,-44.548920000000003,180.000000000000000,0.000000000000000,125.000000000000000
6.128000,-2,-89.581999999999994,-33.454999999999998,-44.557250000000003,180.000000000000000,0.000000000000000,125.000000000000000
6.132000,-2,-89.581999999999994,-33.454999999999998,-44.565579999999997,180.000000000000000,0.000000000000000,125.000000000000000
6.136000,-2,-89.581999999999994,-33.454999999999998,-44.573920000000001,180.000000000000000,0.000000000000000,125.000000000000000
6.140000,-2,-89.581999999999994,-33.454999999999998,-44.582250000000002,180.000000000000000,0.000000000000000,125.000000000000000
6.144000,-2,-89.581999999999994,-33.454999999999998,-44.590580000000003,180.000000000000000,0.000000000000000,125.000000000000000
6.148000,-2,-89.581999999999994,-33.454999999999998,-44.598920000000000,180.000000000000000,0.000000000000000,125.000000000000000
6.152000,-2,-89.581999999999994,-33.454999999999998,-44.607250000000001,180.000000000000000,0.000000000000000,125.000000000000000
6.156000,-2,-89.581999999999994,-33.454999999999998,-44.615580000000001,180.000000000000000,0.000000000000000,125.000000000000000
6.160000,-2,-89.581999999999994,-33.454999999999998,-44.623919999999998,180.000000000000000,0.000000000000000,125.000000000000000
6.164000,-2,-89.581999999999994,-33.454999999999998,-44.632249999999999,180.000000000000000,0.000000000000000,125.000000000000000
6.168000,-2,-89.581999999999994,-33.454999999999998,-44.640580000000000,180.000000000000000,0.000000000000000,125.000000000000000
6.172000,-2,-89.581999999999994,-33.454999999999998,-44.648919999999997,180.000000000000000,0.000000000000000,125.000000000000000
6.176000,-2,-89.581999999999994,-33.454999999999998,-44.657249999999998,180.000000000000000,0.000000000000000,125.000000000000000
6.180000,-2,-89.581999999999994,-33.454999999999998,-44.665579999999999,180.000000000000000,0.000000000000000,125.000000000000000
6.184000,-2,-89.581999999999994,-33.454999999999998,-44.673920000000003,180.000000000000000,0.000000000000000,125.000000000000000
6.188000,-2,-89.581999999999994,-33.454999999999998,-44.682250000000003,180.000000000000000,0.000000000000000,125.000000000000000
6.192000,-2,-89.581999999999994,-33.454999999999998,-44.690579999999997,180.000000000000000,0.000000000000000,125.000000000000000
6.196000,-2,-89.581999999999994,-33.454999999999998,-44.698920000000001,180.000000000000000,0.000000000000000,125.000000000000000
6.200000,-2,-89.581999999999994,-33.454999999999998,-44.707250000000002,180.000000000000000,0.000000000000000,125.000000000000000
6.204000,-2,-89.581999999999994,-33.454999999999998,-44.715580000000003,180.000000000000000,0.000000000000000,125.000000000000000
6.208000,-2,-89.581999999999994,-33.454999999999998,-44.723920000000000,180.000000000000000,0.000000000000000,125.000000000000000
6.212000,-2,-89.581999999999994,-33.454999999999998,-44.732250000000001,180.000000000000000,0.000000000000000,125.000000000000000
6.216000,-2,-89.581999999999994,-33.454999999999998,-44.740580000000001,180.000000000000000,0.000000000000000,125.000000000000000
6.220000,-2,-89.581999999999994,-33.454999999999998,-44.748919999999998,180.000000000000000,0.000000000000000,125.000000000000000
6.224000,-2,-89.581999999999994,-33.454999999999998,-44.757249999999999,180.000000000000000,0.000000000000000,125.000000000000000
6.228000,-2,-89.581999999999994,-33.454999999999998,-44.765580000000000,180.000000000000000,0.000000000000000,125.000000000000000
6.232000,-2,-89.581999999999994,-33.454999999999998,-44.773919999999997,180.000000000000000,0.000000000000000,125.000000000000000
6.236000,-2,-89.581999999999994,-33.454999999999998,-44.782249999999998,180.000000000000000,0.000000000000000,125.000000000000000
6.240000,-2,-89.581999999999994,-33.454999999999998,-44.790579999999999,180.000000000000000,0.000000000000000,125.000000000000000
6.244000,-2,-89.581999999999994,-33.454999999999998,-44.798920000000003,180.000000000000000,0.000000000000000,125.000000000000000
6.248000,-2,-89.581999999999994,-33.454999999999998,-44.807250000000003,180.000000000000000,0.000000000000000,125.000000000000000
6.252000,-2,-89.581999999999994,-33.454999999999998,-44.815579999999997,180.000000000000000,0.000000000000000,125.000000000000000
6.256000,-2,-89.581999999999994,-33.454999999999998,-44.823920000000001,180.000000000000000,0.000000000000000,125.000000000000000
6.260000,-2,-89.581999999999994,-33.454999999999998,-44.832250000000002,180.000000000000000,0.000000000000000,125.000000000000000
6.264000,-2,-89.581999999999994,-33.454999999999998,-44.840580000000003,180.000000000000000,0.000000000000000,125.000000000000000
6.268000,-2,-89.581999999999994,-33.454999999999998,-44.848920000000000,180.000000000000000,0.000000000000000,125.000000000000000
6.272000,-2,-89.581999999999994,-33.454999999999998,-44.857250000000001,180.000000000000000,0.000000000000000,125.000000000000000
6.276000,-2,-89.581999999999994,-33.454999999999998,-44.865580000000001,180.000000000000000,0.000000000000000,125.000000000000000
6.280000,-2,-89.581999999999994,-33.454999999999998,-44.873919999999998,180.000000000000000,0.000000000000000,125.000000000000000
6.284000,-2,-89.581999999999994,-33.454999999999998,-44.882249999999999,180.000000000000000,0.000000000000000,125.000000000000000
6.288000,-2,-89.581999999999994,-33.454999999999998,-44.890580000000000,180.000000000000000,0.000000000000000,125.000000000000000
6.292000,-2,-89.581999999999994,-33.454999999999998,-44.898919999999997,180.000000000000000,0.000000000000000,125.000000000000000
6.296000,-2,-89.581999999999994,-33.454999999999998,-44.907249999999998,180.000000000000000,0.000000000000000,125.000000000000000
6.300000,-2,-89.581999999999994,-33.454999999999998,-44.915579999999999,180.000000000000000,0.000000000000000,125.000000000000000
6.304000,-2,-89.581999999999994,-33.454999999999998,-44.923920000000003,180.000000000000000,0.000000000000000,125.000000000000000
6.308000,-2,-89.581999999999994,-33.454999999999998,-44.932250000000003,180.000000000000000,0.000000000000000,125.000000000000000
6.312000,-2,-89.581999999999994,-33.454999999999998,-44.940579999999997,180.000000000000000,0.000000000000000,125.000000000000000
6.316000,-2,-89.581999999999994,-33.454999999999998,-44.948920000000001,180.000000000000000,0.000000000000000,125.000000000000000
6.320000,-2,-89.581999999999994,-33.454999999999998,-44.957250000000002,180.000000000000000,0.000000000000000,125.000000000000000
6.324000,-2,-89.581999999999994,-33.454999999999998,-44.965580000000003,180.000000000000000,0.000000000000000,125.000000000000000
6.328000,-2,-89.581999999999994,-33.454999999999998,-44.973920000000000,180.000000000000000,0.000000000000000,125.000000000000000
6.332000,-2,-89.581999999999994,-33.454999999999998,-44.982250000000001,180.000000000000000,0.000000000000000,125.000000000000000
6.336000,-2,-89.581999999999994,-33.454999999999998,-44.990580000000001,180.000000000000000,0.000000000000000,125.000000000000000
6.340000,-2,-89.581999999999994,-33.454999999999998,-44.998919999999998,180.000000000000000,0.000000000000000,125.000000000000000
6.344000,-2,-89.581999999999994,-33.454999999999998,-45.007249999999999,180.000000000000000,0.000000000000000,125.000000000000000
6.348000,-2,-89.581999999999994,-33.454999999999998,-45.015580000000000,180.000000000000000,0.000000000000000,125.000000000000000
6.352000,-2,-89.581999999999994,-33.454999999999998,-45.023919999999997,180.000000000000000,0.000000000000000,125.000000000000000
6.356000,-2,-89.581999999999994,-33.454999999999998,-45.032249999999998,180.000000000000000,0.000000000000000,125.000000000000000
6.360000,-2,-89.581999999999994,-33.454999999999998,-45.040579999999999,180.000000000000000,0.000000000000000,125.000000000000000
6.364000,-2,-89.581999999999994,-33.454999999999998,-45.048920000000003,180.000000000000000,0.000000000000000,125.000000000000000
6.368000,-2,-89.581999999999994,-33.454999999999998,-45.057250000000003,180.000000000000000,0.000000000000000,125.000000000000000
6.372000,-2,-89.581999999999994,-33.454999999999998,-45.065579999999997,180.000000000000000,0.000000000000000,125.000000000000000
6.376000,-2,-89.581999999999994,-33.454999999999998,-45.073920000000001,180.000000000000000,0.000000000000000,125.000000000000000
6.380000,-2,-89.581999999999994,-33.454999999999998,-45.082250000000002,180.000000000000000,0.000000000000000,125.000000000000000
6.384000,-2,-89.581999999999994,-33.454999999999998,-45.090580000000003,180.000000000000000,0.000000000000000,125.000000000000000
6.388000,-2,-89.581999999999994,-33.454999999999998,-45.098920000000000,180.000000000000000,0.000000000000000,125.000000000000000
6.392000,-2,-89.581999999999994,-33.454999999999998,-45.107250000000001,180.000000000000000,0.000000000000000,125.000000000000000
6.396000,-2,-89.581999999999994,-33.454999999999998,-45.115580000000001,180.000000000000000,0.000000000000000,125.000000000000000
6.400000,-2,-89.581999999999994,-33.454999999999998,-45.123919999999998,180.000000000000000,0.000000000000000,125.000000000000000
6.404000,-2,-89.581999999999994,-33.454999999999998,-45.132249999999999,180.000000000000000,0.000000000000000,125.000000000000000
6.408000,-2,-89.581999999999994,-33.454999999999998,-45.140580000000000,180.000000000000000,0.000000000000000,125.000000000000000
6.412000,-2,-89.581999999999994,-33.454999999999998,-45.148919999999997,180.000000000000000,0.000000000000000,125.000000000000000
6.416000,-2,-89.581999999999994,-33.454999999999998,-45.157249999999998,180.000000000000000,0.000000000000000,125.000000000000000
6.420000,-2,-89.581999999999994,-33.454999999999998,-45.165579999999999,180.000000000000000,0.000000000000000,125.000000000000000
6.424000,-2,-89.581999999999994,-33.454999999999998,-45.173920000000003,180.000000000000000,0.000000000000000,125.000000000000000
6.428000,-2,-89.581999999999994,-33.454999999999998,-45.182250000000003,180.000000000000000,0.000000000000000,125.000000000000000
6.432000,-2,-89.581999999999994,-33.454999999999998,-45.190579999999997,180.000000000000000,0.000000000000000,125.000000000000000
6.436000,-2,-89.581999999999994,-33.454999999999998,-45.198920000000001,180.000000000000000,0.000000000000000,125.000000000000000
6.440000,-2,-89.581999999999994,-33.454999999999998,-45.207250000000002,180.000000000000000,0.000000000000000,125.000000000000000
6.444000,-2,-89.581999999999994,-33.454999999999998,-45.215580000000003,180.000000000000000,0.000000000000000,125.000000000000000
6.448000,-2,-89.581999999999994,-33.454999999999998,-45.223920000000000,180.000000000000000,0.000000000000000,125.000000000000000
6.452000,-2,-89.581999999999994,-33.454999999999998,-45.232250000000001,180.000000000000000,0.000000000000000,125.000000000000000
6.456000,-2,-89.581999999999994,-33.454999999999998,-45.240580000000001,180.000000000000000,0.000000000000000,125.000000000000000
6.460000,-2,-89.581999999999994,-33.454999999999998,-45.248919999999998,180.000000000000000,0.000000000000000,125.000000000000000
6.464000,-2,-89.581999999999994,-33.454999999999998,-45.257249999999999,180.000000000000000,0.000000000000000,125.000000000000000
6.468000,-2,-89.581999999999994,-33.454999999999998,-45.265580000000000,180.000000000000000,0.000000000000000,125.000000000000000
6.472000,-2,-89.581999999999994,-33.454999999999998,-45.273919999999997,180.000000000000000,0.000000000000000,125.000000000000000
6.476000,-2,-89.581999999999994,-33.454999999999998,-45.282249999999998,180.000000000000000,0.000000000000000,125.000000000000000
6.480000,-2,-89.581999999999994,-33.454999999999998,-45.290579999999999,180.000000000000000,0.000000000000000,125.000000000000000
6.484000,-2,-89.581999999999994,-33.454999999999998,-45.298920000000003,180.000000000000000,0.000000000000000,125.000000000000000
6.488000,-2,-89.581999999999994,-33.454999999999998,-45.307250000000003,180.000000000000000,0.000000000000000,125.000000000000000
6.492000,-2,-89.581999999999994,-33.454999999999998,-45.315579999999997,180.000000000000000,0.000000000000000,125.000000000000000
6.496000,-2,-89.581999999999994,-33.454999999999998,-45.323920000000001,180.000000000000000,0.000000000000000,125.000000000000000
6.500000,-2,-89.581999999999994,-33.454999999999998,-45.332250000000002,180.000000000000000,0.000000000000000,125.000000000000000
6.504000,-2,-89.581999999999994,-33.454999999999998,-45.340580000000003,180.000000000000000,0.000000000000000,125.000000000000000
6.508000,-2,-89.581999999999994,-33.454999999999998,-45.348920000000000,180.000000000000000,0.000000000000000,125.000000000000000
6.512000,-2,-89.581999999999994,-33.454999999999998,-45.357250000000001,180.000000000000000,0.000000000000000,125.000000000000000
6.516000,-2,-89.581999999999994,-33.454999999999998,-45.365580000000001,180.000000000000000,0.000000000000000,125.000000000000000
6.520000,-2,-89.581999999999994,-33.454999999999998,-45.373919999999998,180.000000000000000,0.000000000000000,125.000000000000000
6.524000,-2,-89.581999999999994,-33.454999999999998,-45.382249999999999,180.000000000000000,0.000000000000000,125.000000000000000
6.528000,-2,-89.581999999999994,-33.454999999999998,-45.390580000000000,180.000000000000000,0.000000000000000,125.000000000000000
6.532000,-2,-89.581999999999994,-33.454999999999998,-45.398919999999997,180.000000000000000,0.000000000000000,125.000000000000000
6.536000,-2,-89.581999999999994,-33.454999999999998,-45.407249999999998,180.000000000000000,0.000000000000000,125.000000000000000
6.540000,-2,-89.581999999999994,-33.454999999999998,-45.415579999999999,180.000000000000000,0.000000000000000,125.000000000000000
6.544000,-2,-89.581999999999994,-33.454999999999998,-45.423920000000003,180.000000000000000,0.000000000000000,125.000000000000000
6.548000,-2,-89.581999999999994,-33.454999999999998,-45.432250000000003,180.000000000000000,0.000000000000000,125.000000000000000
6.552000,-2,-89.581999999999994,-33.454999999999998,-45.440579999999997,180.000000000000000,0.000000000000000,125.000000000000000
6.556000,-2,-89.581999999999994,-33.454999999999998,-45.448920000000001,180.000000000000000,0.000000000000000,125.000000000000000
6.560000,-2,-89.581999999999994,-33.454999999999998,-45.457250000000002,180.000000000000000,0.000000000000000,125.000000000000000
6.564000,-2,-89.581999999999994,-33.454999999999998,-45.465580000000003,180.000000000000000,0.000000000000000,125.000000000000000
6.568000,-2,-89.581999999999994,-33.454999999999998,-45.473920000000000,180.000000000000000,0.000000000000000,125.000000000000000
6.572000,-2,-89.581999999999994,-33.454999999999998,-45.482250000000001,180.000000000000000,0.000000000000000,125.000000000000000
6.576000,-2,-89.581999999999994,-33.454999999999998,-45.490580000000001,180.000000000000000,0.000000000000000,125.000000000000000
6.580000,-2,-89.581999999999994,-33.454999999999998,-45.498919999999998,180.000000000000000,0.000000000000000,125.000000000000000
6.584000,-2,-89.581999999999994,-33.454999999999998,-45.507249999999999,180.000000000000000,0.000000000000000,125.000000000000000
6.588000,-2,-89.581999999999994,-33.454999999999998,-45.515580000000000,180.000000000000000,0.000000000000000,125.000000000000000
6.592000,-2,-89.581999999999994,-33.454999999999998,-45.523919999999997,180.000000000000000,0.000000000000000,125.000000000000000
6.596000,-2,-89.581999999999994,-33.454999999999998,-45.532249999999998,180.000000000000000,0.000000000000000,125.000000000000000
6.600000,-2,-89.581999999999994,-33.454999999999998,-45.540579999999999,180.000000000000000,0.000000000000000,125.000000000000000
6.604000,-2,-89.581999999999994,-33.454999999999998,-45.548920000000003,180.000000000000000,0.000000000000000,125.000000000000000
6.608000,-2,-89.581999999999994,-33.454999999999998,-45.557250000000003,180.000000000000000,0.000000000000000,125.000000000000000
6.612000,-2,-89.581999999999994,-33.454999999999998,-45.565579999999997,180.000000000000000,0.000000000000000,125.000000000000000
6.616000,-2,-89.581999999999994,-33.454999999999998,-45.573920000000001,180.000000000000000,0.000000000000000,125.000000000000000
6.620000,-2,-89.581999999999994,-33.454999999999998,-45.582250000000002,180.000000000000000,0.000000000000000,125.000000000000000
6.624000,-2,-89.581999999999994,-33.454999999999998,-45.590580000000003,180.000000000000000,0.000000000000000,125.000000000000000
6.628000,-2,-89.581999999999994,-33.454999999999998,-45.598920000000000,180.000000000000000,0.000000000000000,125.000000000000000
6.632000,-2,-89.581999999999994,-33.454999999999998,-45.607250000000001,180.000000000000000,0.000000000000000,125.000000000000000
6.636000,-2,-89.581999999999994,-33.454999999999998,-45.615580000000001,180.000000000000000,0.000000000000000,125.000000000000000
6.640000,-2,-89.581999999999994,-33.454999999999998,-45.623919999999998,180.000000000000000,0.000000000000000,125.000000000000000
6.644000,-2,-89.581999999999994,-33.454999999999998,-45.632249999999999,180.000000000000000,0.000000000000000,125.000000000000000
6.648000,-2,-89.581999999999994,-33.454999999999998,-45.640580000000000,180.000000000000000,0.000000000000000,125.000000000000000
6.652000,-2,-89.581999999999994,-33.454999999999998,-45.648919999999997,180.000000000000000,0.000000000000000,125.000000000000000
6.656000,-2,-89.581999999999994,-33.454999999999998,-45.657249999999998,180.000000000000000,0.000000000000000,125.000000000000000
6.660000,-2,-89.581999999999994,-33.454999999999998,-45.665579999999999,180.000000000000000,0.000000000000000,125.000000000000000
6.664000,-2,-89.581999999999994,-33.454999999999998,-45.673920000000003,180.000000000000000,0.000000000000000,125.000000000000000
6.668000,-2,-89.581999999999994,-33.454999999999998,-45.682250000000003,180.000000000000000,0.000000000000000,125.000000000000000
6.672000,-2,-89.581999999999994,-33.454999999999998,-45.690579999999997,180.000000000000000,0.000000000000000,125.000000000000000
6.676000,-2,-89.581999999999994,-33.454999999999998,-45.698920000000001,180.000000000000000,0.000000000000000,125.000000000000000
6.680000,-2,-89.581999999999994,-33.454999999999998,-45.707250000000002,180.000000000000000,0.000000000000000,125.000000000000000
6.684000,-2,-89.581999999999994,-33.454999999999998,-45.715580000000003,180.000000000000000,0.000000000000000,125.000000000000000
6.688000,-2,-89.581999999999994,-33.454999999999998,-45.723920000000000,180.000000000000000,0.000000000000000,125.000000000000000
6.692000,-2,-89.581999999999994,-33.454999999999998,-45.732250000000001,180.000000000000000,0.000000000000000,125.000000000000000
6.696000,-2,-89.581999999999994,-33.454999999999998,-45.740580000000001,180.000000000000000,0.000000000000000,125.000000000000000
6.700000,-2,-89.581999999999994,-33.454999999999998,-45.748919999999998,180.000000000000000,0.000000000000000,125.000000000000000
6.704000,-2,-89.581999999999994,-33.454999999999998,-45.757249999999999,180.000000000000000,0.000000000000000,125.000000000000000
6.708000,-2,-89.581999999999994,-33.454999999999998,-45.765580000000000,180.000000000000000,0.000000000000000,125.000000000000000
6.712000,-2,-89.581999999999994,-33.454999999999998,-45.773919999999997,180.000000000000000,0.000000000000000,125.000000000000000
6.716000,-2,-89.581999999999994,-33.454999999999998,-45.782249999999998,180.000000000000000,0.000000000000000,125.000000000000000
6.720000,-2,-89.581999999999994,-33.454999999999998,-45.790579999999999,180.000000000000000,0.000000000000000,125.000000000000000
6.724000,-2,-89.581999999999994,-33.454999999999998,-45.798920000000003,180.000000000000000,0.000000000000000,125.000000000000000
6.728000,-2,-89.581999999999994,-33.454999999999998,-45.807250000000003,180.000000000000000,0.000000000000000,125.000000000000000
6.732000,-2,-89.581999999999994,-33.454999999999998,-45.815579999999997,180.000000000000000,0.000000000000000,125.000000000000000
6.736000,-2,-89.581999999999994,-33.454999999999998,-45.823920000000001,180.000000000000000,0.000000000000000,125.000000000000000
6.740000,-2,-89.581999999999994,-33.454999999999998,-45.832250000000002,180.000000000000000,0.000000000000000,125.000000000000000
6.744000,-2,-89.581999999999994,-33.454999999999998,-45.840580000000003,180.000000000000000,0.000000000000000,125.000000000000000
6.748000,-2,-89.581999999999994,-33.454999999999998,-45.848920000000000,180.000000000000000,0.000000000000000,125.000000000000000
6.752000,-2,-89.581999999999994,-33.454999999999998,-45.857250000000001,180.000000000000000,0.000000000000000,125.000000000000000
6.756000,-2,-89.581999999999994,-33.454999999999998,-45.865580000000001,180.000000000000000,0.000000000000000,125.000000000000000
6.760000,-2,-89.581999999999994,-33.454999999999998,-45.873919999999998,180.000000000000000,0.000000000000000,125.000000000000000
6.764000,-2,-89.581999999999994,-33.454999999999998,-45.882249999999999,180.000000000000000,0.000000000000000,125.000000000000000
6.768000,-2,-89.581999999999994,-33.454999999999998,-45.890580000000000,180.000000000000000,0.000000000000000,125.000000000000000
6.772000,-2,-89.581999999999994,-33.454999999999998,-45.898919999999997,180.000000000000000,0.000000000000000,125.000000000000000
6.776000,-2,-89.581999999999994,-33.454999999999998,-45.907249999999998,180.000000000000000,0.000000000000000,125.000000000000000
6.780000,-2,-89.581999999999994,-33.454999999999998,-45.915579999999999,180.000000000000000,0.000000000000000,125.000000000000000
6.784000,-2,-89.581999999999994,-33.454999999999998,-45.923920000000003,180.000000000000000,0.000000000000000,125.000000000000000
6.788000,-2,-89.581999999999994,-33.454999999999998,-45.932250000000003,180.000000000000000,0.000000000000000,125.000000000000000
6.792000,-2,-89.581999999999994,-33.454999999999998,-45.940579999999997,180.000000000000000,0.000000000000000,125.000000000000000
6.796000,-2,-89.581999999999994,-33.454999999999998,-45.948920000000001,180.000000000000000,0.000000000000000,125.000000000000000
6.800000,-2,-89.581999999999994,-33.454999999999998,-45.957250000000002,180.000000000000000,0.000000000000000,125.000000000000000
6.804000,-2,-89.581999999999994,-33.454999999999998,-45.965580000000003,180.000000000000000,0.000000000000000,125.000000000000000
6.808000,-2,-89.581999999999994,-33.454999999999998,-45.973920000000000,180.000000000000000,0.000000000000000,125.000000000000000
6.812000,-2,-89.581999999999994,-33.454999999999998,-45.982250000000001,180.000000000000000,0.000000000000000,125.000000000000000
6.816000,-2,-89.581999999999994,-33.454999999999998,-45.990580000000001,180.000000000000000,0.000000000000000,125.000000000000000
6.820000,-2,-89.581999999999994,-33.454999999999998,-45.998919999999998,180.000000000000000,0.000000000000000,125.000000000000000
6.824000,-2,-89.581999999999994,-33.454999999999998,-46.007249999999999,180.000000000000000,0.000000000000000,125.000000000000000
6.828000,-2,-89.581999999999994,-33.454999999999998,-46.015580000000000,180.000000000000000,0.000000000000000,125.000000000000000
6.832000,-2,-89.581999999999994,-33.454999999999998,-46.023919999999997,180.000000000000000,0.000000000000000,125.000000000000000
6.836000,-2,-89.581999999999994,-33.454999999999998,-46.032249999999998,180.000000000000000,0.000000000000000,125.000000000000000
6.840000,-2,-89.581999999999994,-33.454999999999998,-46.040579999999999,180.000000000000000,0.000000000000000,125.000000000000000
6.844000,-2,-89.581999999999994,-33.454999999999998,-46.048920000000003,180.000000000000000,0.000000000000000,125.000000000000000
6.848000,-2,-89.581999999999994,-33.454999999999998,-46.057250000000003,180.000000000000000,0.000000000000000,125.000000000000000
6.852000,-2,-89.581999999999994,-33.454999999999998,-46.065579999999997,180.000000000000000,0.000000000000000,125.000000000000000
6.856000,-2,-89.581999999999994,-33.454999999999998,-46.073920000000001,180.000000000000000,0.000000000000000,125.000000000000000
6.860000,-2,-89.581999999999994,-33.454999999999998,-46.082250000000002,180.000000000000000,0.000000000000000,125.000000000000000
6.864000,-2,-89.581999999999994,-33.454999999999998,-46.090580000000003,180.000000000000000,0.000000000000000,125.000000000000000
6.868000,-2,-89.581999999999994,-33.454999999999998,-46.098920000000000,180.000000000000000,0.000000000000000,125.000000000000000
6.872000,-2,-89.581999999999994,-33.454999999999998,-46.107250000000001,180.000000000000000,0.000000000000000,125.000000000000000
6.876000,-2,-89.581999999999994,-33.454999999999998,-46.115580000000001,180.000000000000000,0.000000000000000,125.000000000000000
6.880000,-2,-89.581999999999994,-33.454999999999998,-46.123919999999998,180.000000000000000,0.000000000000000,125.000000000000000
6.884000,-2,-89.581999999999994,-33.454999999999998,-46.132249999999999,180.000000000000000,0.000000000000000,125.000000000000000
6.888000,-2,-89.581999999999994,-33.454999999999998,-46.140580000000000,180.000000000000000,0.000000000000000,125.000000000000000
6.892000,-2,-89.581999999999994,-33.454999999999998,-46.148919999999997,180.000000000000000,0.000000000000000,125.000000000000000
6.896000,-2,-89.581999999999994,-33.454999999999998,-46.157249999999998,180.000000000000000,0.000000000000000,125.000000000000000
6.900000,-2,-89.581999999999994,-33.454999999999998,-46.165579999999999,180.000000000000000,0.000000000000000,125.000000000000000
6.904000,-2,-89.581999999999994,-33.454999999999998,-46.173920000000003,180.000000000000000,0.000000000000000,125.000000000000000
6.908000,-2,-89.581999999999994,-33.454999999999998,-46.182250000000003,180.000000000000000,0.000000000000000,125.000000000000000
6.912000,-2,-89.581999999999994,-33.454999999999998,-46.190579999999997,180.000000000000000,0.000000000000000,125.000000000000000
6.916000,-2,-89.581999999999994,-33.454999999999998,-46.198920000000001,180.000000000000000,0.000000000000000,125.000000000000000
6.920000,-2,-89.581999999999994,-33.454999999999998,-46.207250000000002,180.000000000000000,0.000000000000000,125.000000000000000
6.924000,-2,-89.581999999999994,-33.454999999999998,-46.215580000000003,180.000000000000000,0.000000000000000,125.000000000000000
6.928000,-2,-89.581999999999994,-33.454999999999998,-46.223920000000000,180.000000000000000,0.000000000000000,125.000000000000000
6.932000,-2,-89.581999999999994,-33.454999999999998,-46.232250000000001,180.000000000000000,0.000000000000000,125.000000000000000
6.936000,-2,-89.581999999999994,-33.454999999999998,-46.240580000000001,180.000000000000000,0.000000000000000,125.000000000000000
6.940000,-2,-89.581999999999994,-33.454999999999998,-46.248919999999998,180.000000000000000,0.000000000000000,125.000000000000000
6.944000,-2,-89.581999999999994,-33.454999999999998,-46.257249999999999,180.000000000000000,0.000000000000000,125.000000000000000
6.948000,-2,-89.581999999999994,-33.454999999999998,-46.265580000000000,180.000000000000000,0.000000000000000,125.000000000000000
6.952000,-2,-89.581999999999994,-33.454999999999998,-46.273919999999997,180.000000000000000,0.000000000000000,125.000000000000000
6.956000,-2,-89.581999999999994,-33.454999999999998,-46.282249999999998,180.000000000000000,0.000000000000000,125.000000000000000
6.960000,-2,-89.581999999999994,-33.454999999999998,-46.290579999999999,180.000000000000000,0.000000000000000,125.000000000000000
6.964000,-2,-89.581999999999994,-33.454999999999998,-46.298920000000003,180.000000000000000,0.000000000000000,125.000000000000000
6.968000,-2,-89.581999999999994,-33.454999999999998,-46.307250000000003,180.000000000000000,0.000000000000000,125.000000000000000
6.972000,-2,-89.581999999999994,-33.454999999999998,-46.315579999999997,180.000000000000000,0.000000000000000,125.000000000000000
6.976000,-2,-89.581999999999994,-33.454999999999998,-46.323920000000001,180.000000000000000,0.000000000000000,125.000000000000000
6.980000,-2,-89.581999999999994,-33.454999999999998,-46.332250000000002,180.000000000000000,0.000000000000000,125.000000000000000
6.984000,-2,-89.581999999999994,-33.454999999999998,-46.340580000000003,180.000000000000000,0.000000000000000,125.000000000000000
6.988000,-2,-89.581999999999994,-33.454999999999998,-46.348920000000000,180.000000000000000,0.000000000000000,125.000000000000000
6.992000,-2,-89.581999999999994,-33.454999999999998,-46.357250000000001,180.000000000000000,0.000000000000000,125.000000000000000
6.996000,-2,-89.581999999999994,-33.454999999999998,-46.365580000000001,180.000000000000000,0.000000000000000,125.000000000000000
7.000000,-2,-89.581999999999994,-33.454999999999998,-46.373919999999998,180.000000000000000,0.000000000000000,125.000000000000000
7.004000,-2,-89.581999999999994,-33.454999999999998,-46.382249999999999,180.000000000000000,0.000000000000000,125.000000000000000
7.008000,-2,-89.581999999999994,-33.454999999999998,-46.390580000000000,180.000000000000000,0.000000000000000,125.000000000000000
7.012000,-2,-89.581999999999994,-33.454999999999998,-46.398919999999997,180.000000000000000,0.000000000000000,125.000000000000000
7.016000,-2,-89.581999999999994,-33.454999999999998,-46.407249999999998,180.000000000000000,0.000000000000000,125.000000000000000
7.020000,-2,-89.581999999999994,-33.454999999999998,-46.415579999999999,180.000000000000000,0.000000000000000,125.000000000000000
7.024000,-2,-89.581999999999994,-33.454999999999998,-46.423920000000003,180.000000000000000,0.000000000000000,125.000000000000000
7.028000,-2,-89.581999999999994,-33.454999999999998,-46.432250000000003,180.000000000000000,0.000000000000000,125.000000000000000
7.032000,-2,-89.581999999999994,-33.454999999999998,-46.440579999999997,180.000000000000000,0.000000000000000,125.000000000000000
7.036000,-2,-89.581999999999994,-33.454999999999998,-46.448920000000001,180.000000000000000,0.000000000000000,125.000000000000000
7.040000,-2,-89.581999999999994,-33.454999999999998,-46.457250000000002,180.000000000000000,0.000000000000000,125.000000000000000
7.044000,-2,-89.581999999999994,-33.454999999999998,-46.465580000000003,180.000000000000000,0.000000000000000,125.000000000000000
7.048000,-2,-89.581999999999994,-33.454999999999998,-46.473920000000000,180.000000000000000,0.000000000000000,125.000000000000000
7.052000,-2,-89.581999999999994,-33.454999999999998,-46.482250000000001,180.000000000000000,0.000000000000000,125.000000000000000
7.056000,-2,-89.581999999999994,-33.454999999999998,-46.490580000000001,180.000000000000000,0.000000000000000,125.000000000000000
7.060000,-2,-89.581999999999994,-33.454999999999998,-46.498919999999998,180.000000000000000,0.000000000000000,125.000000000000000
7.064000,-2,-89.581999999999994,-33.454999999999998,-46.507249999999999,180.000000000000000,0.000000000000000,125.000000000000000
7.068000,-2,-89.581999999999994,-33.454999999999998,-46.515580000000000,180.000000000000000,0.000000000000000,125.000000000000000
7.072000,-2,-89.581999999999994,-33.454999999999998,-46.523919999999997,180.000000000000000,0.000000000000000,125.000000000000000
7.076000,-2,-89.581999999999994,-33.454999999999998,-46.532249999999998,180.000000000000000,0.000000000000000,125.000000000000000
7.080000,-2,-89.581999999999994,-33.454999999999998,-46.540579999999999,180.000000000000000,0.000000000000000,125.000000000000000
7.084000,-2,-89.581999999999994,-33.454999999999998,-46.548920000000003,180.000000000000000,0.000000000000000,125.000000000000000
7.088000,-2,-89.581999999999994,-33.454999999999998,-46.557250000000003,180.000000000000000,0.000000000000000,125.000000000000000
7.092000,-2,-89.581999999999994,-33.454999999999998,-46.565579999999997,180.000000000000000,0.000000000000000,125.000000000000000
7.096000,-2,-89.581999999999994,-33.454999999999998,-46.573920000000001,180.000000000000000,0.000000000000000,125.000000000000000
7.100000,-2,-89.581999999999994,-33.454999999999998,-46.582250000000002,180.000000000000000,0.000000000000000,125.000000000000000
7.104000,-2,-89.581999999999994,-33.454999999999998,-46.590580000000003,180.000000000000000,0.000000000000000,125.000000000000000
7.108000,-2,-89.581999999999994,-33.454999999999998,-46.598920000000000,180.000000000000000,0.000000000000000,125.000000000000000
7.112000,-2,-89.581999999999994,-33.454999999999998,-46.607250000000001,180.000000000000000,0.000000000000000,125.000000000000000
7.116000,-2,-89.581999999999994,-33.454999999999998,-46.615580000000001,180.000000000000000,0.000000000000000,125.000000000000000
7.120000,-2,-89.581999999999994,-33.454999999999998,-46.623919999999998,180.000000000000000,0.000000000000000,125.000000000000000
7.124000,-2,-89.581999999999994,-33.454999999999998,-46.632249999999999,180.000000000000000,0.000000000000000,125.000000000000000
7.128000,-2,-89.581999999999994,-33.454999999999998,-46.640580000000000,180.000000000000000,0.000000000000000,125.000000000000000
7.132000,-2,-89.581999999999994,-33.454999999999998,-46.648919999999997,180.000000000000000,0.000000000000000,125.000000000000000
7.136000,-2,-89.581999999999994,-33.454999999999998,-46.657249999999998,180.000000000000000,0.000000000000000,125.000000000000000
7.140000,-2,-89.581999999999994,-33.454999999999998,-46.665579999999999,180.000000000000000,0.000000000000000,125.000000000000000
7.144000,-2,-89.581999999999994,-33.454999999999998,-46.673920000000003,180.000000000000000,0.000000000000000,125.000000000000000
7.148000,-2,-89.581999999999994,-33.454999999999998,-46.682250000000003,180.000000000000000,0.000000000000000,125.000000000000000
7.152000,-2,-89.581999999999994,-33.454999999999998,-46.690579999999997,180.000000000000000,0.000000000000000,125.000000000000000
7.156000,-2,-89.581999999999994,-33.454999999999998,-46.698920000000001,180.000000000000000,0.000000000000000,125.000000000000000
7.160000,-2,-89.581999999999994,-33.454999999999998,-46.707250000000002,180.000000000000000,0.000000000000000,125.000000000000000
7.164000,-2,-89.581999999999994,-33.454999999999998,-46.715580000000003,180.000000000000000,0.000000000000000,125.000000000000000
7.168000,-2,-89.581999999999994,-33.454999999999998,-46.723920000000000,180.000000000000000,0.000000000000000,125.000000000000000
7.172000,-2,-89.581999999999994,-33.454999999999998,-46.732250000000001,180.000000000000000,0.000000000000000,125.000000000000000
7.176000,-2,-89.581999999999994,-33.454999999999998,-46.740580000000001,180.000000000000000,0.000000000000000,125.000000000000000
7.180000,-2,-89.581999999999994,-33.454999999999998,-46.748919999999998,180.000000000000000,0.000000000000000,125.000000000000000
7.184000,-2,-89.581999999999994,-33.454999999999998,-46.757249999999999,180.000000000000000,0.000000000000000,125.000000000000000
7.188000,-2,-89.581999999999994,-33.454999999999998,-46.765580000000000,180.000000000000000,0.000000000000000,125.000000000000000
7.192000,-2,-89.581999999999994,-33.454999999999998,-46.773919999999997,180.000000000000000,0.000000000000000,125.000000000000000
7.196000,-2,-89.581999999999994,-33.454999999999998,-46.782249999999998,180.000000000000000,0.000000000000000,125.000000000000000
7.200000,-2,-89.581999999999994,-33.454999999999998,-46.790579999999999,180.000000000000000,0.000000000000000,125.000000000000000
7.204000,-2,-89.581999999999994,-33.454999999999998,-46.798920000000003,180.000000000000000,0.000000000000000,125.000000000000000
7.208000,-2,-89.581999999999994,-33.454999999999998,-46.807250000000003,180.000000000000000,0.000000000000000,125.000000000000000
7.212000,-2,-89.581999999999994,-33.454999999999998,-46.815579999999997,180.000000000000000,0.000000000000000,125.000000000000000
7.216000,-2,-89.581999999999994,-33.454999999999998,-46.823920000000001,180.000000000000000,0.000000000000000,125.000000000000000
7.220000,-2,-89.581999999999994,-33.454999999999998,-46.832250000000002,180.000000000000000,0.000000000000000,125.000000000000000
7.224000,-2,-89.581999999999994,-33.454999999999998,-46.840580000000003,180.000000000000000,0.000000000000000,125.000000000000000
7.228000,-2,-89.581999999999994,-33.454999999999998,-46.848920000000000,180.000000000000000,0.000000000000000,125.000000000000000
7.232000,-2,-89.581999999999994,-33.454999999999998,-46.857250000000001,180.000000000000000,0.000000000000000,125.000000000000000
7.236000,-2,-89.581999999999994,-33.454999999999998,-46.865580000000001,180.000000000000000,0.000000000000000,125.000000000000000
7.240000,-2,-89.581999999999994,-33.454999999999998,-46.873919999999998,180.000000000000000,0.000000000000000,125.000000000000000
7.244000,-2,-89.581999999999994,-33.454999999999998,-46.882249999999999,180.000000000000000,0.000000000000000,125.000000000000000
7.248000,-2,-89.581999999999994,-33.454999999999998,-46.890580000000000,180.000000000000000,0.000000000000000,125.000000000000000
7.252000,-2,-89.581999999999994,-33.454999999999998,-46.898919999999997,180.000000000000000,0.000000000000000,125.000000000000000
7.256000,-2,-89.581999999999994,-33.454999999999998,-46.907249999999998,180.000000000000000,0.000000000000000,125.000000000000000
7.260000,-2,-89.581999999999994,-33.454999999999998,-46.915579999999999,180.000000000000000,0.000000000000000,125.000000000000000
7.264000,-2,-89.581999999999994,-33.454999999999998,-46.923920000000003,180.000000000000000,0.000000000000000,125.000000000000000
7.268000,-2,-89.581999999999994,-33.454999999999998,-46.932250000000003,180.000000000000000,0.000000000000000,125.000000000000000
7.272000,-2,-89.581999999999994,-33.454999999999998,-46.940579999999997,180.000000000000000,0.000000000000000,125.000000000000000
7.276000,-2,-89.581999999999994,-33.454999999999998,-46.948920000000001,180.000000000000000,0.000000000000000,125.000000000000000
7.280000,-2,-89.581999999999994,-33.454999999999998,-46.957250000000002,180.000000000000000,0.000000000000000,125.000000000000000
7.284000,-2,-89.581999999999994,-33.454999999999998,-46.965580000000003,180.000000000000000,0.000000000000000,125.000000000000000
7.288000,-2,-89.581999999999994,-33.454999999999998,-46.973920000000000,180.000000000000000,0.000000000000000,125.000000000000000
7.292000,-2,-89.581999999999994,-33.454999999999998,-46.982250000000001,180.000000000000000,0.000000000000000,125.000000000000000
7.296000,-2,-89.581999999999994,-33.454999999999998,-46.990580000000001,180.000000000000000,0.000000000000000,125.000000000000000
7.300000,-2,-89.581999999999994,-33.454999999999998,-46.998919999999998,180.000000000000000,0.000000000000000,125.000000000000000
7.304000,-2,-89.581999999999994,-33.454999999999998,-47.007249999999999,180.000000000000000,0.000000000000000,125.000000000000000
7.308000,-2,-89.581999999999994,-33.454999999999998,-47.015580000000000,180.000000000000000,0.000000000000000,125.000000000000000
7.312000,-2,-89.581999999999994,-33.454999999999998,-47.023919999999997,180.000000000000000,0.000000000000000,125.000000000000000
7.316000,-2,-89.581999999999994,-33.454999999999998,-47.032249999999998,180.000000000000000,0.000000000000000,125.000000000000000
7.320000,-2,-89.581999999999994,-33.454999999999998,-47.040579999999999,180.000000000000000,0.000000000000000,125.000000000000000
7.324000,-2,-89.581999999999994,-33.454999999999998,-47.048920000000003,180.000000000000000,0.000000000000000,125.000000000000000
7.328000,-2,-89.581999999999994,-33.454999999999998,-47.057250000000003,180.000000000000000,0.000000000000000,125.000000000000000
7.332000,-2,-89.581999999999994,-33.454999999999998,-47.065579999999997,180.000000000000000,0.000000000000000,125.000000000000000
7.336000,-2,-89.581999999999994,-33.454999999999998,-47.073920000000001,180.000000000000000,0.000000000000000,125.000000000000000
7.340000,-2,-89.581999999999994,-33.454999999999998,-47.082250000000002,180.000000000000000,0.000000000000000,125.000000000000000
7.344000,-2,-89.581999999999994,-33.454999999999998,-47.090580000000003,180.000000000000000,0.000000000000000,125.000000000000000
7.348000,-2,-89.581999999999994,-33.454999999999998,-47.098920000000000,180.000000000000000,0.000000000000000,125.000000000000000
7.352000,-2,-89.581999999999994,-33.454999999999998,-47.107250000000001,180.000000000000000,0.000000000000000,125.000000000000000
7.356000,-2,-89.581999999999994,-33.454999999999998,-47.115580000000001,180.000000000000000,0.000000000000000,125.000000000000000
7.360000,-2,-89.581999999999994,-33.454999999999998,-47.123919999999998,180.000000000000000,0.000000000000000,125.000000000000000
7.364000,-2,-89.581999999999994,-33.454999999999998,-47.132249999999999,180.000000000000000,0.000000000000000,125.000000000000000
7.368000,-2,-89.581999999999994,-33.454999999999998,-47.140580000000000,180.000000000000000,0.000000000000000,125.000000000000000
7.372000,-2,-89.581999999999994,-33.454999999999998,-47.148919999999997,180.000000000000000,0.000000000000000,125.000000000000000
7.376000,-2,-89.581999999999994,-33.454999999999998,-47.157249999999998,180.000000000000000,0.000000000000000,125.000000000000000
7.380000,-2,-89.581999999999994,-33.454999999999998,-47.165579999999999,180.000000000000000,0.000000000000000,125.000000000000000
7.384000,-2,-89.581999999999994,-33.454999999999998,-47.173920000000003,180.000000000000000,0.000000000000000,125.000000000000000
7.388000,-2,-89.581999999999994,-33.454999999999998,-47.182250000000003,180.000000000000000,0.000000000000000,125.000000000000000
7.392000,-2,-89.581999999999994,-33.454999999999998,-47.190579999999997,180.000000000000000,0.000000000000000,125.000000000000000
7.396000,-2,-89.581999999999994,-33.454999999999998,-47.198920000000001,180.000000000000000,0.000000000000000,125.000000000000000
7.400000,-2,-89.581999999999994,-33.454999999999998,-47.207250000000002,180.000000000000000,0.000000000000000,125.000000000000000
7.404000,-2,-89.581999999999994,-33.454999999999998,-47.215580000000003,180.000000000000000,0.000000000000000,125.000000000000000
7.408000,-2,-89.581999999999994,-33.454999999999998,-47.223920000000000,180.000000000000000,0.000000000000000,125.000000000000000
7.412000,-2,-89.581999999999994,-33.454999999999998,-47.232250000000001,180.000000000000000,0.000000000000000,125.000000000000000
7.416000,-2,-89.581999999999994,-33.454999999999998,-47.240580000000001,180.000000000000000,0.000000000000000,125.000000000000000
7.420000,-2,-89.581999999999994,-33.454999999999998,-47.248919999999998,180.000000000000000,0.000000000000000,125.000000000000000
7.424000,-2,-89.581999999999994,-33.454999999999998,-47.257249999999999,180.000000000000000,0.000000000000000,125.000000000000000
7.428000,-2,-89.581999999999994,-33.454999999999998,-47.265580000000000,180.000000000000000,0.000000000000000,125.000000000000000
7.432000,-2,-89.581999999999994,-33.454999999999998,-47.273919999999997,180.000000000000000,0.000000000000000,125.000000000000000
7.436000,-2,-89.581999999999994,-33.454999999999998,-47.282249999999998,180.000000000000000,0.000000000000000,125.000000000000000
7.440000,-2,-89.581999999999994,-33.454999999999998,-47.290579999999999,180.000000000000000,0.000000000000000,125.000000000000000
7.444000,-2,-89.581999999999994,-33.454999999999998,-47.298920000000003,180.000000000000000,0.000000000000000,125.000000000000000
7.448000,-2,-89.581999999999994,-33.454999999999998,-47.307250000000003,180.000000000000000,0.000000000000000,125.000000000000000
7.452000,-2,-89.581999999999994,-33.454999999999998,-47.315579999999997,180.000000000000000,0.000000000000000,125.000000000000000
7.456000,-2,-89.581999999999994,-33.454999999999998,-47.323920000000001,180.000000000000000,0.000000000000000,125.000000000000000
7.460000,-2,-89.581999999999994,-33.454999999999998,-47.332250000000002,180.000000000000000,0.000000000000000,125.000000000000000
7.464000,-2,-89.581999999999994,-33.454999999999998,-47.340580000000003,180.000000000000000,0.000000000000000,125.000000000000000
7.468000,-2,-89.581999999999994,-33.454999999999998,-47.348920000000000,180.000000000000000,0.000000000000000,125.000000000000000
7.472000,-2,-89.581999999999994,-33.454999999999998,-47.357250000000001,180.000000000000000,0.000000000000000,125.000000000000000
7.476000,-2,-89.581999999999994,-33.454999999999998,-47.365580000000001,180.000000000000000,0.000000000000000,125.000000000000000
7.480000,-2,-89.581999999999994,-33.454999999999998,-47.373919999999998,180.000000000000000,0.000000000000000,125.000000000000000
7.484000,-2,-89.581999999999994,-33.454999999999998,-47.382249999999999,180.000000000000000,0.000000000000000,125.000000000000000
7.488000,-2,-89.581999999999994,-33.454999999999998,-47.390580000000000,180.000000000000000,0.000000000000000,125.000000000000000
7.492000,-2,-89.581999999999994,-33.454999999999998,-47.398919999999997,180.000000000000000,0.000000000000000,125.000000000000000
7.496000,-2,-89.581999999999994,-33.454999999999998,-47.407249999999998,180.000000000000000,0.000000000000000,125.000000000000000
7.500000,-2,-89.581999999999994,-33.454999999999998,-47.415579999999999,180.000000000000000,0.000000000000000,125.000000000000000
7.504000,-2,-89.581999999999994,-33.454999999999998,-47.423920000000003,180.000000000000000,0.000000000000000,125.000000000000000
7.508000,-2,-89.581999999999994,-33.454999999999998,-47.432250000000003,180.000000000000000,0.000000000000000,125.000000000000000
7.512000,-2,-89.581999999999994,-33.454999999999998,-47.440579999999997,180.000000000000000,0.000000000000000,125.000000000000000
7.516000,-2,-89.581999999999994,-33.454999999999998,-47.448920000000001,180.000000000000000,0.000000000000000,125.000000000000000
7.520000,-2,-89.581999999999994,-33.454999999999998,-47.457250000000002,180.000000000000000,0.000000000000000,125.000000000000000
7.524000,-2,-89.581999999999994,-33.454999999999998,-47.465580000000003,180.000000000000000,0.000000000000000,125.000000000000000
7.528000,-2,-89.581999999999994,-33.454999999999998,-47.473920000000000,180.000000000000000,0.000000000000000,125.000000000000000
7.532000,-2,-89.581999999999994,-33.454999999999998,-47.482250000000001,180.000000000000000,0.000000000000000,125.000000000000000
7.536000,-2,-89.581999999999994,-33.454999999999998,-47.490580000000001,180.000000000000000,0.000000000000000,125.000000000000000
7.540000,-2,-89.581999999999994,-33.454999999999998,-47.498919999999998,180.000000000000000,0.000000000000000,125.000000000000000
7.544000,-2,-89.581999999999994,-33.454999999999998,-47.507249999999999,180.000000000000000,0.000000000000000,125.000000000000000
7.548000,-2,-89.581999999999994,-33.454999999999998,-47.515580000000000,180.000000000000000,0.000000000000000,125.000000000000000
7.552000,-2,-89.581999999999994,-33.454999999999998,-47.523919999999997,180.000000000000000,0.000000000000000,125.000000000000000
7.556000,-2,-89.581999999999994,-33.454999999999998,-47.532249999999998,180.000000000000000,0.000000000000000,125.000000000000000
7.560000,-2,-89.581999999999994,-33.454999999999998,-47.540579999999999,180.000000000000000,0.000000000000000,125.000000000000000
7.564000,-2,-89.581999999999994,-33.454999999999998,-47.548920000000003,180.000000000000000,0.000000000000000,125.000000000000000
7.568000,-2,-89.581999999999994,-33.454999999999998,-47.557250000000003,180.000000000000000,0.000000000000000,125.000000000000000
7.572000,-2,-89.581999999999994,-33.454999999999998,-47.565579999999997,180.000000000000000,0.000000000000000,125.000000000000000
7.576000,-2,-89.581999999999994,-33.454999999999998,-47.573920000000001,180.000000000000000,0.000000000000000,125.000000000000000
7.580000,-2,-89.581999999999994,-33.454999999999998,-47.582250000000002,180.000000000000000,0.000000000000000,125.000000000000000
7.584000,-2,-89.581999999999994,-33.454999999999998,-47.590580000000003,180.000000000000000,0.000000000000000,125.000000000000000
7.588000,-2,-89.581999999999994,-33.454999999999998,-47.598920000000000,180.000000000000000,0.000000000000000,125.000000000000000
7.592000,-2,-89.581999999999994,-33.454999999999998,-47.607250000000001,180.000000000000000,0.000000000000000,125.000000000000000
7.596000,-2,-89.581999999999994,-33.454999999999998,-47.615580000000001,180.000000000000000,0.000000000000000,125.000000000000000
7.600000,-2,-89.581999999999994,-33.454999999999998,-47.623919999999998,180.000000000000000,0.000000000000000,125.000000000000000
7.604000,-2,-89.581999999999994,-33.454999999999998,-47.632249999999999,180.000000000000000,0.000000000000000,125.000000000000000
7.608000,-2,-89.581999999999994,-33.454999999999998,-47.640580000000000,180.000000000000000,0.000000000000000,125.000000000000000
7.612000,-2,-89.581999999999994,-33.454999999999998,-47.648919999999997,180.000000000000000,0.000000000000000,125.000000000000000
7.616000,-2,-89.581999999999994,-33.454999999999998,-47.657249999999998,180.000000000000000,0.000000000000000,125.000000000000000
7.620000,-2,-89.581999999999994,-33.454999999999998,-47.665579999999999,180.000000000000000,0.000000000000000,125.000000000000000
7.624000,-2,-89.581999999999994,-33.454999999999998,-47.673920000000003,180.000000000000000,0.000000000000000,125.000000000000000
7.628000,-2,-89.581999999999994,-33.454999999999998,-47.682250000000003,180.000000000000000,0.000000000000000,125.000000000000000
7.632000,-2,-89.581999999999994,-33.454999999999998,-47.690579999999997,180.000000000000000,0.000000000000000,125.000000000000000
7.636000,-2,-89.581999999999994,-33.454999999999998,-47.698920000000001,180.000000000000000,0.000000000000000,125.000000000000000
7.640000,-2,-89.581999999999994,-33.454999999999998,-47.707250000000002,180.000000000000000,0.000000000000000,125.000000000000000
7.644000,-2,-89.581999999999994,-33.454999999999998,-47.715580000000003,180.000000000000000,0.000000000000000,125.000000000000000
7.648000,-2,-89.581999999999994,-33.454999999999998,-47.723920000000000,180.000000000000000,0.000000000000000,125.000000000000000
7.652000,-2,-89.581999999999994,-33.454999999999998,-47.732250000000001,180.000000000000000,0.000000000000000,125.000000000000000
7.656000,-2,-89.581999999999994,-33.454999999999998,-47.740580000000001,180.000000000000000,0.000000000000000,125.000000000000000
7.660000,-2,-89.581999999999994,-33.454999999999998,-47.748919999999998,180.000000000000000,0.000000000000000,125.000000000000000
7.664000,-2,-89.581999999999994,-33.454999999999998,-47.757249999999999,180.000000000000000,0.000000000000000,125.000000000000000
7.668000,-2,-89.581999999999994,-33.454999999999998,-47.765580000000000,180.000000000000000,0.000000000000000,125.000000000000000
7.672000,-2,-89.581999999999994,-33.454999999999998,-47.773919999999997,180.000000000000000,0.000000000000000,125.000000000000000
7.676000,-2,-89.581999999999994,-33.454999999999998,-47.782249999999998,180.000000000000000,0.000000000000000,125.000000000000000
7.680000,-2,-89.581999999999994,-33.454999999999998,-47.790579999999999,180.000000000000000,0.000000000000000,125.000000000000000
7.684000,-2,-89.581999999999994,-33.454999999999998,-47.798920000000003,180.000000000000000,0.000000000000000,125.000000000000000
7.688000,-2,-89.581999999999994,-33.454999999999998,-47.807250000000003,180.000000000000000,0.000000000000000,125.000000000000000
7.692000,-2,-89.581999999999994,-33.454999999999998,-47.815579999999997,180.000000000000000,0.000000000000000,125.000000000000000
7.696000,-2,-89.581999999999994,-33.454999999999998,-47.823920000000001,180.000000000000000,0.000000000000000,125.000000000000000
7.700000,-2,-89.581999999999994,-33.454999999999998,-47.832250000000002,180.000000000000000,0.000000000000000,125.000000000000000
7.704000,-2,-89.581999999999994,-33.454999999999998,-47.840580000000003,180.000000000000000,0.000000000000000,125.000000000000000
7.708000,-2,-89.581999999999994,-33.454999999999998,-47.848920000000000,180.000000000000000,0.000000000000000,125.000000000000000
7.712000,-2,-89.581999999999994,-33.454999999999998,-47.857250000000001,180.000000000000000,0.000000000000000,125.000000000000000
7.716000,-2,-89.581999999999994,-33.454999999999998,-47.865580000000001,180.000000000000000,0.000000000000000,125.000000000000000
7.720000,-2,-89.581999999999994,-33.454999999999998,-47.873919999999998,180.000000000000000,0.000000000000000,125.000000000000000
7.724000,-2,-89.581999999999994,-33.454999999999998,-47.882249999999999,180.000000000000000,0.000000000000000,125.000000000000000
7.728000,-2,-89.581999999999994,-33.454999999999998,-47.890580000000000,180.000000000000000,0.000000000000000,125.000000000000000
7.732000,-2,-89.581999999999994,-33.454999999999998,-47.898919999999997,180.000000000000000,0.000000000000000,125.000000000000000
7.736000,-2,-89.581999999999994,-33.454999999999998,-47.907249999999998,180.000000000000000,0.000000000000000,125.000000000000000
7.740000,-2,-89.581999999999994,-33.454999999999998,-47.915579999999999,180.000000000000000,0.000000000000000,125.000000000000000
7.744000,-2,-89.581999999999994,-33.454999999999998,-47.923920000000003,180.000000000000000,0.000000000000000,125.000000000000000
7.748000,-2,-89.581999999999994,-33.454999999999998,-47.932250000000003,180.000000000000000,0.000000000000000,125.000000000000000
7.752000,-2,-89.581999999999994,-33.454999999999998,-47.940579999999997,180.000000000000000,0.000000000000000,125.000000000000000
7.756000,-2,-89.581999999999994,-33.454999999999998,-47.948920000000001,180.000000000000000,0.000000000000000,125.000000000000000
7.760000,-2,-89.581999999999994,-33.454999999999998,-47.957250000000002,180.000000000000000,0.000000000000000,125.000000000000000
7.764000,-2,-89.581999999999994,-33.454999999999998,-47.965580000000003,180.000000000000000,0.000000000000000,125.000000000000000
7.768000,-2,-89.581999999999994,-33.454999999999998,-47.973920000000000,180.000000000000000,0.000000000000000,125.000000000000000
7.772000,-2,-89.581999999999994,-33.454999999999998,-47.982250000000001,180.000000000000000,0.000000000000000,125.000000000000000
7.776000,-2,-89.581999999999994,-33.454999999999998,-47.990580000000001,180.000000000000000,0.000000000000000,125.000000000000000
7.780000,-2,-89.581999999999994,-33.454999999999998,-47.998919999999998,180.000000000000000,0.000000000000000,125.000000000000000
7.784000,-2,-89.581999999999994,-33.454999999999998,-48.007249999999999,180.000000000000000,0.000000000000000,125.000000000000000
7.788000,-2,-89.581999999999994,-33.454999999999998,-48.015580000000000,180.000000000000000,0.000000000000000,125.000000000000000
7.792000,-2,-89.581999999999994,-33.454999999999998,-48.023919999999997,180.000000000000000,0.000000000000000,125.000000000000000
7.796000,-2,-89.581999999999994,-33.454999999999998,-48.032249999999998,180.000000000000000,0.000000000000000,125.000000000000000
7.800000,-2,-89.581999999999994,-33.454999999999998,-48.040579999999999,180.000000000000000,0.000000000000000,125.000000000000000
7.804000,-2,-89.581999999999994,-33.454999999999998,-48.048920000000003,180.000000000000000,0.000000000000000,125.000000000000000
7.808000,-2,-89.581999999999994,-33.454999999999998,-48.057250000000003,180.000000000000000,0.000000000000000,125.000000000000000
7.812000,-2,-89.581999999999994,-33.454999999999998,-48.065579999999997,180.000000000000000,0.000000000000000,125.000000000000000
7.816000,-2,-89.581999999999994,-33.454999999999998,-48.073920000000001,180.000000000000000,0.000000000000000,125.000000000000000
7.820000,-2,-89.581999999999994,-33.454999999999998,-48.082250000000002,180.000000000000000,0.000000000000000,125.000000000000000
7.824000,-2,-89.581999999999994,-33.454999999999998,-48.090580000000003,180.000000000000000,0.000000000000000,125.000000000000000
7.828000,-2,-89.581999999999994,-33.454999999999998,-48.098920000000000,180.000000000000000,0.000000000000000,125.000000000000000
7.832000,-2,-89.581999999999994,-33.454999999999998,-48.107250000000001,180.000000000000000,0.000000000000000,125.000000000000000
7.836000,-2,-89.581999999999994,-33.454999999999998,-48.115580000000001,180.000000000000000,0.000000000000000,125.000000000000000
7.840000,-2,-89.581999999999994,-33.454999999999998,-48.123919999999998,180.000000000000000,0.000000000000000,125.000000000000000
7.844000,-2,-89.581999999999994,-33.454999999999998,-48.132249999999999,180.000000000000000,0.000000000000000,125.000000000000000
7.848000,-2,-89.581999999999994,-33.454999999999998,-48.140580000000000,180.000000000000000,0.000000000000000,125.000000000000000
7.852000,-2,-89.581999999999994,-33.454999999999998,-48.148919999999997,180.000000000000000,0.000000000000000,125.000000000000000
7.856000,-2,-89.581999999999994,-33.454999999999998,-48.157249999999998,180.000000000000000,0.000000000000000,125.000000000000000
7.860000,-2,-89.581999999999994,-33.454999999999998,-48.165579999999999,180.000000000000000,0.000000000000000,125.000000000000000
7.864000,-2,-89.581999999999994,-33.454999999999998,-48.173920000000003,180.000000000000000,0.000000000000000,125.000000000000000
7.868000,-2,-89.581999999999994,-33.454999999999998,-48.182250000000003,180.000000000000000,0.000000000000000,125.000000000000000
7.872000,-2,-89.581999999999994,-33.454999999999998,-48.190579999999997,180.000000000000000,0.000000000000000,125.000000000000000
7.876000,-2,-89.581999999999994,-33.454999999999998,-48.198920000000001,180.000000000000000,0.000000000000000,125.000000000000000
7.880000,-2,-89.581999999999994,-33.454999999999998,-48.207250000000002,180.000000000000000,0.000000000000000,125.000000000000000
7.884000,-2,-89.581999999999994,-33.454999999999998,-48.215580000000003,180.000000000000000,0.000000000000000,125.000000000000000
7.888000,-2,-89.581999999999994,-33.454999999999998,-48.223920000000000,180.000000000000000,0.000000000000000,125.000000000000000
7.892000,-2,-89.581999999999994,-33.454999999999998,-48.232250000000001,180.000000000000000,0.000000000000000,125.000000000000000
7.896000,-2,-89.581999999999994,-33.454999999999998,-48.240580000000001,180.000000000000000,0.000000000000000,125.000000000000000
7.900000,-2,-89.581999999999994,-33.454999999999998,-48.248919999999998,180.000000000000000,0.000000000000000,125.000000000000000
7.904000,-2,-89.581999999999994,-33.454999999999998,-48.257249999999999,180.000000000000000,0.000000000000000,125.000000000000000
7.908000,-2,-89.581999999999994,-33.454999999999998,-48.265580000000000,180.000000000000000,0.000000000000000,125.000000000000000
7.912000,-2,-89.581999999999994,-33.454999999999998,-48.273919999999997,180.000000000000000,0.000000000000000,125.000000000000000
7.916000,-2,-89.581999999999994,-33.454999999999998,-48.282249999999998,180.000000000000000,0.000000000000000,125.000000000000000
7.920000,-2,-89.581999999999994,-33.454999999999998,-48.290579999999999,180.000000000000000,0.000000000000000,125.000000000000000
7.924000,-2,-89.581999999999994,-33.454999999999998,-48.298920000000003,180.000000000000000,0.000000000000000,125.000000000000000
7.928000,-2,-89.581999999999994,-33.454999999999998,-48.307250000000003,180.000000000000000,0.000000000000000,125.000000000000000
7.932000,-2,-89.581999999999994,-33.454999999999998,-48.315579999999997,180.000000000000000,0.000000000000000,125.000000000000000
7.936000,-2,-89.581999999999994,-33.454999999999998,-48.323920000000001,180.000000000000000,0.000000000000000,125.000000000000000
7.940000,-2,-89.581999999999994,-33.454999999999998,-48.332250000000002,180.000000000000000,0.000000000000000,125.000000000000000
7.944000,-2,-89.581999999999994,-33.454999999999998,-48.340580000000003,180.000000000000000,0.000000000000000,125.000000000000000
7.948000,-2,-89.581999999999994,-33.454999999999998,-48.348920000000000,180.000000000000000,0.000000000000000,125.000000000000000
7.952000,-2,-89.581999999999994,-33.454999999999998,-48.357250000000001,180.000000000000000,0.000000000000000,125.000000000000000
7.956000,-2,-89.581999999999994,-33.454999999999998,-48.365580000000001,180.000000000000000,0.000000000000000,125.000000000000000
7.960000,-2,-89.581999999999994,-33.454999999999998,-48.373919999999998,180.000000000000000,0.000000000000000,125.000000000000000
7.964000,-2,-89.581999999999994,-33.454999999999998,-48.382249999999999,180.000000000000000,0.000000000000000,125.000000000000000
7.968000,-2,-89.581999999999994,-33.454999999999998,-48.390580000000000,180.000000000000000,0.000000000000000,125.000000000000000
7.972000,-2,-89.581999999999994,-33.454999999999998,-48.398919999999997,180.000000000000000,0.000000000000000,125.000000000000000
7.976000,-2,-89.581999999999994,-33.454999999999998,-48.407249999999998,180.000000000000000,0.000000000000000,125.000000000000000
7.980000,-2,-89.581999999999994,-33.454999999999998,-48.415579999999999,180.000000000000000,0.000000000000000,125.000000000000000
7.984000,-2,-89.581999999999994,-33.454999999999998,-48.423920000000003,180.000000000000000,0.000000000000000,125.000000000000000
7.988000,-2,-89.581999999999994,-33.454999999999998,-48.432250000000003,180.000000000000000,0.000000000000000,125.000000000000000
7.992000,-2,-89.581999999999994,-33.454999999999998,-48.440579999999997,180.000000000000000,0.000000000000000,125.000000000000000
7.996000,-2,-89.581999999999994,-33.454999999999998,-48.448920000000001,180.000000000000000,0.000000000000000,125.000000000000000
8.000000,-2,-89.581999999999994,-33.454999999999998,-48.457250000000002,180.000000000000000,0.000000000000000,125.000000000000000
8.004000,-2,-89.581999999999994,-33.454999999999998,-48.465580000000003,180.000000000000000,0.000000000000000,125.000000000000000
8.008000,-2,-89.581999999999994,-33.454999999999998,-48.473920000000000,180.000000000000000,0.000000000000000,125.000000000000000
8.012000,-2,-89.581999999999994,-33.454999999999998,-48.482250000000001,180.000000000000000,0.000000000000000,125.000000000000000
8.016000,-2,-89.581999999999994,-33.454999999999998,-48.490580000000001,180.000000000000000,0.000000000000000,125.000000000000000
8.020000,-2,-89.581999999999994,-33.454999999999998,-48.498919999999998,180.000000000000000,0.000000000000000,125.000000000000000
8.024000,-2,-89.581999999999994,-33.454999999999998,-48.507249999999999,180.000000000000000,0.000000000000000,125.000000000000000
8.028000,-2,-89.581999999999994,-33.454999999999998,-48.515580000000000,180.000000000000000,0.000000000000000,125.000000000000000
8.032000,-2,-89.581999999999994,-33.454999999999998,-48.523919999999997,180.000000000000000,0.000000000000000,125.000000000000000
8.036000,-2,-89.581999999999994,-33.454999999999998,-48.532249999999998,180.000000000000000,0.000000000000000,125.000000000000000
8.040000,-2,-89.581999999999994,-33.454999999999998,-48.540579999999999,180.000000000000000,0.000000000000000,125.000000000000000
8.044000,-2,-89.581999999999994,-33.454999999999998,-48.548920000000003,180.000000000000000,0.000000000000000,125.000000000000000
8.048000,-2,-89.581999999999994,-33.454999999999998,-48.557250000000003,180.000000000000000,0.000000000000000,125.000000000000000
8.052000,-2,-89.581999999999994,-33.454999999999998,-48.565579999999997,180.000000000000000,0.000000000000000,125.000000000000000
8.056000,-2,-89.581999999999994,-33.454999999999998,-48.573920000000001,180.000000000000000,0.000000000000000,125.000000000000000
8.060000,-2,-89.581999999999994,-33.454999999999998,-48.582250000000002,180.000000000000000,0.000000000000000,125.000000000000000
8.064000,-2,-89.581999999999994,-33.454999999999998,-48.590580000000003,180.000000000000000,0.000000000000000,125.000000000000000
8.068000,-2,-89.581999999999994,-33.454999999999998,-48.598920000000000,180.000000000000000,0.000000000000000,125.000000000000000
8.072000,-2,-89.581999999999994,-33.454999999999998,-48.607250000000001,180.000000000000000,0.000000000000000,125.000000000000000
8.076000,-2,-89.581999999999994,-33.454999999999998,-48.615580000000001,180.000000000000000,0.000000000000000,125.000000000000000
8.080000,-2,-89.581999999999994,-33.454999999999998,-48.623919999999998,180.000000000000000,0.000000000000000,125.000000000000000
8.084000,-2,-89.581999999999994,-33.454999999999998,-48.632249999999999,180.000000000000000,0.000000000000000,125.000000000000000
8.088000,-2,-89.581999999999994,-33.454999999999998,-48.640580000000000,180.000000000000000,0.000000000000000,125.000000000000000
8.092000,-2,-89.581999999999994,-33.454999999999998,-48.648919999999997,180.000000000000000,0.000000000000000,125.000000000000000
8.096000,-2,-89.581999999999994,-33.454999999999998,-48.657249999999998,180.000000000000000,0.000000000000000,125.000000000000000
8.100000,-2,-89.581999999999994,-33.454999999999998,-48.665579999999999,180.000000000000000,0.000000000000000,125.000000000000000
8.104000,-2,-89.581999999999994,-33.454999999999998,-48.673920000000003,180.000000000000000,0.000000000000000,125.000000000000000
8.108000,-2,-89.581999999999994,-33.454999999999998,-48.682250000000003,180.000000000000000,0.000000000000000,125.000000000000000
8.112000,-2,-89.581999999999994,-33.454999999999998,-48.690579999999997,180.000000000000000,0.000000000000000,125.000000000000000
8.116000,-2,-89.581999999999994,-33.454999999999998,-48.698920000000001,180.000000000000000,0.000000000000000,125.000000000000000
8.120000,-2,-89.581999999999994,-33.454999999999998,-48.707250000000002,180.000000000000000,0.000000000000000,125.000000000000000
8.124000,-2,-89.581999999999994,-33.454999999999998,-48.715580000000003,180.000000000000000,0.000000000000000,125.000000000000000
8.128000,-2,-89.581999999999994,-33.454999999999998,-48.723920000000000,180.000000000000000,0.000000000000000,125.000000000000000
8.132000,-2,-89.581999999999994,-33.454999999999998,-48.732250000000001,180.000000000000000,0.000000000000000,125.000000000000000
8.136000,-2,-89.581999999999994,-33.454999999999998,-48.740580000000001,180.000000000000000,0.000000000000000,125.000000000000000
8.140000,-2,-89.581999999999994,-33.454999999999998,-48.748919999999998,180.000000000000000,0.000000000000000,125.000000000000000
8.144000,-2,-89.581999999999994,-33.454999999999998,-48.757249999999999,180.000000000000000,0.000000000000000,125.000000000000000
8.148000,-2,-89.581999999999994,-33.454999999999998,-48.765580000000000,180.000000000000000,0.000000000000000,125.000000000000000
8.152000,-2,-89.581999999999994,-33.454999999999998,-48.773919999999997,180.000000000000000,0.000000000000000,125.000000000000000
8.156000,-2,-89.581999999999994,-33.454999999999998,-48.782249999999998,180.000000000000000,0.000000000000000,125.000000000000000
8.160000,-2,-89.581999999999994,-33.454999999999998,-48.790579999999999,180.000000000000000,0.000000000000000,125.000000000000000
8.164000,-2,-89.581999999999994,-33.454999999999998,-48.798920000000003,180.000000000000000,0.000000000000000,125.000000000000000
8.168000,-2,-89.581999999999994,-33.454999999999998,-48.807250000000003,180.000000000000000,0.000000000000000,125.000000000000000
8.172000,-2,-89.581999999999994,-33.454999999999998,-48.815579999999997,180.000000000000000,0.000000000000000,125.000000000000000
8.176000,-2,-89.581999999999994,-33.454999999999998,-48.823920000000001,180.000000000000000,0.000000000000000,125.000000000000000
8.180000,-2,-89.581999999999994,-33.454999999999998,-48.832250000000002,180.000000000000000,0.000000000000000,125.000000000000000
8.184000,-2,-89.581999999999994,-33.454999999999998,-48.840580000000003,180.000000000000000,0.000000000000000,125.000000000000000
8.188000,-2,-89.581999999999994,-33.454999999999998,-48.848920000000000,180.000000000000000,0.000000000000000,125.000000000000000
8.192000,-2,-89.581999999999994,-33.454999999999998,-48.857250000000001,180.000000000000000,0.000000000000000,125.000000000000000
8.196000,-2,-89.581999999999994,-33.454999999999998,-48.865580000000001,180.000000000000000,0.000000000000000,125.000000000000000
8.200000,-2,-89.581999999999994,-33.454999999999998,-48.873919999999998,180.000000000000000,0.000000000000000,125.000000000000000
8.204000,-2,-89.581999999999994,-33.454999999999998,-48.882249999999999,180.000000000000000,0.000000000000000,125.000000000000000
8.208000,-2,-89.581999999999994,-33.454999999999998,-48.890580000000000,180.000000000000000,0.000000000000000,125.000000000000000
8.212000,-2,-89.581999999999994,-33.454999999999998,-48.898919999999997,180.000000000000000,0.000000000000000,125.000000000000000
8.216000,-2,-89.581999999999994,-33.454999999999998,-48.907249999999998,180.000000000000000,0.000000000000000,125.000000000000000
8.220000,-2,-89.581999999999994,-33.454999999999998,-48.915579999999999,180.000000000000000,0.000000000000000,125.000000000000000
8.224000,-2,-89.581999999999994,-33.454999999999998,-48.923920000000003,180.000000000000000,0.000000000000000,125.000000000000000
8.228000,-2,-89.581999999999994,-33.454999999999998,-48.932250000000003,180.000000000000000,0.000000000000000,125.000000000000000
8.232000,-2,-89.581999999999994,-33.454999999999998,-48.940579999999997,180.000000000000000,0.000000000000000,125.000000000000000
8.236000,-2,-89.581999999999994,-33.454999999999998,-48.948920000000001,180.000000000000000,0.000000000000000,125.000000000000000
8.240000,-2,-89.581999999999994,-33.454999999999998,-48.957250000000002,180.000000000000000,0.000000000000000,125.000000000000000
8.244000,-2,-89.581999999999994,-33.454999999999998,-48.965580000000003,180.000000000000000,0.000000000000000,125.000000000000000
8.248000,-2,-89.581999999999994,-33.454999999999998,-48.973920000000000,180.000000000000000,0.000000000000000,125.000000000000000
8.252000,-2,-89.581999999999994,-33.454999999999998,-48.982250000000001,180.000000000000000,0.000000000000000,125.000000000000000
8.256000,-2,-89.581999999999994,-33.454999999999998,-48.990580000000001,180.000000000000000,0.000000000000000,125.000000000000000
8.260000,-2,-89.581999999999994,-33.454999999999998,-48.998919999999998,180.000000000000000,0.000000000000000,125.000000000000000
8.264000,-2,-89.581999999999994,-33.454999999999998,-49.007249999999999,180.000000000000000,0.000000000000000,125.000000000000000
8.268000,-2,-89.581999999999994,-33.454999999999998,-49.015580000000000,180.000000000000000,0.000000000000000,125.000000000000000
8.272000,-2,-89.581999999999994,-33.454999999999998,-49.023919999999997,180.000000000000000,0.000000000000000,125.000000000000000
8.276000,-2,-89.581999999999994,-33.454999999999998,-49.032249999999998,180.000000000000000,0.000000000000000,125.000000000000000
8.280000,-2,-89.581999999999994,-33.454999999999998,-49.040579999999999,180.000000000000000,0.000000000000000,125.000000000000000
8.284000,-2,-89.581999999999994,-33.454999999999998,-49.048920000000003,180.000000000000000,0.000000000000000,125.000000000000000
8.288000,-2,-89.581999999999994,-33.454999999999998,-49.057250000000003,180.000000000000000,0.000000000000000,125.000000000000000
8.292000,-2,-89.581999999999994,-33.454999999999998,-49.065579999999997,180.000000000000000,0.000000000000000,125.000000000000000
8.296000,-2,-89.581999999999994,-33.454999999999998,-49.073920000000001,180.000000000000000,0.000000000000000,125.000000000000000
8.300000,-2,-89.581999999999994,-33.454999999999998,-49.082250000000002,180.000000000000000,0.000000000000000,125.000000000000000
8.304000,-2,-89.581999999999994,-33.454999999999998,-49.090580000000003,180.000000000000000,0.000000000000000,125.000000000000000
8.308000,-2,-89.581999999999994,-33.454999999999998,-49.098920000000000,180.000000000000000,0.000000000000000,125.000000000000000
8.312000,-2,-89.581999999999994,-33.454999999999998,-49.107250000000001,180.000000000000000,0.000000000000000,125.000000000000000
8.316000,-2,-89.581999999999994,-33.454999999999998,-49.115580000000001,180.000000000000000,0.000000000000000,125.000000000000000
8.320000,-2,-89.581999999999994,-33.454999999999998,-49.123919999999998,180.000000000000000,0.000000000000000,125.000000000000000
8.324000,-2,-89.581999999999994,-33.454999999999998,-49.132249999999999,180.000000000000000,0.000000000000000,125.000000000000000
8.328000,-2,-89.581999999999994,-33.454999999999998,-49.140580000000000,180.000000000000000,0.000000000000000,125.000000000000000
8.332000,-2,-89.581999999999994,-33.454999999999998,-49.148919999999997,180.000000000000000,0.000000000000000,125.000000000000000
8.336000,-2,-89.581999999999994,-33.454999999999998,-49.157249999999998,180.000000000000000,0.000000000000000,125.000000000000000
8.340000,-2,-89.581999999999994,-33.454999999999998,-49.165579999999999,180.000000000000000,0.000000000000000,125.000000000000000
8.344000,-2,-89.581999999999994,-33.454999999999998,-49.173920000000003,180.000000000000000,0.000000000000000,125.000000000000000
8.348000,-2,-89.581999999999994,-33.454999999999998,-49.182250000000003,180.000000000000000,0.000000000000000,125.000000000000000
8.352000,-2,-89.581999999999994,-33.454999999999998,-49.190579999999997,180.000000000000000,0.000000000000000,125.000000000000000
8.356000,-2,-89.581999999999994,-33.454999999999998,-49.198920000000001,180.000000000000000,0.000000000000000,125.000000000000000
8.360000,-2,-89.581999999999994,-33.454999999999998,-49.207250000000002,180.000000000000000,0.000000000000000,125.000000000000000
8.364000,-2,-89.581999999999994,-33.454999999999998,-49.215580000000003,180.000000000000000,0.000000000000000,125.000000000000000
8.368000,-2,-89.581999999999994,-33.454999999999998,-49.223920000000000,180.000000000000000,0.000000000000000,125.000000000000000
8.372000,-2,-89.581999999999994,-33.454999999999998,-49.232250000000001,180.000000000000000,0.000000000000000,125.000000000000000
8.376000,-2,-89.581999999999994,-33.454999999999998,-49.240580000000001,180.000000000000000,0.000000000000000,125.000000000000000
8.380000,-2,-89.581999999999994,-33.454999999999998,-49.248919999999998,180.000000000000000,0.000000000000000,125.000000000000000
8.384000,-2,-89.581999999999994,-33.454999999999998,-49.257249999999999,180.000000000000000,0.000000000000000,125.000000000000000
8.388000,-2,-89.581999999999994,-33.454999999999998,-49.265580000000000,180.000000000000000,0.000000000000000,125.000000000000000
8.392000,-2,-89.581999999999994,-33.454999999999998,-49.273919999999997,180.000000000000000,0.000000000000000,125.000000000000000
8.396000,-2,-89.581999999999994,-33.454999999999998,-49.282249999999998,180.000000000000000,0.000000000000000,125.000000000000000
8.400000,-2,-89.581999999999994,-33.454999999999998,-49.290579999999999,180.000000000000000,0.000000000000000,125.000000000000000
8.404000,-2,-89.581999999999994,-33.454999999999998,-49.298920000000003,180.000000000000000,0.000000000000000,125.000000000000000
8.408000,-2,-89.581999999999994,-33.454999999999998,-49.307250000000003,180.000000000000000,0.000000000000000,125.000000000000000
8.412000,-2,-89.581999999999994,-33.454999999999998,-49.315579999999997,180.000000000000000,0.000000000000000,125.000000000000000
8.416000,-2,-89.581999999999994,-33.454999999999998,-49.323920000000001,180.000000000000000,0.000000000000000,125.000000000000000
8.420000,-2,-89.581999999999994,-33.454999999999998,-49.332250000000002,180.000000000000000,0.000000000000000,125.000000000000000
8.424000,-2,-89.581999999999994,-33.454999999999998,-49.340580000000003,180.000000000000000,0.000000000000000,125.000000000000000
8.428000,-2,-89.581999999999994,-33.454999999999998,-49.348920000000000,180.000000000000000,0.000000000000000,125.000000000000000
8.432000,-2,-89.581999999999994,-33.454999999999998,-49.357250000000001,180.000000000000000,0.000000000000000,125.000000000000000
8.436000,-2,-89.581999999999994,-33.454999999999998,-49.365580000000001,180.000000000000000,0.000000000000000,125.000000000000000
8.440000,-2,-89.581999999999994,-33.454999999999998,-49.373919999999998,180.000000000000000,0.000000000000000,125.000000000000000
8.444000,-2,-89.581999999999994,-33.454999999999998,-49.382249999999999,180.000000000000000,0.000000000000000,125.000000000000000
8.448000,-2,-89.581999999999994,-33.454999999999998,-49.390580000000000,180.000000000000000,0.000000000000000,125.000000000000000
8.452000,-2,-89.581999999999994,-33.454999999999998,-49.398919999999997,180.000000000000000,0.000000000000000,125.000000000000000
8.456000,-2,-89.581999999999994,-33.454999999999998,-49.407249999999998,180.000000000000000,0.000000000000000,125.000000000000000
8.460000,-2,-89.581999999999994,-33.454999999999998,-49.415579999999999,180.000000000000000,0.000000000000000,125.000000000000000
8.464000,-2,-89.581999999999994,-33.454999999999998,-49.423920000000003,180.000000000000000,0.000000000000000,125.000000000000000
8.468000,-2,-89.581999999999994,-33.454999999999998,-49.432250000000003,180.000000000000000,0.000000000000000,125.000000000000000
8.472000,-2,-89.581999999999994,-33.454999999999998,-49.440579999999997,180.000000000000000,0.000000000000000,125.000000000000000
8.476000,-2,-89.581999999999994,-33.454999999999998,-49.448920000000001,180.000000000000000,0.000000000000000,125.000000000000000
8.480000,-2,-89.581999999999994,-33.454999999999998,-49.457250000000002,180.000000000000000,0.000000000000000,125.000000000000000
8.484000,-2,-89.581999999999994,-33.454999999999998,-49.465580000000003,180.000000000000000,0.000000000000000,125.000000000000000
8.488000,-2,-89.581999999999994,-33.454999999999998,-49.473920000000000,180.000000000000000,0.000000000000000,125.000000000000000
8.492000,-2,-89.581999999999994,-33.454999999999998,-49.482250000000001,180.000000000000000,0.000000000000000,125.000000000000000
8.496000,-2,-89.581999999999994,-33.454999999999998,-49.490580000000001,180.000000000000000,0.000000000000000,125.000000000000000
8.500000,-2,-89.581999999999994,-33.454999999999998,-49.498919999999998,180.000000000000000,0.000000000000000,125.000000000000000
8.504000,-2,-89.581999999999994,-33.454999999999998,-49.507249999999999,180.000000000000000,0.000000000000000,125.000000000000000
8.508000,-2,-89.581999999999994,-33.454999999999998,-49.515580000000000,180.000000000000000,0.000000000000000,125.000000000000000
8.512000,-2,-89.581999999999994,-33.454999999999998,-49.523919999999997,180.000000000000000,0.000000000000000,125.000000000000000
8.516000,-2,-89.581999999999994,-33.454999999999998,-49.532249999999998,180.000000000000000,0.000000000000000,125.000000000000000
8.520000,-2,-89.581999999999994,-33.454999999999998,-49.540579999999999,180.000000000000000,0.000000000000000,125.000000000000000
8.524000,-2,-89.581999999999994,-33.454999999999998,-49.548920000000003,180.000000000000000,0.000000000000000,125.000000000000000
8.528000,-2,-89.581999999999994,-33.454999999999998,-49.557250000000003,180.000000000000000,0.000000000000000,125.000000000000000
8.532000,-2,-89.581999999999994,-33.454999999999998,-49.565579999999997,180.000000000000000,0.000000000000000,125.000000000000000
8.536000,-2,-89.581999999999994,-33.454999999999998,-49.573920000000001,180.000000000000000,0.000000000000000,125.000000000000000
8.540000,-2,-89.581999999999994,-33.454999999999998,-49.582250000000002,180.000000000000000,0.000000000000000,125.000000000000000
8.544000,-2,-89.581999999999994,-33.454999999999998,-49.590580000000003,180.000000000000000,0.000000000000000,125.000000000000000
8.548000,-2,-89.581999999999994,-33.454999999999998,-49.598920000000000,180.000000000000000,0.000000000000000,125.000000000000000
8.552000,-2,-89.581999999999994,-33.454999999999998,-49.607250000000001,180.000000000000000,0.000000000000000,125.000000000000000
8.556000,-2,-89.581999999999994,-33.454999999999998,-49.615580000000001,180.000000000000000,0.000000000000000,125.000000000000000
8.560000,-2,-89.581999999999994,-33.454999999999998,-49.623919999999998,180.000000000000000,0.000000000000000,125.000000000000000
8.564000,-2,-89.581999999999994,-33.454999999999998,-49.632249999999999,180.000000000000000,0.000000000000000,125.000000000000000
8.568000,-2,-89.581999999999994,-33.454999999999998,-49.640580000000000,180.000000000000000,0.000000000000000,125.000000000000000
8.572000,-2,-89.581999999999994,-33.454999999999998,-49.648919999999997,180.000000000000000,0.000000000000000,125.000000000000000
8.576000,-2,-89.581999999999994,-33.454999999999998,-49.657249999999998,180.000000000000000,0.000000000000000,125.000000000000000
8.580000,-2,-89.581999999999994,-33.454999999999998,-49.665579999999999,180.000000000000000,0.000000000000000,125.000000000000000
8.584000,-2,-89.581999999999994,-33.454999999999998,-49.673920000000003,180.000000000000000,0.000000000000000,125.000000000000000
8.588000,-2,-89.581999999999994,-33.454999999999998,-49.682250000000003,180.000000000000000,0.000000000000000,125.000000000000000
8.592000,-2,-89.581999999999994,-33.454999999999998,-49.690579999999997,180.000000000000000,0.000000000000000,125.000000000000000
8.596000,-2,-89.581999999999994,-33.454999999999998,-49.698920000000001,180.000000000000000,0.000000000000000,125.000000000000000
8.600000,-2,-89.581999999999994,-33.454999999999998,-49.707250000000002,180.000000000000000,0.000000000000000,125.000000000000000
8.604000,-2,-89.581999999999994,-33.454999999999998,-49.715580000000003,180.000000000000000,0.000000000000000,125.000000000000000
8.608000,-2,-89.581999999999994,-33.454999999999998,-49.723920000000000,180.000000000000000,0.000000000000000,125.000000000000000
8.612000,-2,-89.581999999999994,-33.454999999999998,-49.732250000000001,180.000000000000000,0.000000000000000,125.000000000000000
8.616000,-2,-89.581999999999994,-33.454999999999998,-49.740580000000001,180.000000000000000,0.000000000000000,125.000000000000000
8.620000,-2,-89.581999999999994,-33.454999999999998,-49.748919999999998,180.000000000000000,0.000000000000000,125.000000000000000
8.624000,-2,-89.581999999999994,-33.454999999999998,-49.757249999999999,180.000000000000000,0.000000000000000,125.000000000000000
8.628000,-2,-89.581999999999994,-33.454999999999998,-49.765580000000000,180.000000000000000,0.000000000000000,125.000000000000000
8.632000,-2,-89.581999999999994,-33.454999999999998,-49.773919999999997,180.000000000000000,0.000000000000000,125.000000000000000
8.636000,-2,-89.581999999999994,-33.454999999999998,-49.782249999999998,180.000000000000000,0.000000000000000,125.000000000000000
8.640000,-2,-89.581999999999994,-33.454999999999998,-49.790579999999999,180.000000000000000,0.000000000000000,125.000000000000000
8.644000,-2,-89.581999999999994,-33.454999999999998,-49.798920000000003,180.000000000000000,0.000000000000000,125.000000000000000
8.648000,-2,-89.581999999999994,-33.454999999999998,-49.807250000000003,180.000000000000000,0.000000000000000,125.000000000000000
8.652000,-2,-89.581999999999994,-33.454999999999998,-49.815579999999997,180.000000000000000,0.000000000000000,125.000000000000000
8.656000,-2,-89.581999999999994,-33.454999999999998,-49.823920000000001,180.000000000000000,0.000000000000000,125.000000000000000
8.660000,-2,-89.581999999999994,-33.454999999999998,-49.832250000000002,180.000000000000000,0.000000000000000,125.000000000000000
8.664000,-2,-89.581999999999994,-33.454999999999998,-49.840580000000003,180.000000000000000,0.000000000000000,125.000000000000000
8.668000,-2,-89.581999999999994,-33.454999999999998,-49.848920000000000,180.000000000000000,0.000000000000000,125.000000000000000
8.672000,-2,-89.581999999999994,-33.454999999999998,-49.857250000000001,180.000000000000000,0.000000000000000,125.000000000000000
8.676000,-2,-89.581999999999994,-33.454999999999998,-49.865580000000001,180.000000000000000,0.000000000000000,125.000000000000000
8.680000,-2,-89.581999999999994,-33.454999999999998,-49.873919999999998,180.000000000000000,0.000000000000000,125.000000000000000
8.684000,-2,-89.581999999999994,-33.454999999999998,-49.882249999999999,180.000000000000000,0.000000000000000,125.000000000000000
8.688000,-2,-89.581999999999994,-33.454999999999998,-49.890580000000000,180.000000000000000,0.000000000000000,125.000000000000000
8.692000,-2,-89.581999999999994,-33.454999999999998,-49.898919999999997,180.000000000000000,0.000000000000000,125.000000000000000
8.696000,-2,-89.581999999999994,-33.454999999999998,-49.907249999999998,180.000000000000000,0.000000000000000,125.000000000000000
8.700000,-2,-89.581999999999994,-33.454999999999998,-49.915579999999999,180.000000000000000,0.000000000000000,125.000000000000000
8.704000,-2,-89.581999999999994,-33.454999999999998,-49.923920000000003,180.000000000000000,0.000000000000000,125.000000000000000
8.708000,-2,-89.581999999999994,-33.454999999999998,-49.932250000000003,180.000000000000000,0.000000000000000,125.000000000000000
8.712000,-2,-89.581999999999994,-33.454999999999998,-49.940579999999997,180.000000000000000,0.000000000000000,125.000000000000000
8.716000,-2,-89.581999999999994,-33.454999999999998,-49.948920000000001,180.000000000000000,0.000000000000000,125.000000000000000
8.720000,-2,-89.581999999999994,-33.454999999999998,-49.957250000000002,180.000000000000000,0.000000000000000,125.000000000000000
8.724000,-2,-89.581999999999994,-33.454999999999998,-49.965580000000003,180.000000000000000,0.000000000000000,125.000000000000000
8.728000,-2,-89.581999999999994,-33.454999999999998,-49.973920000000000,180.000000000000000,0.000000000000000,125.000000000000000
8.732000,-2,-89.581999999999994,-33.454999999999998,-49.982250000000001,180.000000000000000,0.000000000000000,125.000000000000000
8.736000,-2,-89.581999999999994,-33.454999999999998,-49.990580000000001,180.000000000000000,0.000000000000000,125.000000000000000
8.740000,-2,-89.581999999999994,-33.454999999999998,-49.998919999999998,180.000000000000000,0.000000000000000,125.000000000000000
8.744000,-2,-89.581999999999994,-33.454999999999998,-50.007249999999999,180.000000000000000,0.000000000000000,125.000000000000000
8.748000,-2,-89.581999999999994,-33.454999999999998,-50.015580000000000,180.000000000000000,0.000000000000000,125.000000000000000
8.752000,-2,-89.581999999999994,-33.454999999999998,-50.023919999999997,180.000000000000000,0.000000000000000,125.000000000000000
8.756000,-2,-89.581999999999994,-33.454999999999998,-50.032249999999998,180.000000000000000,0.000000000000000,125.000000000000000
8.760000,-2,-89.581999999999994,-33.454999999999998,-50.040579999999999,180.000000000000000,0.000000000000000,125.000000000000000
8.764000,-2,-89.581999999999994,-33.454999999999998,-50.048920000000003,180.000000000000000,0.000000000000000,125.000000000000000
8.768000,-2,-89.581999999999994,-33.454999999999998,-50.057250000000003,180.000000000000000,0.000000000000000,125.000000000000000
8.772000,-2,-89.581999999999994,-33.454999999999998,-50.065579999999997,180.000000000000000,0.000000000000000,125.000000000000000
8.776000,-2,-89.581999999999994,-33.454999999999998,-50.073920000000001,180.000000000000000,0.000000000000000,125.000000000000000
8.780000,-2,-89.581999999999994,-33.454999999999998,-50.082250000000002,180.000000000000000,0.000000000000000,125.000000000000000
8.784000,-2,-89.581999999999994,-33.454999999999998,-50.090580000000003,180.000000000000000,0.000000000000000,125.000000000000000
8.788000,-2,-89.581999999999994,-33.454999999999998,-50.098920000000000,180.000000000000000,0.000000000000000,125.000000000000000
8.792000,-2,-89.581999999999994,-33.454999999999998,-50.107250000000001,180.000000000000000,0.000000000000000,125.000000000000000
8.796000,-2,-89.581999999999994,-33.454999999999998,-50.115580000000001,180.000000000000000,0.000000000000000,125.000000000000000
8.800000,-2,-89.581999999999994,-33.454999999999998,-50.123919999999998,180.000000000000000,0.000000000000000,125.000000000000000
8.804000,-2,-89.581999999999994,-33.454999999999998,-50.132249999999999,180.000000000000000,0.000000000000000,125.000000000000000
8.808000,-2,-89.581999999999994,-33.454999999999998,-50.140580000000000,180.000000000000000,0.000000000000000,125.000000000000000
8.812000,-2,-89.581999999999994,-33.454999999999998,-50.148919999999997,180.000000000000000,0.000000000000000,125.000000000000000
8.816000,-2,-89.581999999999994,-33.454999999999998,-50.157249999999998,180.000000000000000,0.000000000000000,125.000000000000000
8.820000,-2,-89.581999999999994,-33.454999999999998,-50.165579999999999,180.000000000000000,0.000000000000000,125.000000000000000
8.824000,-2,-89.581999999999994,-33.454999999999998,-50.173920000000003,180.000000000000000,0.000000000000000,125.000000000000000
8.828000,-2,-89.581999999999994,-33.454999999999998,-50.182250000000003,180.000000000000000,0.000000000000000,125.000000000000000
8.832000,-2,-89.581999999999994,-33.454999999999998,-50.190579999999997,180.000000000000000,0.000000000000000,125.000000000000000
8.836000,-2,-89.581999999999994,-33.454999999999998,-50.198920000000001,180.000000000000000,0.000000000000000,125.000000000000000
8.840000,-2,-89.581999999999994,-33.454999999999998,-50.207250000000002,180.000000000000000,0.000000000000000,125.000000000000000
8.844000,-2,-89.581999999999994,-33.454999999999998,-50.215580000000003,180.000000000000000,0.000000000000000,125.000000000000000
8.848000,-2,-89.581999999999994,-33.454999999999998,-50.223920000000000,180.000000000000000,0.000000000000000,125.000000000000000
8.852000,-2,-89.581999999999994,-33.454999999999998,-50.232250000000001,180.000000000000000,0.000000000000000,125.000000000000000
8.856000,-2,-89.581999999999994,-33.454999999999998,-50.240580000000001,180.000000000000000,0.000000000000000,125.000000000000000
8.860000,-2,-89.581999999999994,-33.454999999999998,-50.248919999999998,180.000000000000000,0.000000000000000,125.000000000000000
8.864000,-2,-89.581999999999994,-33.454999999999998,-50.257249999999999,180.000000000000000,0.000000000000000,125.000000000000000
8.868000,-2,-89.581999999999994,-33.454999999999998,-50.265580000000000,180.000000000000000,0.000000000000000,125.000000000000000
8.872000,-2,-89.581999999999994,-33.454999999999998,-50.273919999999997,180.000000000000000,0.000000000000000,125.000000000000000
8.876000,-2,-89.581999999999994,-33.454999999999998,-50.282249999999998,180.000000000000000,0.000000000000000,125.000000000000000
8.880000,-2,-89.581999999999994,-33.454999999999998,-50.290579999999999,180.000000000000000,0.000000000000000,125.000000000000000
8.884000,-2,-89.581999999999994,-33.454999999999998,-50.298920000000003,180.000000000000000,0.000000000000000,125.000000000000000
8.888000,-2,-89.581999999999994,-33.454999999999998,-50.307250000000003,180.000000000000000,0.000000000000000,125.000000000000000
8.892000,-2,-89.581999999999994,-33.454999999999998,-50.315579999999997,180.000000000000000,0.000000000000000,125.000000000000000
8.896000,-2,-89.581999999999994,-33.454999999999998,-50.323920000000001,180.000000000000000,0.000000000000000,125.000000000000000
8.900000,-2,-89.581999999999994,-33.454999999999998,-50.332250000000002,180.000000000000000,0.000000000000000,125.000000000000000
8.904000,-2,-89.581999999999994,-33.454999999999998,-50.340580000000003,180.000000000000000,0.000000000000000,125.000000000000000
8.908000,-2,-89.581999999999994,-33.454999999999998,-50.348920000000000,180.000000000000000,0.000000000000000,125.000000000000000
8.912000,-2,-89.581999999999994,-33.454999999999998,-50.357250000000001,180.000000000000000,0.000000000000000,125.000000000000000
8.916000,-2,-89.581999999999994,-33.454999999999998,-50.365580000000001,180.000000000000000,0.000000000000000,125.000000000000000
8.920000,-2,-89.581999999999994,-33.454999999999998,-50.373919999999998,180.000000000000000,0.000000000000000,125.000000000000000
8.924000,-2,-89.581999999999994,-33.454999999999998,-50.382249999999999,180.000000000000000,0.000000000000000,125.000000000000000
8.928000,-2,-89.581999999999994,-33.454999999999998,-50.390580000000000,180.000000000000000,0.000000000000000,125.000000000000000
8.932000,-2,-89.581999999999994,-33.454999999999998,-50.398919999999997,180.000000000000000,0.000000000000000,125.000000000000000
8.936000,-2,-89.581999999999994,-33.454999999999998,-50.407249999999998,180.000000000000000,0.000000000000000,125.000000000000000
8.940000,-2,-89.581999999999994,-33.454999999999998,-50.415579999999999,180.000000000000000,0.000000000000000,125.000000000000000
8.944000,-2,-89.581999999999994,-33.454999999999998,-50.423920000000003,180.000000000000000,0.000000000000000,125.000000000000000
8.948000,-2,-89.581999999999994,-33.454999999999998,-50.432250000000003,180.000000000000000,0.000000000000000,125.000000000000000
8.952000,-2,-89.581999999999994,-33.454999999999998,-50.440579999999997,180.000000000000000,0.000000000000000,125.000000000000000
8.956000,-2,-89.581999999999994,-33.454999999999998,-50.448920000000001,180.000000000000000,0.000000000000000,125.000000000000000
8.960000,-2,-89.581999999999994,-33.454999999999998,-50.457250000000002,180.000000000000000,0.000000000000000,125.000000000000000
8.964000,-2,-89.581999999999994,-33.454999999999998,-50.465580000000003,180.000000000000000,0.000000000000000,125.000000000000000
8.968000,-2,-89.581999999999994,-33.454999999999998,-50.473920000000000,180.000000000000000,0.000000000000000,125.000000000000000
8.972000,-2,-89.581999999999994,-33.454999999999998,-50.482250000000001,180.000000000000000,0.000000000000000,125.000000000000000
8.976000,-2,-89.581999999999994,-33.454999999999998,-50.490580000000001,180.000000000000000,0.000000000000000,125.000000000000000
8.980000,-2,-89.581999999999994,-33.454999999999998,-50.498919999999998,180.000000000000000,0.000000000000000,125.000000000000000
8.984000,-2,-89.581999999999994,-33.454999999999998,-50.507249999999999,180.000000000000000,0.000000000000000,125.000000000000000
8.988000,-2,-89.581999999999994,-33.454999999999998,-50.515580000000000,180.000000000000000,0.000000000000000,125.000000000000000
8.992000,-2,-89.581999999999994,-33.454999999999998,-50.523919999999997,180.000000000000000,0.000000000000000,125.000000000000000
8.996000,-2,-89.581999999999994,-33.454999999999998,-50.532249999999998,180.000000000000000,0.000000000000000,125.000000000000000
9.000000,-2,-89.581999999999994,-33.454999999999998,-50.540579999999999,180.000000000000000,0.000000000000000,125.000000000000000
9.004000,-2,-89.581999999999994,-33.454999999999998,-50.548920000000003,180.000000000000000,0.000000000000000,125.000000000000000
9.008000,-2,-89.581999999999994,-33.454999999999998,-50.557250000000003,180.000000000000000,0.000000000000000,125.000000000000000
9.012000,-2,-89.581999999999994,-33.454999999999998,-50.565579999999997,180.000000000000000,0.000000000000000,125.000000000000000
9.016000,-2,-89.581999999999994,-33.454999999999998,-50.573920000000001,180.000000000000000,0.000000000000000,125.000000000000000
9.020000,-2,-89.581999999999994,-33.454999999999998,-50.582250000000002,180.000000000000000,0.000000000000000,125.000000000000000
9.024000,-2,-89.581999999999994,-33.454999999999998,-50.590580000000003,180.000000000000000,0.000000000000000,125.000000000000000
9.028000,-2,-89.581999999999994,-33.454999999999998,-50.598920000000000,180.000000000000000,0.000000000000000,125.000000000000000
9.032000,-2,-89.581999999999994,-33.454999999999998,-50.607250000000001,180.000000000000000,0.000000000000000,125.000000000000000
9.036000,-2,-89.581999999999994,-33.454999999999998,-50.615580000000001,180.000000000000000,0.000000000000000,125.000000000000000
9.040000,-2,-89.581999999999994,-33.454999999999998,-50.623919999999998,180.000000000000000,0.000000000000000,125.000000000000000
9.044000,-2,-89.581999999999994,-33.454999999999998,-50.632249999999999,180.000000000000000,0.000000000000000,125.000000000000000
9.048000,-2,-89.581999999999994,-33.454999999999998,-50.640580000000000,180.000000000000000,0.000000000000000,125.000000000000000
9.052000,-2,-89.581999999999994,-33.454999999999998,-50.648919999999997,180.000000000000000,0.000000000000000,125.000000000000000
9.056000,-2,-89.581999999999994,-33.454999999999998,-50.657249999999998,180.000000000000000,0.000000000000000,125.000000000000000
9.060000,-2,-89.581999999999994,-33.454999999999998,-50.665579999999999,180.000000000000000,0.000000000000000,125.000000000000000
9.064000,-2,-89.581999999999994,-33.454999999999998,-50.673920000000003,180.000000000000000,0.000000000000000,125.000000000000000
9.068000,-2,-89.581999999999994,-33.454999999999998,-50.682250000000003,180.000000000000000,0.000000000000000,125.000000000000000
9.072000,-2,-89.581999999999994,-33.454999999999998,-50.690579999999997,180.000000000000000,0.000000000000000,125.000000000000000
9.076000,-2,-89.581999999999994,-33.454999999999998,-50.698920000000001,180.000000000000000,0.000000000000000,125.000000000000000
9.080000,-2,-89.581999999999994,-33.454999999999998,-50.707250000000002,180.000000000000000,0.000000000000000,125.000000000000000
9.084000,-2,-89.581999999999994,-33.454999999999998,-50.715580000000003,180.000000000000000,0.000000000000000,125.000000000000000
9.088000,-2,-89.581999999999994,-33.454999999999998,-50.723920000000000,180.000000000000000,0.000000000000000,125.000000000000000
9.092000,-2,-89.581999999999994,-33.454999999999998,-50.732250000000001,180.000000000000000,0.000000000000000,125.000000000000000
9.096000,-2,-89.581999999999994,-33.454999999999998,-50.740580000000001,180.000000000000000,0.000000000000000,125.000000000000000
9.100000,-2,-89.581999999999994,-33.454999999999998,-50.748919999999998,180.000000000000000,0.000000000000000,125.000000000000000
9.104000,-2,-89.581999999999994,-33.454999999999998,-50.757249999999999,180.000000000000000,0.000000000000000,125.000000000000000
9.108000,-2,-89.581999999999994,-33.454999999999998,-50.765580000000000,180.000000000000000,0.000000000000000,125.000000000000000
9.112000,-2,-89.581999999999994,-33.454999999999998,-50.773919999999997,180.000000000000000,0.000000000000000,125.000000000000000
9.116000,-2,-89.581999999999994,-33.454999999999998,-50.782249999999998,180.000000000000000,0.000000000000000,125.000000000000000
9.120000,-2,-89.581999999999994,-33.454999999999998,-50.790579999999999,180.000000000000000,0.000000000000000,125.000000000000000
9.124000,-2,-89.581999999999994,-33.454999999999998,-50.798920000000003,180.000000000000000,0.000000000000000,125.000000000000000
9.128000,-2,-89.581999999999994,-33.454999999999998,-50.807250000000003,180.000000000000000,0.000000000000000,125.000000000000000
9.132000,-2,-89.581999999999994,-33.454999999999998,-50.815579999999997,180.000000000000000,0.000000000000000,125.000000000000000
9.136000,-2,-89.581999999999994,-33.454999999999998,-50.823920000000001,180.000000000000000,0.000000000000000,125.000000000000000
9.140000,-2,-89.581999999999994,-33.454999999999998,-50.832250000000002,180.000000000000000,0.000000000000000,125.000000000000000
9.144000,-2,-89.581999999999994,-33.454999999999998,-50.840580000000003,180.000000000000000,0.000000000000000,125.000000000000000
9.148000,-2,-89.581999999999994,-33.454999999999998,-50.848920000000000,180.000000000000000,0.000000000000000,125.000000000000000
9.152000,-2,-89.581999999999994,-33.454999999999998,-50.857250000000001,180.000000000000000,0.000000000000000,125.000000000000000
9.156000,-2,-89.581999999999994,-33.454999999999998,-50.865580000000001,180.000000000000000,0.000000000000000,125.000000000000000
9.160000,-2,-89.581999999999994,-33.454999999999998,-50.873919999999998,180.000000000000000,0.000000000000000,125.000000000000000
9.164000,-2,-89.581999999999994,-33.454999999999998,-50.882249999999999,180.000000000000000,0.000000000000000,125.000000000000000
9.168000,-2,-89.581999999999994,-33.454999999999998,-50.890580000000000,180.000000000000000,0.000000000000000,125.000000000000000
9.172000,-2,-89.581999999999994,-33.454999999999998,-50.898919999999997,180.000000000000000,0.000000000000000,125.000000000000000
9.176000,-2,-89.581999999999994,-33.454999999999998,-50.907249999999998,180.000000000000000,0.000000000000000,125.000000000000000
9.180000,-2,-89.581999999999994,-33.454999999999998,-50.915579999999999,180.000000000000000,0.000000000000000,125.000000000000000
9.184000,-2,-89.581999999999994,-33.454999999999998,-50.923920000000003,180.000000000000000,0.000000000000000,125.000000000000000
9.188000,-2,-89.581999999999994,-33.454999999999998,-50.932250000000003,180.000000000000000,0.000000000000000,125.000000000000000
9.192000,-2,-89.581999999999994,-33.454999999999998,-50.940579999999997,180.000000000000000,0.000000000000000,125.000000000000000
9.196000,-2,-89.581999999999994,-33.454999999999998,-50.948920000000001,180.000000000000000,0.000000000000000,125.000000000000000
9.200000,-2,-89.581999999999994,-33.454999999999998,-50.957250000000002,180.000000000000000,0.000000000000000,125.000000000000000
9.204000,-2,-89.581999999999994,-33.454999999999998,-50.965580000000003,180.000000000000000,0.000000000000000,125.000000000000000
9.208000,-2,-89.581999999999994,-33.454999999999998,-50.973920000000000,180.000000000000000,0.000000000000000,125.000000000000000
9.212000,-2,-89.581999999999994,-33.454999999999998,-50.982250000000001,180.000000000000000,0.000000000000000,125.000000000000000
9.216000,-2,-89.581999999999994,-33.454999999999998,-50.990580000000001,180.000000000000000,0.000000000000000,125.000000000000000
9.220000,-2,-89.581999999999994,-33.454999999999998,-50.998919999999998,180.000000000000000,0.000000000000000,125.000000000000000
9.224000,-2,-89.581999999999994,-33.454999999999998,-51.007249999999999,180.000000000000000,0.000000000000000,125.000000000000000
9.228000,-2,-89.581999999999994,-33.454999999999998,-51.015580000000000,180.000000000000000,0.000000000000000,125.000000000000000
9.232000,-2,-89.581999999999994,-33.454999999999998,-51.023919999999997,180.000000000000000,0.000000000000000,125.000000000000000
9.236000,-2,-89.581999999999994,-33.454999999999998,-51.032249999999998,180.000000000000000,0.000000000000000,125.000000000000000
9.240000,-2,-89.581999999999994,-33.454999999999998,-51.040579999999999,180.000000000000000,0.000000000000000,125.000000000000000
9.244000,-2,-89.581999999999994,-33.454999999999998,-51.048920000000003,180.000000000000000,0.000000000000000,125.000000000000000
9.248000,-2,-89.581999999999994,-33.454999999999998,-51.057250000000003,180.000000000000000,0.000000000000000,125.000000000000000
9.252000,-2,-89.581999999999994,-33.454999999999998,-51.065579999999997,180.000000000000000,0.000000000000000,125.000000000000000
9.256000,-2,-89.581999999999994,-33.454999999999998,-51.073920000000001,180.000000000000000,0.000000000000000,125.000000000000000
9.260000,-2,-89.581999999999994,-33.454999999999998,-51.082250000000002,180.000000000000000,0.000000000000000,125.000000000000000
9.264000,-2,-89.581999999999994,-33.454999999999998,-51.090580000000003,180.000000000000000,0.000000000000000,125.000000000000000
9.268000,-2,-89.581999999999994,-33.454999999999998,-51.098920000000000,180.000000000000000,0.000000000000000,125.000000000000000
9.272000,-2,-89.581999999999994,-33.454999999999998,-51.107250000000001,180.000000000000000,0.000000000000000,125.000000000000000
9.276000,-2,-89.581999999999994,-33.454999999999998,-51.115580000000001,180.000000000000000,0.000000000000000,125.000000000000000
9.280000,-2,-89.581999999999994,-33.454999999999998,-51.123919999999998,180.000000000000000,0.000000000000000,125.000000000000000
9.284000,-2,-89.581999999999994,-33.454999999999998,-51.132249999999999,180.000000000000000,0.000000000000000,125.000000000000000
9.288000,-2,-89.581999999999994,-33.454999999999998,-51.140580000000000,180.000000000000000,0.000000000000000,125.000000000000000
9.292000,-2,-89.581999999999994,-33.454999999999998,-51.148919999999997,180.000000000000000,0.000000000000000,125.000000000000000
9.296000,-2,-89.581999999999994,-33.454999999999998,-51.157249999999998,180.000000000000000,0.000000000000000,125.000000000000000
9.300000,-2,-89.581999999999994,-33.454999999999998,-51.165579999999999,180.000000000000000,0.000000000000000,125.000000000000000
9.304000,-2,-89.581999999999994,-33.454999999999998,-51.173920000000003,180.000000000000000,0.000000000000000,125.000000000000000
9.308000,-2,-89.581999999999994,-33.454999999999998,-51.182250000000003,180.000000000000000,0.000000000000000,125.000000000000000
9.312000,-2,-89.581999999999994,-33.454999999999998,-51.190579999999997,180.000000000000000,0.000000000000000,125.000000000000000
9.316000,-2,-89.581999999999994,-33.454999999999998,-51.198920000000001,180.000000000000000,0.000000000000000,125.000000000000000
9.320000,-2,-89.581999999999994,-33.454999999999998,-51.207250000000002,180.000000000000000,0.000000000000000,125.000000000000000
9.324000,-2,-89.581999999999994,-33.454999999999998,-51.215580000000003,180.000000000000000,0.000000000000000,125.000000000000000
9.328000,-2,-89.581999999999994,-33.454999999999998,-51.223920000000000,180.000000000000000,0.000000000000000,125.000000000000000
9.332000,-2,-89.581999999999994,-33.454999999999998,-51.232250000000001,180.000000000000000,0.000000000000000,125.000000000000000
9.336000,-2,-89.581999999999994,-33.454999999999998,-51.240580000000001,180.000000000000000,0.000000000000000,125.000000000000000
9.340000,-2,-89.581999999999994,-33.454999999999998,-51.248919999999998,180.000000000000000,0.000000000000000,125.000000000000000
9.344000,-2,-89.581999999999994,-33.454999999999998,-51.257249999999999,180.000000000000000,0.000000000000000,125.000000000000000
9.348000,-2,-89.581999999999994,-33.454999999999998,-51.265580000000000,180.000000000000000,0.000000000000000,125.000000000000000
9.352000,-2,-89.581999999999994,-33.454999999999998,-51.273919999999997,180.000000000000000,0.000000000000000,125.000000000000000
9.356000,-2,-89.581999999999994,-33.454999999999998,-51.282249999999998,180.000000000000000,0.000000000000000,125.000000000000000
9.360000,-2,-89.581999999999994,-33.454999999999998,-51.290579999999999,180.000000000000000,0.000000000000000,125.000000000000000
9.364000,-2,-89.581999999999994,-33.454999999999998,-51.298920000000003,180.000000000000000,0.000000000000000,125.000000000000000
9.368000,-2,-89.581999999999994,-33.454999999999998,-51.307250000000003,180.000000000000000,0.000000000000000,125.000000000000000
9.372000,-2,-89.581999999999994,-33.454999999999998,-51.315579999999997,180.000000000000000,0.000000000000000,125.000000000000000
9.376000,-2,-89.581999999999994,-33.454999999999998,-51.323920000000001,180.000000000000000,0.000000000000000,125.000000000000000
9.380000,-2,-89.581999999999994,-33.454999999999998,-51.332250000000002,180.000000000000000,0.000000000000000,125.000000000000000
9.384000,-2,-89.581999999999994,-33.454999999999998,-51.340580000000003,180.000000000000000,0.000000000000000,125.000000000000000
9.388000,-2,-89.581999999999994,-33.454999999999998,-51.348920000000000,180.000000000000000,0.000000000000000,125.000000000000000
9.392000,-2,-89.581999999999994,-33.454999999999998,-51.357250000000001,180.000000000000000,0.000000000000000,125.000000000000000
9.396000,-2,-89.581999999999994,-33.454999999999998,-51.365580000000001,180.000000000000000,0.000000000000000,125.000000000000000
9.400000,-2,-89.581999999999994,-33.454999999999998,-51.373919999999998,180.000000000000000,0.000000000000000,125.000000000000000
9.404000,-2,-89.581999999999994,-33.454999999999998,-51.382249999999999,180.000000000000000,0.000000000000000,125.000000000000000
9.408000,-2,-89.581999999999994,-33.454999999999998,-51.390580000000000,180.000000000000000,0.000000000000000,125.000000000000000
9.412000,-2,-89.581999999999994,-33.454999999999998,-51.398919999999997,180.000000000000000,0.000000000000000,125.000000000000000
9.416000,-2,-89.581999999999994,-33.454999999999998,-51.407249999999998,180.000000000000000,0.000000000000000,125.000000000000000
9.420000,-2,-89.581999999999994,-33.454999999999998,-51.415579999999999,180.000000000000000,0.000000000000000,125.000000000000000
9.424000,-2,-89.581999999999994,-33.454999999999998,-51.423920000000003,180.000000000000000,0.000000000000000,125.000000000000000
9.428000,-2,-89.581999999999994,-33.454999999999998,-51.432250000000003,180.000000000000000,0.000000000000000,125.000000000000000
9.432000,-2,-89.581999999999994,-33.454999999999998,-51.440579999999997,180.000000000000000,0.000000000000000,125.000000000000000
9.436000,-2,-89.581999999999994,-33.454999999999998,-51.448920000000001,180.000000000000000,0.000000000000000,125.000000000000000
9.440000,-2,-89.581999999999994,-33.454999999999998,-51.457250000000002,180.000000000000000,0.000000000000000,125.000000000000000
9.444000,-2,-89.581999999999994,-33.454999999999998,-51.465580000000003,180.000000000000000,0.000000000000000,125.000000000000000
9.448000,-2,-89.581999999999994,-33.454999999999998,-51.473920000000000,180.000000000000000,0.000000000000000,125.000000000000000
9.452000,-2,-89.581999999999994,-33.454999999999998,-51.482250000000001,180.000000000000000,0.000000000000000,125.000000000000000
9.456000,-2,-89.581999999999994,-33.454999999999998,-51.490580000000001,180.000000000000000,0.000000000000000,125.000000000000000
9.460000,-2,-89.581999999999994,-33.454999999999998,-51.498919999999998,180.000000000000000,0.000000000000000,125.000000000000000
9.464000,-2,-89.581999999999994,-33.454999999999998,-51.507249999999999,180.000000000000000,0.000000000000000,125.000000000000000
9.468000,-2,-89.581999999999994,-33.454999999999998,-51.515580000000000,180.000000000000000,0.000000000000000,125.000000000000000
9.472000,-2,-89.581999999999994,-33.454999999999998,-51.523919999999997,180.000000000000000,0.000000000000000,125.000000000000000
9.476000,-2,-89.581999999999994,-33.454999999999998,-51.532249999999998,180.000000000000000,0.000000000000000,125.000000000000000
9.480000,-2,-89.581999999999994,-33.454999999999998,-51.540579999999999,180.000000000000000,0.000000000000000,125.000000000000000
9.484000,-2,-89.581999999999994,-33.454999999999998,-51.548920000000003,180.000000000000000,0.000000000000000,125.000000000000000
9.488000,-2,-89.581999999999994,-33.454999999999998,-51.557250000000003,180.000000000000000,0.000000000000000,125.000000000000000
9.492000,-2,-89.581999999999994,-33.454999999999998,-51.565579999999997,180.000000000000000,0.000000000000000,125.000000000000000
9.496000,-2,-89.581999999999994,-33.454999999999998,-51.573920000000001,180.000000000000000,0.000000000000000,125.000000000000000
9.500000,-2,-89.581999999999994,-33.454999999999998,-51.582250000000002,180.000000000000000,0.000000000000000,125.000000000000000
9.504000,-2,-89.581999999999994,-33.454999999999998,-51.590580000000003,180.000000000000000,0.000000000000000,125.000000000000000
9.508000,-2,-89.581999999999994,-33.454999999999998,-51.598920000000000,180.000000000000000,0.000000000000000,125.000000000000000
9.512000,-2,-89.581999999999994,-33.454999999999998,-51.607250000000001,180.000000000000000,0.000000000000000,125.000000000000000
9.516000,-2,-89.581999999999994,-33.454999999999998,-51.615580000000001,180.000000000000000,0.000000000000000,125.000000000000000
9.520000,-2,-89.581999999999994,-33.454999999999998,-51.623919999999998,180.000000000000000,0.000000000000000,125.000000000000000
9.524000,-2,-89.581999999999994,-33.454999999999998,-51.632249999999999,180.000000000000000,0.000000000000000,125.000000000000000
9.528000,-2,-89.581999999999994,-33.454999999999998,-51.640580000000000,180.000000000000000,0.000000000000000,125.000000000000000
9.532000,-2,-89.581999999999994,-33.454999999999998,-51.648919999999997,180.000000000000000,0.000000000000000,125.000000000000000
9.536000,-2,-89.581999999999994,-33.454999999999998,-51.657249999999998,180.000000000000000,0.000000000000000,125.000000000000000
9.540000,-2,-89.581999999999994,-33.454999999999998,-51.665579999999999,180.000000000000000,0.000000000000000,125.000000000000000
9.544000,-2,-89.581999999999994,-33.454999999999998,-51.673920000000003,180.000000000000000,0.000000000000000,125.000000000000000
9.548000,-2,-89.581999999999994,-33.454999999999998,-51.682250000000003,180.000000000000000,0.000000000000000,125.000000000000000
9.552000,-2,-89.581999999999994,-33.454999999999998,-51.690579999999997,180.000000000000000,0.000000000000000,125.000000000000000
9.556000,-2,-89.581999999999994,-33.454999999999998,-51.698920000000001,180.000000000000000,0.000000000000000,125.000000000000000
9.560000,-2,-89.581999999999994,-33.454999999999998,-51.707250000000002,180.000000000000000,0.000000000000000,125.000000000000000
9.564000,-2,-89.581999999999994,-33.454999999999998,-51.715580000000003,180.000000000000000,0.000000000000000,125.000000000000000
9.568000,-2,-89.581999999999994,-33.454999999999998,-51.723920000000000,180.000000000000000,0.000000000000000,125.000000000000000
9.572000,-2,-89.581999999999994,-33.454999999999998,-51.732250000000001,180.000000000000000,0.000000000000000,125.000000000000000
9.576000,-2,-89.581999999999994,-33.454999999999998,-51.740580000000001,180.000000000000000,0.000000000000000,125.000000000000000
9.580000,-2,-89.581999999999994,-33.454999999999998,-51.748919999999998,180.000000000000000,0.000000000000000,125.000000000000000
9.584000,-2,-89.581999999999994,-33.454999999999998,-51.757249999999999,180.000000000000000,0.000000000000000,125.000000000000000
9.588000,-2,-89.581999999999994,-33.454999999999998,-51.765580000000000,180.000000000000000,0.000000000000000,125.000000000000000
9.592000,-2,-89.581999999999994,-33.454999999999998,-51.773919999999997,180.000000000000000,0.000000000000000,125.000000000000000
9.596000,-2,-89.581999999999994,-33.454999999999998,-51.782249999999998,180.000000000000000,0.000000000000000,125.000000000000000
9.600000,-2,-89.581999999999994,-33.454999999999998,-51.790579999999999,180.000000000000000,0.000000000000000,125.000000000000000
9.604000,-2,-89.581999999999994,-33.454999999999998,-51.798920000000003,180.000000000000000,0.000000000000000,125.000000000000000
9.608000,-2,-89.581999999999994,-33.454999999999998,-51.807250000000003,180.000000000000000,0.000000000000000,125.000000000000000
9.612000,-2,-89.581999999999994,-33.454999999999998,-51.815579999999997,180.000000000000000,0.000000000000000,125.000000000000000
9.616000,-2,-89.581999999999994,-33.454999999999998,-51.823920000000001,180.000000000000000,0.000000000000000,125.000000000000000
9.620000,-2,-89.581999999999994,-33.454999999999998,-51.832250000000002,180.000000000000000,0.000000000000000,125.000000000000000
9.624000,-2,-89.581999999999994,-33.454999999999998,-51.840580000000003,180.000000000000000,0.000000000000000,125.000000000000000
9.628000,-2,-89.581999999999994,-33.454999999999998,-51.848920000000000,180.000000000000000,0.000000000000000,125.000000000000000
9.632000,-2,-89.581999999999994,-33.454999999999998,-51.857250000000001,180.000000000000000,0.000000000000000,125.000000000000000
9.636000,-2,-89.581999999999994,-33.454999999999998,-51.865580000000001,180.000000000000000,0.000000000000000,125.000000000000000
9.640000,-2,-89.581999999999994,-33.454999999999998,-51.873919999999998,180.000000000000000,0.000000000000000,125.000000000000000
9.644000,-2,-89.581999999999994,-33.454999999999998,-51.882249999999999,180.000000000000000,0.000000000000000,125.000000000000000
9.648000,-2,-89.581999999999994,-33.454999999999998,-51.890580000000000,180.000000000000000,0.000000000000000,125.000000000000000
9.652000,-2,-89.581999999999994,-33.454999999999998,-51.898919999999997,180.000000000000000,0.000000000000000,125.000000000000000
9.656000,-2,-89.581999999999994,-33.454999999999998,-51.907249999999998,180.000000000000000,0.000000000000000,125.000000000000000
9.660000,-2,-89.581999999999994,-33.454999999999998,-51.915579999999999,180.000000000000000,0.000000000000000,125.000000000000000
9.664000,-2,-89.581999999999994,-33.454999999999998,-51.923920000000003,180.000000000000000,0.000000000000000,125.000000000000000
9.668000,-2,-89.581999999999994,-33.454999999999998,-51.932250000000003,180.000000000000000,0.000000000000000,125.000000000000000
9.672000,-2,-89.581999999999994,-33.454999999999998,-51.940579999999997,180.000000000000000,0.000000000000000,125.000000000000000
9.676000,-2,-89.581999999999994,-33.454999999999998,-51.948920000000001,180.000000000000000,0.000000000000000,125.000000000000000
9.680000,-2,-89.581999999999994,-33.454999999999998,-51.957250000000002,180.000000000000000,0.000000000000000,125.000000000000000
9.684000,-2,-89.581999999999994,-33.454999999999998,-51.965580000000003,180.000000000000000,0.000000000000000,125.000000000000000
9.688000,-2,-89.581999999999994,-33.454999999999998,-51.973920000000000,180.000000000000000,0.000000000000000,125.000000000000000
9.692000,-2,-89.581999999999994,-33.454999999999998,-51.982250000000001,180.000000000000000,0.000000000000000,125.000000000000000
9.696000,-2,-89.581999999999994,-33.454999999999998,-51.990580000000001,180.000000000000000,0.000000000000000,125.000000000000000
9.700000,-2,-89.581999999999994,-33.454999999999998,-51.998919999999998,180.000000000000000,0.000000000000000,125.000000000000000
9.704000,-2,-89.581999999999994,-33.454999999999998,-52.007249999999999,180.000000000000000,0.000000000000000,125.000000000000000
9.708000,-2,-89.581999999999994,-33.454999999999998,-52.015580000000000,180.000000000000000,0.000000000000000,125.000000000000000
9.712000,-2,-89.581999999999994,-33.454999999999998,-52.023919999999997,180.000000000000000,0.000000000000000,125.000000000000000
9.716000,-2,-89.581999999999994,-33.454999999999998,-52.032249999999998,180.000000000000000,0.000000000000000,125.000000000000000
9.720000,-2,-89.581999999999994,-33.454999999999998,-52.040579999999999,180.000000000000000,0.000000000000000,125.000000000000000
9.724000,-2,-89.581999999999994,-33.454999999999998,-52.048920000000003,180.000000000000000,0.000000000000000,125.000000000000000
9.728000,-2,-89.581999999999994,-33.454999999999998,-52.057250000000003,180.000000000000000,0.000000000000000,125.000000000000000
9.732000,-2,-89.581999999999994,-33.454999999999998,-52.065579999999997,180.000000000000000,0.000000000000000,125.000000000000000
9.736000,-2,-89.581999999999994,-33.454999999999998,-52.073920000000001,180.000000000000000,0.000000000000000,125.000000000000000
9.740000,-2,-89.581999999999994,-33.454999999999998,-52.082250000000002,180.000000000000000,0.000000000000000,125.000000000000000
9.744000,-2,-89.581999999999994,-33.454999999999998,-52.090580000000003,180.000000000000000,0.000000000000000,125.000000000000000
9.748000,-2,-89.581999999999994,-33.454999999999998,-52.098920000000000,180.000000000000000,0.000000000000000,125.000000000000000
9.752000,-2,-89.581999999999994,-33.454999999999998,-52.107250000000001,180.000000000000000,0.000000000000000,125.000000000000000
9.756000,-2,-89.581999999999994,-33.454999999999998,-52.115580000000001,180.000000000000000,0.000000000000000,125.000000000000000
9.760000,-2,-89.581999999999994,-33.454999999999998,-52.123919999999998,180.000000000000000,0.000000000000000,125.000000000000000
9.764000,-2,-89.581999999999994,-33.454999999999998,-52.132249999999999,180.000000000000000,0.000000000000000,125.000000000000000
9.768000,-2,-89.581999999999994,-33.454999999999998,-52.140580000000000,180.000000000000000,0.000000000000000,125.000000000000000
9.772000,-2,-89.581999999999994,-33.454999999999998,-52.148919999999997,180.000000000000000,0.000000000000000,125.000000000000000
9.776000,-2,-89.581999999999994,-33.454999999999998,-52.157249999999998,180.000000000000000,0.000000000000000,125.000000000000000
9.780000,-2,-89.581999999999994,-33.454999999999998,-52.165579999999999,180.000000000000000,0.000000000000000,125.000000000000000
9.784000,-2,-89.581999999999994,-33.454999999999998,-52.173920000000003,180.000000000000000,0.000000000000000,125.000000000000000
9.788000,-2,-89.581999999999994,-33.454999999999998,-52.182250000000003,180.000000000000000,0.000000000000000,125.000000000000000
9.792000,-2,-89.581999999999994,-33.454999999999998,-52.190579999999997,180.000000000000000,0.000000000000000,125.000000000000000
9.796000,-2,-89.581999999999994,-33.454999999999998,-52.198920000000001,180.000000000000000,0.000000000000000,125.000000000000000
9.800000,-2,-89.581999999999994,-33.454999999999998,-52.207250000000002,180.000000000000000,0.000000000000000,125.000000000000000
9.804000,-2,-89.581999999999994,-33.454999999999998,-52.215580000000003,180.000000000000000,0.000000000000000,125.000000000000000
9.808000,-2,-89.581999999999994,-33.454999999999998,-52.223920000000000,180.000000000000000,0.000000000000000,125.000000000000000
9.812000,-2,-89.581999999999994,-33.454999999999998,-52.232250000000001,180.000000000000000,0.000000000000000,125.000000000000000
9.816000,-2,-89.581999999999994,-33.454999999999998,-52.240580000000001,180.000000000000000,0.000000000000000,125.000000000000000
9.820000,-2,-89.581999999999994,-33.454999999999998,-52.248919999999998,180.000000000000000,0.000000000000000,125.000000000000000
9.824000,-2,-89.581999999999994,-33.454999999999998,-52.257249999999999,180.000000000000000,0.000000000000000,125.000000000000000
9.828000,-2,-89.581999999999994,-33.454999999999998,-52.265580000000000,180.000000000000000,0.000000000000000,125.000000000000000
9.832000,-2,-89.581999999999994,-33.454999999999998,-52.273919999999997,180.000000000000000,0.000000000000000,125.000000000000000
9.836000,-2,-89.581999999999994,-33.454999999999998,-52.282249999999998,180.000000000000000,0.000000000000000,125.000000000000000
9.840000,-2,-89.581999999999994,-33.454999999999998,-52.290579999999999,180.000000000000000,0.000000000000000,125.000000000000000
9.844000,-2,-89.581999999999994,-33.454999999999998,-52.298920000000003,180.000000000000000,0.000000000000000,125.000000000000000
9.848000,-2,-89.581999999999994,-33.454999999999998,-52.307250000000003,180.000000000000000,0.000000000000000,125.000000000000000
9.852000,-2,-89.581999999999994,-33.454999999999998,-52.315579999999997,180.000000000000000,0.000000000000000,125.000000000000000
9.856000,-2,-89.581999999999994,-33.454999999999998,-52.323920000000001,180.000000000000000,0.000000000000000,125.000000000000000
9.860000,-2,-89.581999999999994,-33.454999999999998,-52.332250000000002,180.000000000000000,0.000000000000000,125.000000000000000
9.864000,-2,-89.581999999999994,-33.454999999999998,-52.340580000000003,180.000000000000000,0.000000000000000,125.000000000000000
9.868000,-2,-89.581999999999994,-33.454999999999998,-52.348920000000000,180.000000000000000,0.000000000000000,125.000000000000000
9.872000,-2,-89.581999999999994,-33.454999999999998,-52.357250000000001,180.000000000000000,0.000000000000000,125.000000000000000
9.876000,-2,-89.581999999999994,-33.454999999999998,-52.365580000000001,180.000000000000000,0.000000000000000,125.000000000000000
9.880000,-2,-89.581999999999994,-33.454999999999998,-52.373919999999998,180.000000000000000,0.000000000000000,125.000000000000000
9.884000,-2,-89.581999999999994,-33.454999999999998,-52.382249999999999,180.000000000000000,0.000000000000000,125.000000000000000
9.888000,-2,-89.581999999999994,-33.454999999999998,-52.390580000000000,180.000000000000000,0.000000000000000,125.000000000000000
9.892000,-2,-89.581999999999994,-33.454999999999998,-52.398919999999997,180.000000000000000,0.000000000000000,125.000000000000000
9.896000,-2,-89.581999999999994,-33.454999999999998,-52.407249999999998,180.000000000000000,0.000000000000000,125.000000000000000
9.900000,-2,-89.581999999999994,-33.454999999999998,-52.415579999999999,180.000000000000000,0.000000000000000,125.000000000000000
9.904000,-2,-89.581999999999994,-33.454999999999998,-52.423920000000003,180.000000000000000,0.000000000000000,125.000000000000000
9.908000,-2,-89.581999999999994,-33.454999999999998,-52.432250000000003,180.000000000000000,0.000000000000000,125.000000000000000
9.912000,-2,-89.581999999999994,-33.454999999999998,-52.440579999999997,180.000000000000000,0.000000000000000,125.000000000000000
9.916000,-2,-89.581999999999994,-33.454999999999998,-52.448920000000001,180.000000000000000,0.000000000000000,125.000000000000000
9.920000,-2,-89.581999999999994,-33.454999999999998,-52.457250000000002,180.000000000000000,0.000000000000000,125.000000000000000
9.924000,-2,-89.581999999999994,-33.454999999999998,-52.465580000000003,180.000000000000000,0.000000000000000,125.000000000000000
9.928000,-2,-89.581999999999994,-33.454999999999998,-52.473920000000000,180.000000000000000,0.000000000000000,125.000000000000000
9.932000,-2,-89.581999999999994,-33.454999999999998,-52.482250000000001,180.000000000000000,0.000000000000000,125.000000000000000
9.936000,-2,-89.581999999999994,-33.454999999999998,-52.490580000000001,180.000000000000000,0.000000000000000,125.000000000000000
9.940000,-2,-89.581999999999994,-33.454999999999998,-52.498919999999998,180.000000000000000,0.000000000000000,125.000000000000000
9.944000,-2,-89.581999999999994,-33.454999999999998,-52.507249999999999,180.000000000000000,0.000000000000000,125.000000000000000
9.948000,-2,-89.581999999999994,-33.454999999999998,-52.515580000000000,180.000000000000000,0.000000000000000,125.000000000000000
9.952000,-2,-89.581999999999994,-33.454999999999998,-52.523919999999997,180.000000000000000,0.000000000000000,125.000000000000000
9.956000,-2,-89.581999999999994,-33.454999999999998,-52.532249999999998,180.000000000000000,0.000000000000000,125.000000000000000
9.960000,-2,-89.581999999999994,-33.454999999999998,-52.540579999999999,180.000000000000000,0.000000000000000,125.000000000000000
9.964000,-2,-89.581999999999994,-33.454999999999998,-52.548920000000003,180.000000000000000,0.000000000000000,125.000000000000000
9.968000,-2,-89.581999999999994,-33.454999999999998,-52.557250000000003,180.000000000000000,0.000000000000000,125.000000000000000
9.972000,-2,-89.581999999999994,-33.454999999999998,-52.565579999999997,180.000000000000000,0.000000000000000,125.000000000000000
9.976000,-2,-89.581999999999994,-33.454999999999998,-52.573920000000001,180.000000000000000,0.000000000000000,125.000000000000000
9.980000,-2,-89.581999999999994,-33.454999999999998,-52.582250000000002,180.000000000000000,0.000000000000000,125.000000000000000
9.984000,-2,-89.581999999999994,-33.454999999999998,-52.590580000000003,180.000000000000000,0.000000000000000,125.000000000000000
9.988000,-2,-89.581999999999994,-33.454999999999998,-52.598920000000000,180.000000000000000,0.000000000000000,125.000000000000000
9.992000,-2,-89.581999999999994,-33.454999999999998,-52.607250000000001,180.000000000000000,0.000000000000000,125.000000000000000
9.996000,-2,-89.581999999999994,-33.454999999999998,-52.615580000000001,180.000000000000000,0.000000000000000,125.000000000000000
10.000000,-2,-89.581999999999994,-33.454999999999998,-52.623919999999998,180.000000000000000,0.000000000000000,125.000000000000000
10.004000,-2,-89.581999999999994,-33.454999999999998,-52.632249999999999,180.000000000000000,0.000000000000000,125.000000000000000
10.008000,-2,-89.581999999999994,-33.454999999999998,-52.640580000000000,180.000000000000000,0.000000000000000,125.000000000000000
10.012000,-2,-89.581999999999994,-33.454999999999998,-52.648919999999997,180.000000000000000,0.000000000000000,125.000000000000000
10.016000,-2,-89.581999999999994,-33.454999999999998,-52.657249999999998,180.000000000000000,0.000000000000000,125.000000000000000
10.020000,-2,-89.581999999999994,-33.454999999999998,-52.665579999999999,180.000000000000000,0.000000000000000,125.000000000000000
10.024000,-2,-89.581999999999994,-33.454999999999998,-52.673920000000003,180.000000000000000,0.000000000000000,125.000000000000000
10.028000,-2,-89.581999999999994,-33.454999999999998,-52.682250000000003,180.000000000000000,0.000000000000000,125.000000000000000
10.032000,-2,-89.581999999999994,-33.454999999999998,-52.690579999999997,180.000000000000000,0.000000000000000,125.000000000000000
10.036000,-2,-89.581999999999994,-33.454999999999998,-52.698920000000001,180.000000000000000,0.000000000000000,125.000000000000000
10.040000,-2,-89.581999999999994,-33.454999999999998,-52.707250000000002,180.000000000000000,0.000000000000000,125.000000000000000
10.044000,-2,-89.581999999999994,-33.454999999999998,-52.715580000000003,180.000000000000000,0.000000000000000,125.000000000000000
10.048000,-2,-89.581999999999994,-33.454999999999998,-52.723920000000000,180.000000000000000,0.000000000000000,125.000000000000000
10.052000,-2,-89.581999999999994,-33.454999999999998,-52.732250000000001,180.000000000000000,0.000000000000000,125.000000000000000
10.056000,-2,-89.581999999999994,-33.454999999999998,-52.740580000000001,180.000000000000000,0.000000000000000,125.000000000000000
10.060000,-2,-89.581999999999994,-33.454999999999998,-52.748919999999998,180.000000000000000,0.000000000000000,125.000000000000000
10.064000,-2,-89.581999999999994,-33.454999999999998,-52.757249999999999,180.000000000000000,0.000000000000000,125.000000000000000
10.068000,-2,-89.581999999999994,-33.454999999999998,-52.765580000000000,180.000000000000000,0.000000000000000,125.000000000000000
10.072000,-2,-89.581999999999994,-33.454999999999998,-52.773919999999997,180.000000000000000,0.000000000000000,125.000000000000000
10.076000,-2,-89.581999999999994,-33.454999999999998,-52.782249999999998,180.000000000000000,0.000000000000000,125.000000000000000
10.080000,-2,-89.581999999999994,-33.454999999999998,-52.790579999999999,180.000000000000000,0.000000000000000,125.000000000000000
10.084000,-2,-89.581999999999994,-33.454999999999998,-52.798920000000003,180.000000000000000,0.000000000000000,125.000000000000000
10.088000,-2,-89.581999999999994,-33.454999999999998,-52.807250000000003,180.000000000000000,0.000000000000000,125.000000000000000
10.092000,-2,-89.581999999999994,-33.454999999999998,-52.815579999999997,180.000000000000000,0.000000000000000,125.000000000000000
10.096000,-2,-89.581999999999994,-33.454999999999998,-52.823920000000001,180.000000000000000,0.000000000000000,125.000000000000000
10.100000,-2,-89.581999999999994,-33.454999999999998,-52.832250000000002,180.000000000000000,0.000000000000000,125.000000000000000
10.104000,-2,-89.581999999999994,-33.454999999999998,-52.840580000000003,180.000000000000000,0.000000000000000,125.000000000000000
10.108000,-2,-89.581999999999994,-33.454999999999998,-52.848920000000000,180.000000000000000,0.000000000000000,125.000000000000000
10.112000,-2,-89.581999999999994,-33.454999999999998,-52.857250000000001,180.000000000000000,0.000000000000000,125.000000000000000
10.116000,-2,-89.581999999999994,-33.454999999999998,-52.865580000000001,180.000000000000000,0.000000000000000,125.000000000000000
10.120000,-2,-89.581999999999994,-33.454999999999998,-52.873919999999998,180.000000000000000,0.000000000000000,125.000000000000000
10.124000,-2,-89.581999999999994,-33.454999999999998,-52.882249999999999,180.000000000000000,0.000000000000000,125.000000000000000
10.128000,-2,-89.581999999999994,-33.454999999999998,-52.890580000000000,180.000000000000000,0.000000000000000,125.000000000000000
10.132000,-2,-89.581999999999994,-33.454999999999998,-52.898919999999997,180.000000000000000,0.000000000000000,125.000000000000000
10.136000,-2,-89.581999999999994,-33.454999999999998,-52.907249999999998,180.000000000000000,0.000000000000000,125.000000000000000
10.140000,-2,-89.581999999999994,-33.454999999999998,-52.915579999999999,180.000000000000000,0.000000000000000,125.000000000000000
10.144000,-2,-89.581999999999994,-33.454999999999998,-52.923920000000003,180.000000000000000,0.000000000000000,125.000000000000000
10.148000,-2,-89.581999999999994,-33.454999999999998,-52.932250000000003,180.000000000000000,0.000000000000000,125.000000000000000
10.152000,-2,-89.581999999999994,-33.454999999999998,-52.940579999999997,180.000000000000000,0.000000000000000,125.000000000000000
10.156000,-2,-89.581999999999994,-33.454999999999998,-52.948920000000001,180.000000000000000,0.000000000000000,125.000000000000000
10.160000,-2,-89.581999999999994,-33.454999999999998,-52.957250000000002,180.000000000000000,0.000000000000000,125.000000000000000
10.164000,-2,-89.581999999999994,-33.454999999999998,-52.965580000000003,180.000000000000000,0.000000000000000,125.000000000000000
10.168000,-2,-89.581999999999994,-33.454999999999998,-52.973920000000000,180.000000000000000,0.000000000000000,125.000000000000000
10.172000,-2,-89.581999999999994,-33.454999999999998,-52.982250000000001,180.000000000000000,0.000000000000000,125.000000000000000
10.176000,-2,-89.581999999999994,-33.454999999999998,-52.990580000000001,180.000000000000000,0.000000000000000,125.000000000000000
10.180000,-2,-89.581999999999994,-33.454999999999998,-52.998919999999998,180.000000000000000,0.000000000000000,125.000000000000000
10.184000,-2,-89.581999999999994,-33.454999999999998,-53.007249999999999,180.000000000000000,0.000000000000000,125.000000000000000
10.188000,-2,-89.581999999999994,-33.454999999999998,-53.015580000000000,180.000000000000000,0.000000000000000,125.000000000000000
10.192000,-2,-89.581999999999994,-33.454999999999998,-53.023919999999997,180.000000000000000,0.000000000000000,125.000000000000000
10.196000,-2,-89.581999999999994,-33.454999999999998,-53.032249999999998,180.000000000000000,0.000000000000000,125.000000000000000
10.200000,-2,-89.581999999999994,-33.454999999999998,-53.040579999999999,180.000000000000000,0.000000000000000,125.000000000000000
10.204000,-2,-89.581999999999994,-33.454999999999998,-53.048920000000003,180.000000000000000,0.000000000000000,125.000000000000000
10.208000,-2,-89.581999999999994,-33.454999999999998,-53.057250000000003,180.000000000000000,0.000000000000000,125.000000000000000
10.212000,-2,-89.581999999999994,-33.454999999999998,-53.065579999999997,180.000000000000000,0.000000000000000,125.000000000000000
10.216000,-2,-89.581999999999994,-33.454999999999998,-53.073920000000001,180.000000000000000,0.000000000000000,125.000000000000000
10.220000,-2,-89.581999999999994,-33.454999999999998,-53.082250000000002,180.000000000000000,0.000000000000000,125.000000000000000
10.224000,-2,-89.581999999999994,-33.454999999999998,-53.090580000000003,180.000000000000000,0.000000000000000,125.000000000000000
10.228000,-2,-89.581999999999994,-33.454999999999998,-53.098920000000000,180.000000000000000,0.000000000000000,125.000000000000000
10.232000,-2,-89.581999999999994,-33.454999999999998,-53.107250000000001,180.000000000000000,0.000000000000000,125.000000000000000
10.236000,-2,-89.581999999999994,-33.454999999999998,-53.115580000000001,180.000000000000000,0.000000000000000,125.000000000000000
10.240000,-2,-89.581999999999994,-33.454999999999998,-53.123919999999998,180.000000000000000,0.000000000000000,125.000000000000000
10.244000,-2,-89.581999999999994,-33.454999999999998,-53.132249999999999,180.000000000000000,0.000000000000000,125.000000000000000
10.248000,-2,-89.581999999999994,-33.454999999999998,-53.140580000000000,180.000000000000000,0.000000000000000,125.000000000000000
10.252000,-2,-89.581999999999994,-33.454999999999998,-53.148919999999997,180.000000000000000,0.000000000000000,125.000000000000000
10.256000,-2,-89.581999999999994,-33.454999999999998,-53.157249999999998,180.000000000000000,0.000000000000000,125.000000000000000
10.260000,-2,-89.581999999999994,-33.454999999999998,-53.165579999999999,180.000000000000000,0.000000000000000,125.000000000000000
10.264000,-2,-89.581999999999994,-33.454999999999998,-53.173920000000003,180.000000000000000,0.000000000000000,125.000000000000000
10.268000,-2,-89.581999999999994,-33.454999999999998,-53.182250000000003,180.000000000000000,0.000000000000000,125.000000000000000
10.272000,-2,-89.581999999999994,-33.454999999999998,-53.190579999999997,180.000000000000000,0.000000000000000,125.000000000000000
10.276000,-2,-89.581999999999994,-33.454999999999998,-53.198920000000001,180.000000000000000,0.000000000000000,125.000000000000000
10.280000,-2,-89.581999999999994,-33.454999999999998,-53.207250000000002,180.000000000000000,0.000000000000000,125.000000000000000
10.284000,-2,-89.581999999999994,-33.454999999999998,-53.215580000000003,180.000000000000000,0.000000000000000,125.000000000000000
10.288000,-2,-89.581999999999994,-33.454999999999998,-53.223920000000000,180.000000000000000,0.000000000000000,125.000000000000000
10.292000,-2,-89.581999999999994,-33.454999999999998,-53.232250000000001,180.000000000000000,0.000000000000000,125.000000000000000
10.296000,-2,-89.581999999999994,-33.454999999999998,-53.240580000000001,180.000000000000000,0.000000000000000,125.000000000000000
10.300000,-2,-89.581999999999994,-33.454999999999998,-53.248919999999998,180.000000000000000,0.000000000000000,125.000000000000000
10.304000,-2,-89.581999999999994,-33.454999999999998,-53.257249999999999,180.000000000000000,0.000000000000000,125.000000000000000
10.308000,-2,-89.581999999999994,-33.454999999999998,-53.265580000000000,180.000000000000000,0.000000000000000,125.000000000000000
10.312000,-2,-89.581999999999994,-33.454999999999998,-53.273919999999997,180.000000000000000,0.000000000000000,125.000000000000000
10.316000,-2,-89.581999999999994,-33.454999999999998,-53.282249999999998,180.000000000000000,0.000000000000000,125.000000000000000
10.320000,-2,-89.581999999999994,-33.454999999999998,-53.290579999999999,180.000000000000000,0.000000000000000,125.000000000000000
10.324000,-2,-89.581999999999994,-33.454999999999998,-53.298920000000003,180.000000000000000,0.000000000000000,125.000000000000000
10.328000,-2,-89.581999999999994,-33.454999999999998,-53.307250000000003,180.000000000000000,0.000000000000000,125.000000000000000
10.332000,-2,-89.581999999999994,-33.454999999999998,-53.315579999999997,180.000000000000000,0.000000000000000,125.000000000000000
10.336000,-2,-89.581999999999994,-33.454999999999998,-53.323920000000001,180.000000000000000,0.000000000000000,125.000000000000000
10.340000,-2,-89.581999999999994,-33.454999999999998,-53.332250000000002,180.000000000000000,0.000000000000000,125.000000000000000
10.344000,-2,-89.581999999999994,-33.454999999999998,-53.340580000000003,180.000000000000000,0.000000000000000,125.000000000000000
10.348000,-2,-89.581999999999994,-33.454999999999998,-53.348920000000000,180.000000000000000,0.000000000000000,125.000000000000000
10.352000,-2,-89.581999999999994,-33.454999999999998,-53.357250000000001,180.000000000000000,0.000000000000000,125.000000000000000
10.356000,-2,-89.581999999999994,-33.454999999999998,-53.365580000000001,180.000000000000000,0.000000000000000,125.000000000000000
10.360000,-2,-89.581999999999994,-33.454999999999998,-53.373919999999998,180.000000000000000,0.000000000000000,125.000000000000000
10.364000,-2,-89.581999999999994,-33.454999999999998,-53.382249999999999,180.000000000000000,0.000000000000000,125.000000000000000
10.368000,-2,-89.581999999999994,-33.454999999999998,-53.390580000000000,180.000000000000000,0.000000000000000,125.000000000000000
10.372000,-2,-89.581999999999994,-33.454999999999998,-53.398919999999997,180.000000000000000,0.000000000000000,125.000000000000000
10.376000,-2,-89.581999999999994,-33.454999999999998,-53.407249999999998,180.000000000000000,0.000000000000000,125.000000000000000
10.380000,-2,-89.581999999999994,-33.454999999999998,-53.415579999999999,180.000000000000000,0.000000000000000,125.000000000000000
10.384000,-2,-89.581999999999994,-33.454999999999998,-53.423920000000003,180.000000000000000,0.000000000000000,125.000000000000000
10.388000,-2,-89.581999999999994,-33.454999999999998,-53.432250000000003,180.000000000000000,0.000000000000000,125.000000000000000
10.392000,-2,-89.581999999999994,-33.454999999999998,-53.440579999999997,180.000000000000000,0.000000000000000,125.000000000000000
10.396000,-2,-89.581999999999994,-33.454999999999998,-53.448920000000001,180.000000000000000,0.000000000000000,125.000000000000000
10.400000,-2,-89.581999999999994,-33.454999999999998,-53.457250000000002,180.000000000000000,0.000000000000000,125.000000000000000
10.404000,-2,-89.581999999999994,-33.454999999999998,-53.465580000000003,180.000000000000000,0.000000000000000,125.000000000000000
10.408000,-2,-89.581999999999994,-33.454999999999998,-53.473920000000000,180.000000000000000,0.000000000000000,125.000000000000000
10.412000,-2,-89.581999999999994,-33.454999999999998,-53.482250000000001,180.000000000000000,0.000000000000000,125.000000000000000
10.416000,-2,-89.581999999999994,-33.454999999999998,-53.490580000000001,180.000000000000000,0.000000000000000,125.000000000000000
10.420000,-2,-89.581999999999994,-33.454999999999998,-53.498919999999998,180.000000000000000,0.000000000000000,125.000000000000000
10.424000,-2,-89.581999999999994,-33.454999999999998,-53.507249999999999,180.000000000000000,0.000000000000000,125.000000000000000
10.428000,-2,-89.581999999999994,-33.454999999999998,-53.515580000000000,180.000000000000000,0.000000000000000,125.000000000000000
10.432000,-2,-89.581999999999994,-33.454999999999998,-53.523919999999997,180.000000000000000,0.000000000000000,125.000000000000000
10.436000,-2,-89.581999999999994,-33.454999999999998,-53.532249999999998,180.000000000000000,0.000000000000000,125.000000000000000
10.440000,-2,-89.581999999999994,-33.454999999999998,-53.540579999999999,180.000000000000000,0.000000000000000,125.000000000000000
10.444000,-2,-89.581999999999994,-33.454999999999998,-53.548920000000003,180.000000000000000,0.000000000000000,125.000000000000000
10.448000,-2,-89.581999999999994,-33.454999999999998,-53.557250000000003,180.000000000000000,0.000000000000000,125.000000000000000
10.452000,-2,-89.581999999999994,-33.454999999999998,-53.565579999999997,180.000000000000000,0.000000000000000,125.000000000000000
10.456000,-2,-89.581999999999994,-33.454999999999998,-53.573920000000001,180.000000000000000,0.000000000000000,125.000000000000000
10.460000,-2,-89.581999999999994,-33.454999999999998,-53.582250000000002,180.000000000000000,0.000000000000000,125.000000000000000
10.464000,-2,-89.581999999999994,-33.454999999999998,-53.590580000000003,180.000000000000000,0.000000000000000,125.000000000000000
10.468000,-2,-89.581999999999994,-33.454999999999998,-53.598920000000000,180.000000000000000,0.000000000000000,125.000000000000000
10.472000,-2,-89.581999999999994,-33.454999999999998,-53.607250000000001,180.000000000000000,0.000000000000000,125.000000000000000
10.476000,-2,-89.581999999999994,-33.454999999999998,-53.615580000000001,180.000000000000000,0.000000000000000,125.000000000000000
10.480000,-2,-89.581999999999994,-33.454999999999998,-53.623919999999998,180.000000000000000,0.000000000000000,125.000000000000000
10.484000,-2,-89.581999999999994,-33.454999999999998,-53.632249999999999,180.000000000000000,0.000000000000000,125.000000000000000
10.488000,-2,-89.581999999999994,-33.454999999999998,-53.640580000000000,180.000000000000000,0.000000000000000,125.000000000000000
10.492000,-2,-89.581999999999994,-33.454999999999998,-53.648919999999997,180.000000000000000,0.000000000000000,125.000000000000000
10.496000,-2,-89.581999999999994,-33.454999999999998,-53.657249999999998,180.000000000000000,0.000000000000000,125.000000000000000
10.500000,-2,-89.581999999999994,-33.454999999999998,-53.665579999999999,180.000000000000000,0.000000000000000,125.000000000000000
10.504000,-2,-89.581999999999994,-33.454999999999998,-53.673920000000003,180.000000000000000,0.000000000000000,125.000000000000000
10.508000,-2,-89.581999999999994,-33.454999999999998,-53.682250000000003,180.000000000000000,0.000000000000000,125.000000000000000
10.512000,-2,-89.581999999999994,-33.454999999999998,-53.690579999999997,180.000000000000000,0.000000000000000,125.000000000000000
10.516000,-2,-89.581999999999994,-33.454999999999998,-53.698920000000001,180.000000000000000,0.000000000000000,125.000000000000000
10.520000,-2,-89.581999999999994,-33.454999999999998,-53.707250000000002,180.000000000000000,0.000000000000000,125.000000000000000
10.524000,-2,-89.581999999999994,-33.454999999999998,-53.715580000000003,180.000000000000000,0.000000000000000,125.000000000000000
10.528000,-2,-89.581999999999994,-33.454999999999998,-53.723920000000000,180.000000000000000,0.000000000000000,125.000000000000000
10.532000,-2,-89.581999999999994,-33.454999999999998,-53.732250000000001,180.000000000000000,0.000000000000000,125.000000000000000
10.536000,-2,-89.581999999999994,-33.454999999999998,-53.740580000000001,180.000000000000000,0.000000000000000,125.000000000000000
10.540000,-2,-89.581999999999994,-33.454999999999998,-53.748919999999998,180.000000000000000,0.000000000000000,125.000000000000000
10.544000,-2,-89.581999999999994,-33.454999999999998,-53.757249999999999,180.000000000000000,0.000000000000000,125.000000000000000
10.548000,-2,-89.581999999999994,-33.454999999999998,-53.765580000000000,180.000000000000000,0.000000000000000,125.000000000000000
10.552000,-2,-89.581999999999994,-33.454999999999998,-53.773919999999997,180.000000000000000,0.000000000000000,125.000000000000000
10.556000,-2,-89.581999999999994,-33.454999999999998,-53.782249999999998,180.000000000000000,0.000000000000000,125.000000000000000
10.560000,-2,-89.581999999999994,-33.454999999999998,-53.790579999999999,180.000000000000000,0.000000000000000,125.000000000000000
10.564000,-2,-89.581999999999994,-33.454999999999998,-53.798920000000003,180.000000000000000,0.000000000000000,125.000000000000000
10.568000,-2,-89.581999999999994,-33.454999999999998,-53.807250000000003,180.000000000000000,0.000000000000000,125.000000000000000
10.572000,-2,-89.581999999999994,-33.454999999999998,-53.815579999999997,180.000000000000000,0.000000000000000,125.000000000000000
10.576000,-2,-89.581999999999994,-33.454999999999998,-53.823920000000001,180.000000000000000,0.000000000000000,125.000000000000000
10.580000,-2,-89.581999999999994,-33.454999999999998,-53.832250000000002,180.000000000000000,0.000000000000000,125.000000000000000
10.584000,-2,-89.581999999999994,-33.454999999999998,-53.840580000000003,180.000000000000000,0.000000000000000,125.000000000000000
10.588000,-2,-89.581999999999994,-33.454999999999998,-53.848920000000000,180.000000000000000,0.000000000000000,125.000000000000000
10.592000,-2,-89.581999999999994,-33.454999999999998,-53.857250000000001,180.000000000000000,0.000000000000000,125.000000000000000
10.596000,-2,-89.581999999999994,-33.454999999999998,-53.865580000000001,180.000000000000000,0.000000000000000,125.000000000000000
10.600000,-2,-89.581999999999994,-33.454999999999998,-53.873919999999998,180.000000000000000,0.000000000000000,125.000000000000000
10.604000,-2,-89.581999999999994,-33.454999999999998,-53.882249999999999,180.000000000000000,0.000000000000000,125.000000000000000
10.608000,-2,-89.581999999999994,-33.454999999999998,-53.890580000000000,180.000000000000000,0.000000000000000,125.000000000000000
10.612000,-2,-89.581999999999994,-33.454999999999998,-53.898919999999997,180.000000000000000,0.000000000000000,125.000000000000000
10.616000,-2,-89.581999999999994,-33.454999999999998,-53.907249999999998,180.000000000000000,0.000000000000000,125.000000000000000
10.620000,-2,-89.581999999999994,-33.454999999999998,-53.915579999999999,180.000000000000000,0.000000000000000,125.000000000000000
10.624000,-2,-89.581999999999994,-33.454999999999998,-53.923920000000003,180.000000000000000,0.000000000000000,125.000000000000000
10.628000,-2,-89.581999999999994,-33.454999999999998,-53.932250000000003,180.000000000000000,0.000000000000000,125.000000000000000
10.632000,-2,-89.581999999999994,-33.454999999999998,-53.940579999999997,180.000000000000000,0.000000000000000,125.000000000000000
10.636000,-2,-89.581999999999994,-33.454999999999998,-53.948920000000001,180.000000000000000,0.000000000000000,125.000000000000000
10.640000,-2,-89.581999999999994,-33.454999999999998,-53.957250000000002,180.000000000000000,0.000000000000000,125.000000000000000
10.644000,-2,-89.581999999999994,-33.454999999999998,-53.965580000000003,180.000000000000000,0.000000000000000,125.000000000000000
10.648000,-2,-89.581999999999994,-33.454999999999998,-53.973920000000000,180.000000000000000,0.000000000000000,125.000000000000000
10.652000,-2,-89.581999999999994,-33.454999999999998,-53.982250000000001,180.000000000000000,0.000000000000000,125.000000000000000
10.656000,-2,-89.581999999999994,-33.454999999999998,-53.990580000000001,180.000000000000000,0.000000000000000,125.000000000000000
10.660000,-2,-89.581999999999994,-33.454999999999998,-53.998919999999998,180.000000000000000,0.000000000000000,125.000000000000000
10.664000,-2,-89.581999999999994,-33.454999999999998,-54.007249999999999,180.000000000000000,0.000000000000000,125.000000000000000
10.668000,-2,-89.581999999999994,-33.454999999999998,-54.015580000000000,180.000000000000000,0.000000000000000,125.000000000000000
10.672000,-2,-89.581999999999994,-33.454999999999998,-54.023919999999997,180.000000000000000,0.000000000000000,125.000000000000000
10.676000,-2,-89.581999999999994,-33.454999999999998,-54.032249999999998,180.000000000000000,0.000000000000000,125.000000000000000
10.680000,-2,-89.581999999999994,-33.454999999999998,-54.040579999999999,180.000000000000000,0.000000000000000,125.000000000000000
10.684000,-2,-89.581999999999994,-33.454999999999998,-54.048920000000003,180.000000000000000,0.000000000000000,125.000000000000000
10.688000,-2,-89.581999999999994,-33.454999999999998,-54.057250000000003,180.000000000000000,0.000000000000000,125.000000000000000
10.692000,-2,-89.581999999999994,-33.454999999999998,-54.065579999999997,180.000000000000000,0.000000000000000,125.000000000000000
10.696000,-2,-89.581999999999994,-33.454999999999998,-54.073920000000001,180.000000000000000,0.000000000000000,125.000000000000000
10.700000,-2,-89.581999999999994,-33.454999999999998,-54.082250000000002,180.000000000000000,0.000000000000000,125.000000000000000
10.704000,-2,-89.581999999999994,-33.454999999999998,-54.090580000000003,180.000000000000000,0.000000000000000,125.000000000000000
10.708000,-2,-89.581999999999994,-33.454999999999998,-54.098920000000000,180.000000000000000,0.000000000000000,125.000000000000000
10.712000,-2,-89.581999999999994,-33.454999999999998,-54.107250000000001,180.000000000000000,0.000000000000000,125.000000000000000
10.716000,-2,-89.581999999999994,-33.454999999999998,-54.115580000000001,180.000000000000000,0.000000000000000,125.000000000000000
10.720000,-2,-89.581999999999994,-33.454999999999998,-54.123919999999998,180.000000000000000,0.000000000000000,125.000000000000000
10.724000,-2,-89.581999999999994,-33.454999999999998,-54.132249999999999,180.000000000000000,0.000000000000000,125.000000000000000
10.728000,-2,-89.581999999999994,-33.454999999999998,-54.140580000000000,180.000000000000000,0.000000000000000,125.000000000000000
10.732000,-2,-89.581999999999994,-33.454999999999998,-54.148919999999997,180.000000000000000,0.000000000000000,125.000000000000000
10.736000,-2,-89.581999999999994,-33.454999999999998,-54.157249999999998,180.000000000000000,0.000000000000000,125.000000000000000
10.740000,-2,-89.581999999999994,-33.454999999999998,-54.165579999999999,180.000000000000000,0.000000000000000,125.000000000000000
10.744000,-2,-89.581999999999994,-33.454999999999998,-54.173920000000003,180.000000000000000,0.000000000000000,125.000000000000000
10.748000,-2,-89.581999999999994,-33.454999999999998,-54.182250000000003,180.000000000000000,0.000000000000000,125.000000000000000
10.752000,-2,-89.581999999999994,-33.454999999999998,-54.190579999999997,180.000000000000000,0.000000000000000,125.000000000000000
10.756000,-2,-89.581999999999994,-33.454999999999998,-54.198920000000001,180.000000000000000,0.000000000000000,125.000000000000000
10.760000,-2,-89.581999999999994,-33.454999999999998,-54.207250000000002,180.000000000000000,0.000000000000000,125.000000000000000
10.764000,-2,-89.581999999999994,-33.454999999999998,-54.215580000000003,180.000000000000000,0.000000000000000,125.000000000000000
10.768000,-2,-89.581999999999994,-33.454999999999998,-54.223920000000000,180.000000000000000,0.000000000000000,125.000000000000000
10.772000,-2,-89.581999999999994,-33.454999999999998,-54.232250000000001,180.000000000000000,0.000000000000000,125.000000000000000
10.776000,-2,-89.581999999999994,-33.454999999999998,-54.240580000000001,180.000000000000000,0.000000000000000,125.000000000000000
10.780000,-2,-89.581999999999994,-33.454999999999998,-54.248919999999998,180.000000000000000,0.000000000000000,125.000000000000000
10.784000,-2,-89.581999999999994,-33.454999999999998,-54.257249999999999,180.000000000000000,0.000000000000000,125.000000000000000
10.788000,-2,-89.581999999999994,-33.454999999999998,-54.265580000000000,180.000000000000000,0.000000000000000,125.000000000000000
10.792000,-2,-89.581999999999994,-33.454999999999998,-54.273919999999997,180.000000000000000,0.000000000000000,125.000000000000000
10.796000,-2,-89.581999999999994,-33.454999999999998,-54.282249999999998,180.000000000000000,0.000000000000000,125.000000000000000
10.800000,-2,-89.581999999999994,-33.454999999999998,-54.290579999999999,180.000000000000000,0.000000000000000,125.000000000000000
10.804000,-2,-89.581999999999994,-33.454999999999998,-54.298920000000003,180.000000000000000,0.000000000000000,125.000000000000000
10.808000,-2,-89.581999999999994,-33.454999999999998,-54.307250000000003,180.000000000000000,0.000000000000000,125.000000000000000
10.812000,-2,-89.581999999999994,-33.454999999999998,-54.315579999999997,180.000000000000000,0.000000000000000,125.000000000000000
10.816000,-2,-89.581999999999994,-33.454999999999998,-54.323920000000001,180.000000000000000,0.000000000000000,125.000000000000000
10.820000,-2,-89.581999999999994,-33.454999999999998,-54.332250000000002,180.000000000000000,0.000000000000000,125.000000000000000
10.824000,-2,-89.581999999999994,-33.454999999999998,-54.340580000000003,180.000000000000000,0.000000000000000,125.000000000000000
10.828000,-2,-89.581999999999994,-33.454999999999998,-54.348920000000000,180.000000000000000,0.000000000000000,125.000000000000000
10.832000,-2,-89.581999999999994,-33.454999999999998,-54.357250000000001,180.000000000000000,0.000000000000000,125.000000000000000
10.836000,-2,-89.581999999999994,-33.454999999999998,-54.365580000000001,180.000000000000000,0.000000000000000,125.000000000000000
10.840000,-2,-89.581999999999994,-33.454999999999998,-54.373919999999998,180.000000000000000,0.000000000000000,125.000000000000000
10.844000,-2,-89.581999999999994,-33.454999999999998,-54.382249999999999,180.000000000000000,0.000000000000000,125.000000000000000
10.848000,-2,-89.581999999999994,-33.454999999999998,-54.390580000000000,180.000000000000000,0.000000000000000,125.000000000000000
10.852000,-2,-89.581999999999994,-33.454999999999998,-54.398919999999997,180.000000000000000,0.000000000000000,125.000000000000000
10.856000,-2,-89.581999999999994,-33.454999999999998,-54.407249999999998,180.000000000000000,0.000000000000000,125.000000000000000
10.860000,-2,-89.581999999999994,-33.454999999999998,-54.415579999999999,180.000000000000000,0.000000000000000,125.000000000000000
10.864000,-2,-89.581999999999994,-33.454999999999998,-54.423920000000003,180.000000000000000,0.000000000000000,125.000000000000000
10.868000,-2,-89.581999999999994,-33.454999999999998,-54.432250000000003,180.000000000000000,0.000000000000000,125.000000000000000
10.872000,-2,-89.581999999999994,-33.454999999999998,-54.440579999999997,180.000000000000000,0.000000000000000,125.000000000000000
10.876000,-2,-89.581999999999994,-33.454999999999998,-54.448920000000001,180.000000000000000,0.000000000000000,125.000000000000000
10.880000,-2,-89.581999999999994,-33.454999999999998,-54.457250000000002,180.000000000000000,0.000000000000000,125.000000000000000
10.884000,-2,-89.581999999999994,-33.454999999999998,-54.465580000000003,180.000000000000000,0.000000000000000,125.000000000000000
10.888000,-2,-89.581999999999994,-33.454999999999998,-54.473920000000000,180.000000000000000,0.000000000000000,125.000000000000000
10.892000,-2,-89.581999999999994,-33.454999999999998,-54.482250000000001,180.000000000000000,0.000000000000000,125.000000000000000
10.896000,-2,-89.581999999999994,-33.454999999999998,-54.490580000000001,180.000000000000000,0.000000000000000,125.000000000000000
10.900000,-2,-89.581999999999994,-33.454999999999998,-54.498919999999998,180.000000000000000,0.000000000000000,125.000000000000000
10.904000,-2,-89.581999999999994,-33.454999999999998,-54.507249999999999,180.000000000000000,0.000000000000000,125.000000000000000
10.908000,-2,-89.581999999999994,-33.454999999999998,-54.515580000000000,180.000000000000000,0.000000000000000,125.000000000000000
10.912000,-2,-89.581999999999994,-33.454999999999998,-54.523919999999997,180.000000000000000,0.000000000000000,125.000000000000000
10.916000,-2,-89.581999999999994,-33.454999999999998,-54.532249999999998,180.000000000000000,0.000000000000000,125.000000000000000
10.920000,-2,-89.581999999999994,-33.454999999999998,-54.540579999999999,180.000000000000000,0.000000000000000,125.000000000000000
10.924000,-2,-89.581999999999994,-33.454999999999998,-54.548920000000003,180.000000000000000,0.000000000000000,125.000000000000000
10.928000,-2,-89.581999999999994,-33.454999999999998,-54.557250000000003,180.000000000000000,0.000000000000000,125.000000000000000
10.932000,-2,-89.581999999999994,-33.454999999999998,-54.565579999999997,180.000000000000000,0.000000000000000,125.000000000000000
10.936000,-2,-89.581999999999994,-33.454999999999998,-54.573920000000001,180.000000000000000,0.000000000000000,125.000000000000000
10.940000,-2,-89.581999999999994,-33.454999999999998,-54.582250000000002,180.000000000000000,0.000000000000000,125.000000000000000
10.944000,-2,-89.581999999999994,-33.454999999999998,-54.590580000000003,180.000000000000000,0.000000000000000,125.000000000000000
10.948000,-2,-89.581999999999994,-33.454999999999998,-54.598920000000000,180.000000000000000,0.000000000000000,125.000000000000000
10.952000,-2,-89.581999999999994,-33.454999999999998,-54.607250000000001,180.000000000000000,0.000000000000000,125.000000000000000
10.956000,-2,-89.581999999999994,-33.454999999999998,-54.615580000000001,180.000000000000000,0.000000000000000,125.000000000000000
10.960000,-2,-89.581999999999994,-33.454999999999998,-54.623919999999998,180.000000000000000,0.000000000000000,125.000000000000000
10.964000,-2,-89.581999999999994,-33.454999999999998,-54.632249999999999,180.000000000000000,0.000000000000000,125.000000000000000
10.968000,-2,-89.581999999999994,-33.454999999999998,-54.640580000000000,180.000000000000000,0.000000000000000,125.000000000000000
10.972000,-2,-89.581999999999994,-33.454999999999998,-54.648919999999997,180.000000000000000,0.000000000000000,125.000000000000000
10.976000,-2,-89.581999999999994,-33.454999999999998,-54.657249999999998,180.000000000000000,0.000000000000000,125.000000000000000
10.980000,-2,-89.581999999999994,-33.454999999999998,-54.665579999999999,180.000000000000000,0.000000000000000,125.000000000000000
10.984000,-2,-89.581999999999994,-33.454999999999998,-54.673920000000003,180.000000000000000,0.000000000000000,125.000000000000000
10.988000,-2,-89.581999999999994,-33.454999999999998,-54.682250000000003,180.000000000000000,0.000000000000000,125.000000000000000
10.992000,-2,-89.581999999999994,-33.454999999999998,-54.690579999999997,180.000000000000000,0.000000000000000,125.000000000000000
10.996000,-2,-89.581999999999994,-33.454999999999998,-54.698920000000001,180.000000000000000,0.000000000000000,125.000000000000000
11.000000,-2,-89.581999999999994,-33.454999999999998,-54.707250000000002,180.000000000000000,0.000000000000000,125.000000000000000
11.004000,-2,-89.581999999999994,-33.454999999999998,-54.715580000000003,180.000000000000000,0.000000000000000,125.000000000000000
11.008000,-2,-89.581999999999994,-33.454999999999998,-54.723920000000000,180.000000000000000,0.000000000000000,125.000000000000000
11.012000,-2,-89.581999999999994,-33.454999999999998,-54.732250000000001,180.000000000000000,0.000000000000000,125.000000000000000
11.016000,-2,-89.581999999999994,-33.454999999999998,-54.740580000000001,180.000000000000000,0.000000000000000,125.000000000000000
11.020000,-2,-89.581999999999994,-33.454999999999998,-54.748919999999998,180.000000000000000,0.000000000000000,125.000000000000000
11.024000,-2,-89.581999999999994,-33.454999999999998,-54.757249999999999,180.000000000000000,0.000000000000000,125.000000000000000
11.028000,-2,-89.581999999999994,-33.454999999999998,-54.765580000000000,180.000000000000000,0.000000000000000,125.000000000000000
11.032000,-2,-89.581999999999994,-33.454999999999998,-54.773919999999997,180.000000000000000,0.000000000000000,125.000000000000000
11.036000,-2,-89.581999999999994,-33.454999999999998,-54.782249999999998,180.000000000000000,0.000000000000000,125.000000000000000
11.040000,-2,-89.581999999999994,-33.454999999999998,-54.790579999999999,180.000000000000000,0.000000000000000,125.000000000000000
11.044000,-2,-89.581999999999994,-33.454999999999998,-54.798920000000003,180.000000000000000,0.000000000000000,125.000000000000000
11.048000,-2,-89.581999999999994,-33.454999999999998,-54.807250000000003,180.000000000000000,0.000000000000000,125.000000000000000
11.052000,-2,-89.581999999999994,-33.454999999999998,-54.815579999999997,180.000000000000000,0.000000000000000,125.000000000000000
11.056000,-2,-89.581999999999994,-33.454999999999998,-54.823920000000001,180.000000000000000,0.000000000000000,125.000000000000000
11.060000,-2,-89.581999999999994,-33.454999999999998,-54.832250000000002,180.000000000000000,0.000000000000000,125.000000000000000
11.064000,-2,-89.581999999999994,-33.454999999999998,-54.840580000000003,180.000000000000000,0.000000000000000,125.000000000000000
11.068000,-2,-89.581999999999994,-33.454999999999998,-54.848920000000000,180.000000000000000,0.000000000000000,125.000000000000000
11.072000,-2,-89.581999999999994,-33.454999999999998,-54.857250000000001,180.000000000000000,0.000000000000000,125.000000000000000
11.076000,-2,-89.581999999999994,-33.454999999999998,-54.865580000000001,180.000000000000000,0.000000000000000,125.000000000000000
11.080000,-2,-89.581999999999994,-33.454999999999998,-54.873919999999998,180.000000000000000,0.000000000000000,125.000000000000000
11.084000,-2,-89.581999999999994,-33.454999999999998,-54.882249999999999,180.000000000000000,0.000000000000000,125.000000000000000
11.088000,-2,-89.581999999999994,-33.454999999999998,-54.890580000000000,180.000000000000000,0.000000000000000,125.000000000000000
11.092000,-2,-89.581999999999994,-33.454999999999998,-54.898919999999997,180.000000000000000,0.000000000000000,125.000000000000000
11.096000,-2,-89.581999999999994,-33.454999999999998,-54.907249999999998,180.000000000000000,0.000000000000000,125.000000000000000
11.100000,-2,-89.581999999999994,-33.454999999999998,-54.915579999999999,180.000000000000000,0.000000000000000,125.000000000000000
11.104000,-2,-89.581999999999994,-33.454999999999998,-54.923920000000003,180.000000000000000,0.000000000000000,125.000000000000000
11.108000,-2,-89.581999999999994,-33.454999999999998,-54.932250000000003,180.000000000000000,0.000000000000000,125.000000000000000
11.112000,-2,-89.581999999999994,-33.454999999999998,-54.940579999999997,180.000000000000000,0.000000000000000,125.000000000000000
11.116000,-2,-89.581999999999994,-33.454999999999998,-54.948920000000001,180.000000000000000,0.000000000000000,125.000000000000000
11.120000,-2,-89.581999999999994,-33.454999999999998,-54.957250000000002,180.000000000000000,0.000000000000000,125.000000000000000
11.124000,-2,-89.581999999999994,-33.454999999999998,-54.965580000000003,180.000000000000000,0.000000000000000,125.000000000000000
11.128000,-2,-89.581999999999994,-33.454999999999998,-54.973920000000000,180.000000000000000,0.000000000000000,125.000000000000000
11.132000,-2,-89.581999999999994,-33.454999999999998,-54.982250000000001,180.000000000000000,0.000000000000000,125.000000000000000
11.136000,-2,-89.581999999999994,-33.454999999999998,-54.990580000000001,180.000000000000000,0.000000000000000,125.000000000000000
11.140000,-2,-89.581999999999994,-33.454999999999998,-54.998919999999998,180.000000000000000,0.000000000000000,125.000000000000000
11.144000,-2,-89.581999999999994,-33.454999999999998,-55.007249999999999,180.000000000000000,0.000000000000000,125.000000000000000
11.148000,-2,-89.581999999999994,-33.454999999999998,-55.015580000000000,180.000000000000000,0.000000000000000,125.000000000000000
11.152000,-2,-89.581999999999994,-33.454999999999998,-55.023919999999997,180.000000000000000,0.000000000000000,125.000000000000000
11.156000,-2,-89.581999999999994,-33.454999999999998,-55.032249999999998,180.000000000000000,0.000000000000000,125.000000000000000
11.160000,-2,-89.581999999999994,-33.454999999999998,-55.040579999999999,180.000000000000000,0.000000000000000,125.000000000000000
11.164000,-2,-89.581999999999994,-33.454999999999998,-55.048920000000003,180.000000000000000,0.000000000000000,125.000000000000000
11.168000,-2,-89.581999999999994,-33.454999999999998,-55.057250000000003,180.000000000000000,0.000000000000000,125.000000000000000
11.172000,-2,-89.581999999999994,-33.454999999999998,-55.065579999999997,180.000000000000000,0.000000000000000,125.000000000000000
11.176000,-2,-89.581999999999994,-33.454999999999998,-55.073920000000001,180.000000000000000,0.000000000000000,125.000000000000000
11.180000,-2,-89.581999999999994,-33.454999999999998,-55.082250000000002,180.000000000000000,0.000000000000000,125.000000000000000
11.184000,-2,-89.581999999999994,-33.454999999999998,-55.090580000000003,180.000000000000000,0.000000000000000,125.000000000000000
11.188000,-2,-89.581999999999994,-33.454999999999998,-55.098920000000000,180.000000000000000,0.000000000000000,125.000000000000000
11.192000,-2,-89.581999999999994,-33.454999999999998,-55.107250000000001,180.000000000000000,0.000000000000000,125.000000000000000
11.196000,-2,-89.581999999999994,-33.454999999999998,-55.115580000000001,180.000000000000000,0.000000000000000,125.000000000000000
11.200000,-2,-89.581999999999994,-33.454999999999998,-55.123919999999998,180.000000000000000,0.000000000000000,125.000000000000000
11.204000,-2,-89.581999999999994,-33.454999999999998,-55.132249999999999,180.000000000000000,0.000000000000000,125.000000000000000
11.208000,-2,-89.581999999999994,-33.454999999999998,-55.140580000000000,180.000000000000000,0.000000000000000,125.000000000000000
11.212000,-2,-89.581999999999994,-33.454999999999998,-55.148919999999997,180.000000000000000,0.000000000000000,125.000000000000000
11.216000,-2,-89.581999999999994,-33.454999999999998,-55.157249999999998,180.000000000000000,0.000000000000000,125.000000000000000
11.220000,-2,-89.581999999999994,-33.454999999999998,-55.165579999999999,180.000000000000000,0.000000000000000,125.000000000000000
11.224000,-2,-89.581999999999994,-33.454999999999998,-55.173920000000003,180.000000000000000,0.000000000000000,125.000000000000000
11.228000,-2,-89.581999999999994,-33.454999999999998,-55.182250000000003,180.000000000000000,0.000000000000000,125.000000000000000
11.232000,-2,-89.581999999999994,-33.454999999999998,-55.190579999999997,180.000000000000000,0.000000000000000,125.000000000000000
11.236000,-2,-89.581999999999994,-33.454999999999998,-55.198920000000001,180.000000000000000,0.000000000000000,125.000000000000000
11.240000,-2,-89.581999999999994,-33.454999999999998,-55.207250000000002,180.000000000000000,0.000000000000000,125.000000000000000
11.244000,-2,-89.581999999999994,-33.454999999999998,-55.215580000000003,180.000000000000000,0.000000000000000,124.216544673346633
11.248000,-2,-89.581999999999994,-33.454999999999998,-55.223320000000001,180.000000000000000,0.000000000000000,103.098879393263502
11.252000,-2,-89.581999999999994,-33.454999999999998,-55.228690000000000,180.000000000000000,0.000000000000000,53.828513886473282
11.256000,-2,-89.581999999999994,-33.454999999999998,-55.230739999999997,180.000000000000000,0.000000000000000,12.546179166556405
11.260000,-2,-89.581999999999994,-33.454999999999998,-55.231000000000002,180.000000000000000,0.000000000000000,0.000000000000000
11.264000,-2,-89.581999999999994,-33.454999999999998,-55.231000000000002,180.000000000000000,0.000000000000000,0.000000000000000
11.268000,-2,-89.581999999999994,-33.454999999999998,-55.231000000000002,180.000000000000000,0.000000000000000,0.000000000000000
11.272000,-2,-89.581999999999994,-33.454999999999998,-55.231000000000002,180.000000000000000,0.000000000000000,0.000000000000000
11.276000,-2,-89.581999999999994,-33.454999999999998,-55.231000000000002,180.000000000000000,0.000000000000000,0.000000000000000
11.280000,-2,-89.581999999999994,-33.454999999999998,-55.231000000000002,180.000000000000000,0.000000000000000,0.000000000000000
11.284000,-2,-89.581999999999994,-33.454999999999998,-55.231000000000002,180.000000000000000,0.000000000000000,0.000000000000000
11.288000,-2,-89.581999999999994,-33.454999999999998,-55.231000000000002,180.000000000000000,0.000000000000000,0.000000000000000
11.292000,-2,-89.581999999999994,-33.454999999999998,-55.230040000000002,180.000000000000000,0.000000000000000,43.199999999999996
11.296000,-2,-89.581999999999994,-33.454999999999998,-55.223320000000001,180.000000000000000,0.000000000000000,172.799999999999983
11.300000,-2,-89.581999999999994,-33.454999999999998,-55.205080000000002,180.000000000000000,0.000000000000000,388.799999999999955
11.304000,-2,-89.581999999999994,-33.454999999999998,-55.169559999999997,180.000000000000000,0.000000000000000,691.199999999999932
11.308000,-2,-89.581999999999994,-33.454999999999998,-55.110999999999997,180.000000000000000,0.000000000000000,1080.000000000000000
11.312000,-2,-89.581999999999994,-33.454999999999998,-55.023640000000000,180.000000000000000,0.000000000000000,1555.199999999999818
11.316000,-2,-89.581999999999994,-33.454999999999998,-54.901719999999997,180.000000000000000,0.000000000000000,2116.799999999999727
11.320000,-2,-89.581999999999994,-33.454999999999998,-54.739480000000000,180.000000000000000,0.000000000000000,2764.799999999999727
11.324000,-2,-89.581999999999994,-33.454999999999998,-54.531160000000000,180.000000000000000,0.000000000000000,3499.199999999999818
11.328000,-2,-89.581999999999994,-33.454999999999998,-54.271000000000001,180.000000000000000,0.000000000000000,4320.000000000000000
11.332000,-2,-89.581999999999994,-33.454999999999998,-53.953240000000001,180.000000000000000,0.000000000000000,5227.199999999999818
11.336000,-2,-89.581999999999994,-33.454999999999998,-53.572119999999998,180.000000000000000,0.000000000000000,6220.799999999999272
11.340000,-2,-89.581999999999994,-33.454999999999998,-53.121879999999997,180.000000000000000,0.000000000000000,7300.799999999999272
11.344000,-2,-89.581999999999994,-33.454999999999998,-52.596760000000003,180.000000000000000,0.000000000000000,8467.199999999998909
11.348000,-2,-89.581999999999994,-33.454999999999998,-51.991000000000000,180.000000000000000,0.000000000000000,9720.000000000000000
11.352000,-2,-89.581999999999994,-33.454999999999998,-51.298839999999998,180.000000000000000,0.000000000000000,11059.199999999998909
11.356000,-2,-89.581999999999994,-33.454999999999998,-50.514800000000001,180.000000000000000,0.000000000000000,12472.253243574050430
11.360000,-2,-89.581999999999994,-33.454999999999998,-49.636150000000001,180.000000000000000,0.000000000000000,13872.759730722153108
11.364000,-2,-89.581999999999994,-33.454999999999998,-48.667020000000001,180.000000000000000,0.000000000000000,15186.866217870256150
11.368000,-2,-89.581999999999994,-33.454999999999998,-47.613160000000001,180.000000000000000,0.000000000000000,16414.572705018359557
11.372000,-2,-89.581999999999994,-33.454999999999998,-46.480330000000002,180.000000000000000,0.000000000000000,17555.879192166463326
11.376000,-2,-89.581999999999994,-33.454999999999998,-45.274290000000001,180.000000000000000,0.000000000000000,18610.785679314565641
11.380000,-2,-89.581999999999994,-33.454999999999998,-44.000810000000001,180.000000000000000,0.000000000000000,19579.292166462666501
11.384000,-2,-89.581999999999994,-33.454999999999998,-42.665640000000003,180.000000000000000,0.000000000000000,20461.398653610769543
11.388000,-2,-89.581999999999994,-33.454999999999998,-41.274540000000002,180.000000000000000,0.000000000000000,21257.105140758871130
11.392000,-2,-89.581999999999994,-33.454999999999998,-39.833280000000002,180.000000000000000,0.000000000000000,21966.411627906971262
11.396000,-2,-89.581999999999994,-33.454999999999998,-38.347610000000003,180.000000000000000,0.000000000000000,22589.318115055069939
11.400000,-2,-89.581999999999994,-33.454999999999998,-36.823290000000000,180.000000000000000,0.000000000000000,23125.824602203170798
11.404000,-2,-89.581999999999994,-33.454999999999998,-35.266089999999998,180.000000000000000,0.000000000000000,23575.931089351273840
11.408000,-2,-89.581999999999994,-33.454999999999998,-33.681750000000001,180.000000000000000,0.000000000000000,23939.637576499375427
11.412000,-2,-89.581999999999994,-33.454999999999998,-32.076050000000002,180.000000000000000,0.000000000000000,24216.944063647475559
11.416000,-2,-89.581999999999994,-33.454999999999998,-30.454750000000001,180.000000000000000,0.000000000000000,24407.850550795574236
11.420000,-2,-89.581999999999994,-33.454999999999998,-28.823589999999999,180.000000000000000,0.000000000000000,24512.357037943675095
11.424000,-2,-89.581999999999994,-33.454999999999998,-27.188340000000000,180.000000000000000,0.000000000000000,24531.855402469453111
11.428000,-2,-89.581999999999994,-33.454999999999998,-25.554500000000001,180.000000000000000,0.000000000000000,24468.928061635331687
11.432000,-2,-89.581999999999994,-33.454999999999998,-23.927740000000000,180.000000000000000,0.000000000000000,24319.600720801205171
11.436000,-2,-89.581999999999994,-33.454999999999998,-22.313810000000000,180.000000000000000,0.000000000000000,24083.873379967084475
11.440000,-2,-89.581999999999994,-33.454999999999998,-20.718470000000000,180.000000000000000,0.000000000000000,23761.746039132958686
11.444000,-2,-89.581999999999994,-33.454999999999998,-19.147490000000001,180.000000000000000,0.000000000000000,23353.218698298835079
11.448000,-2,-89.581999999999994,-33.454999999999998,-17.606629999999999,180.000000000000000,0.000000000000000,22858.291357464713656
11.452000,-2,-89.581999999999994,-33.454999999999998,-16.101640000000000,180.000000000000000,0.000000000000000,22276.964016630587139
11.456000,-2,-89.581999999999994,-33.454999999999998,-14.638290000000000,180.000000000000000,0.000000000000000,21609.236675796466443
11.460000,-2,-89.581999999999994,-33.454999999999998,-13.222329999999999,180.000000000000000,0.000000000000000,20855.109334962340654
11.464000,-2,-89.581999999999994,-33.454999999999998,-11.859529999999999,180.000000000000000,0.000000000000000,20014.581994128217048
11.468000,-2,-89.581999999999994,-33.454999999999998,-10.555640000000000,180.000000000000000,0.000000000000000,19087.654653294095624
11.472000,-2,-89.581999999999994,-33.454999999999998,-9.316430000000000,180.000000000000000,0.000000000000000,18074.327312459969107
11.476000,-2,-89.581999999999994,-33.454999999999998,-8.147650000000001,180.000000000000000,0.000000000000000,16974.599971625848411
11.480000,-2,-89.581999999999994,-33.454999999999998,-7.055070000000000,180.000000000000000,0.000000000000000,15788.472630791722622
11.484000,-2,-89.581999999999994,-33.454999999999998,-6.044440000000000,180.000000000000000,0.000000000000000,14515.945289957599016
11.488000,-2,-89.581999999999994,-33.454999999999998,-5.121530000000000,180.000000000000000,0.000000000000000,13157.017949123475773
11.492000,-2,-89.581999999999994,-33.454999999999998,-4.291990000000000,180.000000000000000,0.000000000000000,11723.985248948947628
11.496000,-2,-89.581999999999994,-33.454999999999998,-3.556870000000000,180.000000000000000,0.000000000000000,10343.842475398467286
11.500000,-2,-89.581999999999994,-33.454999999999998,-2.910890000000000,180.000000000000000,0.000000000000000,9050.099701847986580
11.504000,-2,-89.581999999999994,-33.454999999999998,-2.348270000000000,180.000000000000000,0.000000000000000,7842.756928297505510
11.508000,-2,-89.581999999999994,-33.454999999999998,-1.863270000000000,180.000000000000000,0.000000000000000,6721.814154747024986
11.512000,-2,-89.581999999999994,-33.454999999999998,-1.450110000000000,180.000000000000000,0.000000000000000,5687.271381196545008
11.516000,-2,-89.581999999999994,-33.454999999999998,-1.103050000000000,180.000000000000000,0.000000000000000,4739.128607646063756
11.520000,-2,-89.581999999999994,-33.454999999999998,-0.816310000000000,180.000000000000000,0.000000000000000,3877.385834095583050
11.524000,-2,-89.581999999999994,-33.454999999999998,-0.584140000000000,180.000000000000000,0.000000000000000,3102.043060545102435
11.528000,-2,-89.581999999999994,-33.454999999999998,-0.400780000000000,180.000000000000000,0.000000000000000,2413.100286994622365
11.532000,-2,-89.581999999999994,-33.454999999999998,-0.260470000000000,180.000000000000000,0.000000000000000,1810.557513444141705
11.536000,-2,-89.581999999999994,-33.454999999999998,-0.157450000000000,180.000000000000000,0.000000000000000,1294.414739893661363
11.540000,-2,-89.581999999999994,-33.454999999999998,-0.085970000000000,180.000000000000000,0.000000000000000,864.671966343180884
11.544000,-2,-89.581999999999994,-33.454999999999998,-0.040250000000000,180.000000000000000,0.000000000000000,521.329192792700496
11.548000,-2,-89.581999999999994,-33.454999999999998,-0.014530000000000,180.000000000000000,0.000000000000000,264.386419242220086
11.552000,-2,-89.581999999999994,-33.454999999999998,-0.003070000000000,180.000000000000000,0.000000000000000,93.843645691739667
11.556000,-2,-89.581999999999994,-33.454999999999998,-0.000100000000000,180.000000000000000,0.000000000000000,9.700872141259241
11.560000,-2,-89.581999999999994,-33.454999999999998,0.000000000000000,180.000000000000000,0.000000000000000,0.000000000000000
11.564000,-2,-89.581999999999994,-33.454999999999998,0.000000000000000,180.000000000000000,0.000000000000000,0.000000000000000
11.568000,-2,-89.581999999999994,-33.454999999999998,0.000000000000000,180.000000000000000,0.000000000000000,0.000000000000000
11.572000,-2,-89.581999999999994,-33.454999999999998,0.000000000000000,180.000000000000000,0.000000000000000,0.000000000000000
11.576000,-2,-89.581999999999994,-33.454999999999998,0.000000000000000,180.000000000000000,0.000000000000000,0.000000000000000
11.580000,-2,-89.581999999999994,-33.454999999999998,0.000000000000000,180.000000000000000,0.000000000000000,0.000000000000000
11.584000,-2,-89.581999999999994,-33.454999999999998,0.000000000000000,180.000000000000000,0.000000000000000,0.000000000000000
11.588000,-2,-89.581999999999994,-33.454999999999998,0.000000000000000,180.000000000000000,0.000000000000000,0.000000000000000
11.592000,-2,-89.581999999999994,-33.454999999999998,0.000000000000000,180.000000000000000,0.000000000000000,0.000000000000000
11.596000,52,-89.581999999999994,-33.453930000000000,0.000000000000000,180.000000000000000,0.000000000000000,48.000000000000000
11.600000,52,-89.581999999999994,-33.446469999999998,0.000000000000000,180.000000000000000,0.000000000000000,192.000000000000000
11.604000,52,-89.581999999999994,-33.426200000000001,0.000000000000000,180.000000000000000,0.000000000000000,432.000000000000000
11.608000,52,-89.581999999999994,-33.386730000000000,0.000000000000000,180.000000000000000,0.000000000000000,768.000000000000000
11.612000,52,-89.581999999999994,-33.321669999999997,0.000000000000000,180.000000000000000,0.000000000000000,1200.000000000000000
11.616000,52,-89.581999999999994,-33.224600000000002,0.000000000000000,180.000000000000000,0.000000000000000,1728.000000000000000
11.620000,52,-89.581999999999994,-33.089129999999997,0.000000000000000,180.000000000000000,0.000000000000000,2352.000000000000000
11.624000,52,-89.581999999999994,-32.908870000000000,0.000000000000000,180.000000000000000,0.000000000000000,3072.000000000000000
11.628000,52,-89.581999999999994,-32.677399999999999,0.000000000000000,180.000000000000000,0.000000000000000,3888.000000000000000
11.632000,52,-89.581999999999994,-32.388330000000003,0.000000000000000,180.000000000000000,0.000000000000000,4800.000000000000000
11.636000,52,-89.581999999999994,-32.036330000000000,0.000000000000000,180.000000000000000,0.000000000000000,5760.074028637408446
11.640000,52,-89.581999999999994,-31.621390000000002,0.000000000000000,180.000000000000000,0.000000000000000,6672.222085912224429
11.644000,52,-89.581999999999994,-31.148840000000000,0.000000000000000,180.000000000000000,0.000000000000000,7488.370143187041322
11.648000,52,-89.581999999999994,-30.625070000000001,0.000000000000000,180.000000000000000,0.000000000000000,8208.518200461858214
11.652000,52,-89.581999999999994,-30.056500000000000,0.000000000000000,180.000000000000000,0.000000000000000,8832.666257736673288
11.656000,52,-89.581999999999994,-29.449520000000000,0.000000000000000,180.000000000000000,0.000000000000000,9360.814315011490180
11.660000,52,-89.581999999999994,-28.810520000000000,0.000000000000000,180.000000000000000,0.000000000000000,9792.962372286307072
11.664000,52,-89.581999999999994,-28.145920000000000,0.000000000000000,180.000000000000000,0.000000000000000,10129.110429561122146
11.668000,52,-89.581999999999994,-27.462109999999999,0.000000000000000,180.000000000000000,0.000000000000000,10369.258486835939038
11.672000,52,-89.581999999999994,-26.765490000000000,0.000000000000000,180.000000000000000,0.000000000000000,10513.406544110755931
11.676000,52,-89.581999999999994,-26.062460000000002,0.000000000000000,180.000000000000000,0.000000000000000,10561.554601385572823
11.680000,52,-89.581999999999994,-25.358889999999999,0.000000000000000,180.000000000000000,0.000000000000000,10531.186585606481458
11.684000,52,-89.581999999999994,-24.660419999999998,0.000000000000000,180.000000000000000,0.000000000000000,10406.827689919457043
11.688000,52,-89.581999999999994,-23.973440000000000,0.000000000000000,180.000000000000000,0.000000000000000,10186.468794232432629
11.692000,52,-89.581999999999994,-23.304359999999999,0.000000000000000,180.000000000000000,0.000000000000000,9870.109898545406395
11.696000,52,-89.581999999999994,-22.659559999999999,0.000000000000000,180.000000000000000,0.000000000000000,9457.751002858381980
11.700000,52,-89.581999999999994,-22.045459999999999,0.000000000000000,180.000000000000000,0.000000000000000,8949.392107171357566
11.704000,52,-89.581999999999994,-21.468440000000001,0.000000000000000,180.000000000000000,0.000000000000000,8345.033211484333151
11.708000,52,-89.581999999999994,-20.934920000000002,0.000000000000000,180.000000000000000,0.000000000000000,7644.674315797307827
11.712000,52,-89.581999999999994,-20.451290000000000,0.000000000000000,180.000000000000000,0.000000000000000,6848.315420110283412
11.716000,52,-89.581999999999994,-20.023949999999999,0.000000000000000,180.000000000000000,0.000000000000000,5955.956524423258998
11.720000,52,-89.581999999999994,-19.658940000000001,0.000000000000000,180.000000000000000,0.000000000000000,4996.391491512214088
11.724000,52,-89.581999999999994,-19.355820000000001,0.000000000000000,180.000000000000000,0.000000000000000,4113.184121282389242
11.728000,52,-89.581999999999994,-19.108390000000000,0.000000000000000,180.000000000000000,0.000000000000000,3325.976751052564396
11.732000,52,-89.581999999999994,-18.910229999999999,0.000000000000000,180.000000000000000,0.000000000000000,2634.769380822740004
11.736000,52,-89.581999999999994,-18.754950000000001,0.000000000000000,180.000000000000000,0.000000000000000,2039.562010592915158
11.740000,52,-89.581999999999994,-18.636150000000001,0.000000000000000,180.000000000000000,0.000000000000000,1540.354640363090539
11.744000,52,-89.581999999999994,-18.547440000000002,0.000000000000000,180.000000000000000,0.000000000000000,1137.147270133265920
11.748000,52,-89.581999999999994,-18.482399999999998,0.000000000000000,180.000000000000000,0.000000000000000,829.939899903441528
11.752000,52,-89.581999999999994,-18.434640000000002,0.000000000000000,180.000000000000000,0.000000000000000,618.732529673617023
11.756000,52,-89.581999999999994,-18.397770000000001,0.000000000000000,180.000000000000000,0.000000000000000,503.525159443792461
11.760000,-2,-89.581999999999994,-18.375000000000000,-0.009520000000000,180.000000000000000,0.000000000000000,479.517789213967944
11.764000,-2,-89.581999999999994,-18.375000000000000,-0.043090000000000,180.000000000000000,0.000000000000000,541.910418984143348
11.768000,-2,-89.581999999999994,-18.375000000000000,-0.083690000000000,180.000000000000000,0.000000000000000,690.703048754318843
11.772000,-2,-89.581999999999994,-18.375000000000000,-0.137100000000000,180.000000000000000,0.000000000000000,925.895678524494315
11.776000,-2,-89.581999999999994,-18.375000000000000,-0.209070000000000,180.000000000000000,0.000000000000000,1247.488308294669650
11.780000,-2,-89.581999999999994,-18.375000000000000,-0.305350000000000,180.000000000000000,0.000000000000000,1655.480938064844850
11.784000,-2,-89.581999999999994,-18.375000000000000,-0.431720000000000,180.000000000000000,0.000000000000000,2149.873567835020367
11.788000,-2,-89.581999999999994,-18.375000000000000,-0.593920000000000,180.000000000000000,0.000000000000000,2730.666197605195521
11.792000,-2,-89.581999999999994,-18.375000000000000,-0.797730000000000,180.000000000000000,0.000000000000000,3397.858827375370765
11.796000,-2,-89.581999999999994,-18.375000000000000,-1.048890000000000,180.000000000000000,0.000000000000000,4151.451457145546556
11.800000,-2,-89.581999999999994,-18.375000000000000,-1.353170000000000,180.000000000000000,0.000000000000000,4991.444086915721527
11.804000,-2,-89.581999999999994,-18.375000000000000,-1.716340000000000,180.000000000000000,0.000000000000000,5917.836716685897045
11.808000,-2,-89.581999999999994,-18.375000000000000,-2.144140000000000,180.000000000000000,0.000000000000000,6930.629346456072199
11.812000,-2,-89.581999999999994,-18.375000000000000,-2.642340000000000,180.000000000000000,0.000000000000000,8029.821976226246989
11.816000,-2,-89.581999999999994,-18.375000000000000,-3.216700000000000,180.000000000000000,0.000000000000000,9215.414605996422324
11.820000,-2,-89.581999999999994,-18.375000000000000,-3.871560000000000,180.000000000000000,0.000000000000000,10423.418500835397936
11.824000,-2,-89.581999999999994,-18.375000000000000,-4.605070000000000,180.000000000000000,0.000000000000000,11567.433660743174187
11.828000,-2,-89.581999999999994,-18.375000000000000,-5.411960000000000,180.000000000000000,0.000000000000000,12625.048820650950802
11.832000,-2,-89.581999999999994,-18.375000000000000,-6.286490000000000,180.000000000000000,0.000000000000000,13596.263980558725962
11.836000,-2,-89.581999999999994,-18.375000000000000,-7.222880000000000,180.000000000000000,0.000000000000000,14481.079140466503304
11.840000,-2,-89.581999999999994,-18.375000000000000,-8.215380000000000,180.000000000000000,0.000000000000000,15279.494300374279192
11.844000,-2,-89.581999999999994,-18.375000000000000,-9.258229999999999,180.000000000000000,0.000000000000000,15991.509460282055443
11.848000,-2,-89.581999999999994,-18.375000000000000,-10.345660000000001,180.000000000000000,0.000000000000000,16617.124620189832058
11.852000,-2,-89.581999999999994,-18.375000000000000,-11.471920000000001,180.000000000000000,0.000000000000000,17156.339780097609037
11.856000,-2,-89.581999999999994,-18.375000000000000,-12.631250000000000,180.000000000000000,0.000000000000000,17609.154940005384560
11.860000,-2,-89.581999999999994,-18.375000000000000,-13.817890000000000,180.000000000000000,0.000000000000000,17975.570099913158629
11.864000,-2,-89.581999999999994,-18.375000000000000,-15.026070000000001,180.000000000000000,0.000000000000000,18255.585259820934880
11.868000,-2,-89.581999999999994,-18.375000000000000,-16.250050000000002,180.000000000000000,0.000000000000000,18449.200419728713314
11.872000,-2,-89.581999999999994,-18.375000000000000,-17.484050000000000,180.000000000000000,0.000000000000000,18556.415579636490293
11.876000,-2,-89.581999999999994,-18.375000000000000,-18.722329999999999,180.000000000000000,0.000000000000000,18579.182590072250605
11.880000,-2,-89.581999999999994,-18.375000000000000,-19.959560000000000,180.000000000000000,0.000000000000000,18523.184102086608618
11.884000,-2,-89.581999999999994,-18.375000000000000,-21.190169999999998,180.000000000000000,0.000000000000000,18380.785614100965176
11.888000,-2,-89.581999999999994,-18.375000000000000,-22.408410000000000,180.000000000000000,0.000000000000000,18151.987126115323917
11.892000,-2,-89.581999999999994,-18.375000000000000,-23.608509999999999,180.000000000000000,0.000000000000000,17836.788638129681203
11.896000,-2,-89.581999999999994,-18.375000000000000,-24.784730000000000,180.000000000000000,0.000000000000000,17435.190150144040672
11.900000,-2,-89.581999999999994,-18.375000000000000,-25.931280000000001,180.000000000000000,0.000000000000000,16947.191662158398685
11.904000,-2,-89.581999999999994,-18.375000000000000,-27.042430000000000,180.000000000000000,0.000000000000000,16372.793174172757062
11.908000,-2,-89.581999999999994,-18.375000000000000,-28.112400000000001,180.000000000000000,0.000000000000000,15711.994686187113984
11.912000,-2,-89.581999999999994,-18.375000000000000,-29.135439999999999,180.000000000000000,0.000000000000000,14964.796198201473089
11.916000,-2,-89.581999999999994,-18.375000000000000,-30.105789999999999,180.000000000000000,0.000000000000000,14131.197710215830739
11.920000,-2,-89.581999999999994,-18.375000000000000,-31.017679999999999,180.000000000000000,0.000000000000000,13211.199222230188752
11.924000,-2,-89.581999999999994,-18.375000000000000,-31.865359999999999,180.000000000000000,0.000000000000000,12204.800734244547129
11.928000,-2,-89.581999999999994,-18.375000000000000,-32.643070000000002,180.000000000000000,0.000000000000000,11112.002246258905870
11.932000,-2,-89.581999999999994,-18.375000000000000,-33.345039999999997,180.000000000000000,0.000000000000000,9932.803758273263156
11.936000,-2,-89.581999999999994,-18.375000000000000,-33.965809999999998,180.000000000000000,0.000000000000000,8691.753699067852722
11.940000,-2,-89.581999999999994,-18.375000000000000,-34.505670000000002,180.000000000000000,0.000000000000000,7518.263500537870641
11.944000,-2,-89.581999999999994,-18.375000000000000,-34.970170000000003,180.000000000000000,0.000000000000000,6431.173302007888196
11.948000,-2,-89.581999999999994,-18.375000000000000,-35.365079999999999,180.000000000000000,0.000000000000000,5430.483103477907207
11.952000,-2,-89.581999999999994,-18.375000000000000,-35.696150000000003,180.000000000000000,0.000000000000000,4516.192904947924944
11.956000,-2,-89.581999999999994,-18.375000000000000,-35.969160000000002,180.000000000000000,0.000000000000000,3688.302706417943682
11.960000,-2,-89.581999999999994,-18.375000000000000,-36.189850000000000,180.000000000000000,0.000000000000000,2946.812507887962056
11.964000,-2,-89.581999999999994,-18.375000000000000,-36.363990000000001,180.000000000000000,0.000000000000000,2291.722309357980066
11.968000,-2,-89.581999999999994,-18.375000000000000,-36.497329999999998,180.000000000000000,0.000000000000000,1723.032110827998622
11.972000,-2,-89.581999999999994,-18.375000000000000,-36.595640000000003,180.000000000000000,0.000000000000000,1240.741912298016814
11.976000,-2,-89.581999999999994,-18.375000000000000,-36.664679999999997,180.000000000000000,0.000000000000000,844.851713768034983
11.980000,-2,-89.581999999999994,-18.375000000000000,-36.710209999999996,180.000000000000000,0.000000000000000,535.361515238053130
11.984000,-2,-89.581999999999994,-18.375000000000000,-36.737980000000000,180.000000000000000,0.000000000000000,312.271316708071311
11.988000,-2,-89.581999999999994,-18.375000000000000,-36.753770000000003,180.000000000000000,0.000000000000000,175.581118178089497
11.992000,-2,-89.581999999999994,-18.375000000000000,-36.763320000000000,180.000000000000000,0.000000000000000,125.290919648107632
11.996000,-2,-89.581999999999994,-18.375000000000000,-36.771650000000001,180.000000000000000,0.000000000000000,125.000000000000000
12.000000,-2,-89.581999999999994,-18.375000000000000,-36.779980000000002,180.000000000000000,0.000000000000000,125.000000000000000
12.004000,-2,-89.581999999999994,-18.375000000000000,-36.788319999999999,180.000000000000000,0.000000000000000,125.000000000000000
12.008000,-2,-89.581999999999994,-18.375000000000000,-36.796650000000000,180.000000000000000,0.000000000000000,125.000000000000000
12.012000,-2,-89.581999999999994,-18.375000000000000,-36.804980000000000,180.000000000000000,0.000000000000000,125.000000000000000
12.016000,-2,-89.581999999999994,-18.375000000000000,-36.813319999999997,180.000000000000000,0.000000000000000,125.000000000000000
12.020000,-2,-89.581999999999994,-18.375000000000000,-36.821649999999998,180.000000000000000,0.000000000000000,125.000000000000000
12.024000,-2,-89.581999999999994,-18.375000000000000,-36.829979999999999,180.000000000000000,0.000000000000000,125.000000000000000
12.028000,-2,-89.581999999999994,-18.375000000000000,-36.838320000000003,180.000000000000000,0.000000000000000,125.000000000000000
12.032000,-2,-89.581999999999994,-18.375000000000000,-36.846649999999997,180.000000000000000,0.000000000000000,125.000000000000000
12.036000,-2,-89.581999999999994,-18.375000000000000,-36.854979999999998,180.000000000000000,0.000000000000000,125.000000000000000
12.040000,-2,-89.581999999999994,-18.375000000000000,-36.863320000000002,180.000000000000000,0.000000000000000,125.000000000000000
12.044000,-2,-89.581999999999994,-18.375000000000000,-36.871650000000002,180.000000000000000,0.000000000000000,125.000000000000000
12.048000,-2,-89.581999999999994,-18.375000000000000,-36.879980000000003,180.000000000000000,0.000000000000000,125.000000000000000
12.052000,-2,-89.581999999999994,-18.375000000000000,-36.888320000000000,180.000000000000000,0.000000000000000,125.000000000000000
12.056000,-2,-89.581999999999994,-18.375000000000000,-36.896650000000001,180.000000000000000,0.000000000000000,125.000000000000000
12.060000,-2,-89.581999999999994,-18.375000000000000,-36.904980000000002,180.000000000000000,0.000000000000000,125.000000000000000
12.064000,-2,-89.581999999999994,-18.375000000000000,-36.913319999999999,180.000000000000000,0.000000000000000,125.000000000000000
12.068000,-2,-89.581999999999994,-18.375000000000000,-36.921650000000000,180.000000000000000,0.000000000000000,125.000000000000000
12.072000,-2,-89.581999999999994,-18.375000000000000,-36.929980000000000,180.000000000000000,0.000000000000000,125.000000000000000
12.076000,-2,-89.581999999999994,-18.375000000000000,-36.938319999999997,180.000000000000000,0.000000000000000,125.000000000000000
12.080000,-2,-89.581999999999994,-18.375000000000000,-36.946649999999998,180.000000000000000,0.000000000000000,125.000000000000000
12.084000,-2,-89.581999999999994,-18.375000000000000,-36.954979999999999,180.000000000000000,0.000000000000000,125.000000000000000
12.088000,-2,-89.581999999999994,-18.375000000000000,-36.963320000000003,180.000000000000000,0.000000000000000,125.000000000000000
12.092000,-2,-89.581999999999994,-18.375000000000000,-36.971649999999997,180.000000000000000,0.000000000000000,125.000000000000000
12.096000,-2,-89.581999999999994,-18.375000000000000,-36.979979999999998,180.000000000000000,0.000000000000000,125.000000000000000
12.100000,-2,-89.581999999999994,-18.375000000000000,-36.988320000000002,180.000000000000000,0.000000000000000,125.000000000000000
12.104000,-2,-89.581999999999994,-18.375000000000000,-36.996650000000002,180.000000000000000,0.000000000000000,125.000000000000000
12.108000,-2,-89.581999999999994,-18.375000000000000,-37.004980000000003,180.000000000000000,0.000000000000000,125.000000000000000
12.112000,-2,-89.581999999999994,-18.375000000000000,-37.013320000000000,180.000000000000000,0.000000000000000,125.000000000000000
12.116000,-2,-89.581999999999994,-18.375000000000000,-37.021650000000001,180.000000000000000,0.000000000000000,125.000000000000000
12.120000,-2,-89.581999999999994,-18.375000000000000,-37.029980000000002,180.000000000000000,0.000000000000000,125.000000000000000
12.124000,-2,-89.581999999999994,-18.375000000000000,-37.038319999999999,180.000000000000000,0.000000000000000,125.000000000000000
12.128000,-2,-89.581999999999994,-18.375000000000000,-37.046650000000000,180.000000000000000,0.000000000000000,125.000000000000000
12.132000,-2,-89.581999999999994,-18.375000000000000,-37.054980000000000,180.000000000000000,0.000000000000000,125.000000000000000
12.136000,-2,-89.581999999999994,-18.375000000000000,-37.063319999999997,180.000000000000000,0.000000000000000,125.000000000000000
12.140000,-2,-89.581999999999994,-18.375000000000000,-37.071649999999998,180.000000000000000,0.000000000000000,125.000000000000000
12.144000,-2,-89.581999999999994,-18.375000000000000,-37.079979999999999,180.000000000000000,0.000000000000000,125.000000000000000
12.148000,-2,-89.581999999999994,-18.375000000000000,-37.088320000000003,180.000000000000000,0.000000000000000,125.000000000000000
12.152000,-2,-89.581999999999994,-18.375000000000000,-37.096649999999997,180.000000000000000,0.000000000000000,125.000000000000000
12.156000,-2,-89.581999999999994,-18.375000000000000,-37.104979999999998,180.000000000000000,0.000000000000000,125.000000000000000
12.160000,-2,-89.581999999999994,-18.375000000000000,-37.113320000000002,180.000000000000000,0.000000000000000,125.000000000000000
12.164000,-2,-89.581999999999994,-18.375000000000000,-37.121650000000002,180.000000000000000,0.000000000000000,125.000000000000000
12.168000,-2,-89.581999999999994,-18.375000000000000,-37.129980000000003,180.000000000000000,0.000000000000000,125.000000000000000
12.172000,-2,-89.581999999999994,-18.375000000000000,-37.138320000000000,180.000000000000000,0.000000000000000,125.000000000000000
12.176000,-2,-89.581999999999994,-18.375000000000000,-37.146650000000001,180.000000000000000,0.000000000000000,125.000000000000000
12.180000,-2,-89.581999999999994,-18.375000000000000,-37.154980000000002,180.000000000000000,0.000000000000000,125.000000000000000
12.184000,-2,-89.581999999999994,-18.375000000000000,-37.163319999999999,180.000000000000000,0.000000000000000,125.000000000000000
12.188000,-2,-89.581999999999994,-18.375000000000000,-37.171650000000000,180.000000000000000,0.000000000000000,125.000000000000000
12.192000,-2,-89.581999999999994,-18.375000000000000,-37.179980000000000,180.000000000000000,0.000000000000000,125.000000000000000
12.196000,-2,-89.581999999999994,-18.375000000000000,-37.188319999999997,180.000000000000000,0.000000000000000,125.000000000000000
12.200000,-2,-89.581999999999994,-18.375000000000000,-37.196649999999998,180.000000000000000,0.000000000000000,125.000000000000000
12.204000,-2,-89.581999999999994,-18.375000000000000,-37.204979999999999,180.000000000000000,0.000000000000000,125.000000000000000
12.208000,-2,-89.581999999999994,-18.375000000000000,-37.213320000000003,180.000000000000000,0.000000000000000,125.000000000000000
12.212000,-2,-89.581999999999994,-18.375000000000000,-37.221649999999997,180.000000000000000,0.000000000000000,125.000000000000000
12.216000,-2,-89.581999999999994,-18.375000000000000,-37.229979999999998,180.000000000000000,0.000000000000000,125.000000000000000
12.220000,-2,-89.581999999999994,-18.375000000000000,-37.238320000000002,180.000000000000000,0.000000000000000,125.000000000000000
12.224000,-2,-89.581999999999994,-18.375000000000000,-37.246650000000002,180.000000000000000,0.000000000000000,125.000000000000000
12.228000,-2,-89.581999999999994,-18.375000000000000,-37.254980000000003,180.000000000000000,0.000000000000000,125.000000000000000
12.232000,-2,-89.581999999999994,-18.375000000000000,-37.263320000000000,180.000000000000000,0.000000000000000,125.000000000000000
12.236000,-2,-89.581999999999994,-18.375000000000000,-37.271650000000001,180.000000000000000,0.000000000000000,125.000000000000000
12.240000,-2,-89.581999999999994,-18.375000000000000,-37.279980000000002,180.000000000000000,0.000000000000000,125.000000000000000
12.244000,-2,-89.581999999999994,-18.375000000000000,-37.288319999999999,180.000000000000000,0.000000000000000,125.000000000000000
12.248000,-2,-89.581999999999994,-18.375000000000000,-37.296650000000000,180.000000000000000,0.000000000000000,125.000000000000000
12.252000,-2,-89.581999999999994,-18.375000000000000,-37.304980000000000,180.000000000000000,0.000000000000000,125.000000000000000
12.256000,-2,-89.581999999999994,-18.375000000000000,-37.313319999999997,180.000000000000000,0.000000000000000,125.000000000000000
12.260000,-2,-89.581999999999994,-18.375000000000000,-37.321649999999998,180.000000000000000,0.000000000000000,125.000000000000000
12.264000,-2,-89.581999999999994,-18.375000000000000,-37.329979999999999,180.000000000000000,0.000000000000000,125.000000000000000
12.268000,-2,-89.581999999999994,-18.375000000000000,-37.338320000000003,180.000000000000000,0.000000000000000,125.000000000000000
12.272000,-2,-89.581999999999994,-18.375000000000000,-37.346649999999997,180.000000000000000,0.000000000000000,125.000000000000000
12.276000,-2,-89.581999999999994,-18.375000000000000,-37.354979999999998,180.000000000000000,0.000000000000000,125.000000000000000
12.280000,-2,-89.581999999999994,-18.375000000000000,-37.363320000000002,180.000000000000000,0.000000000000000,125.000000000000000
12.284000,-2,-89.581999999999994,-18.375000000000000,-37.371650000000002,180.000000000000000,0.000000000000000,125.000000000000000
12.288000,-2,-89.581999999999994,-18.375000000000000,-37.379980000000003,180.000000000000000,0.000000000000000,125.000000000000000
12.292000,-2,-89.581999999999994,-18.375000000000000,-37.388320000000000,180.000000000000000,0.000000000000000,125.000000000000000
12.296000,-2,-89.581999999999994,-18.375000000000000,-37.396650000000001,180.000000000000000,0.000000000000000,125.000000000000000
12.300000,-2,-89.581999999999994,-18.375000000000000,-37.404980000000002,180.000000000000000,0.000000000000000,125.000000000000000
12.304000,-2,-89.581999999999994,-18.375000000000000,-37.413319999999999,180.000000000000000,0.000000000000000,125.000000000000000
12.308000,-2,-89.581999999999994,-18.375000000000000,-37.421650000000000,180.000000000000000,0.000000000000000,125.000000000000000
12.312000,-2,-89.581999999999994,-18.375000000000000,-37.429980000000000,180.000000000000000,0.000000000000000,125.000000000000000
12.316000,-2,-89.581999999999994,-18.375000000000000,-37.438319999999997,180.000000000000000,0.000000000000000,125.000000000000000
12.320000,-2,-89.581999999999994,-18.375000000000000,-37.446649999999998,180.000000000000000,0.000000000000000,125.000000000000000
12.324000,-2,-89.581999999999994,-18.375000000000000,-37.454979999999999,180.000000000000000,0.000000000000000,125.000000000000000
12.328000,-2,-89.581999999999994,-18.375000000000000,-37.463320000000003,180.000000000000000,0.000000000000000,125.000000000000000
12.332000,-2,-89.581999999999994,-18.375000000000000,-37.471649999999997,180.000000000000000,0.000000000000000,125.000000000000000
12.336000,-2,-89.581999999999994,-18.375000000000000,-37.479979999999998,180.000000000000000,0.000000000000000,125.000000000000000
12.340000,-2,-89.581999999999994,-18.375000000000000,-37.488320000000002,180.000000000000000,0.000000000000000,125.000000000000000
12.344000,-2,-89.581999999999994,-18.375000000000000,-37.496650000000002,180.000000000000000,0.000000000000000,125.000000000000000
12.348000,-2,-89.581999999999994,-18.375000000000000,-37.504980000000003,180.000000000000000,0.000000000000000,125.000000000000000
12.352000,-2,-89.581999999999994,-18.375000000000000,-37.513320000000000,180.000000000000000,0.000000000000000,125.000000000000000
12.356000,-2,-89.581999999999994,-18.375000000000000,-37.521650000000001,180.000000000000000,0.000000000000000,125.000000000000000
12.360000,-2,-89.581999999999994,-18.375000000000000,-37.529980000000002,180.000000000000000,0.000000000000000,125.000000000000000
12.364000,-2,-89.581999999999994,-18.375000000000000,-37.538319999999999,180.000000000000000,0.000000000000000,125.000000000000000
12.368000,-2,-89.581999999999994,-18.375000000000000,-37.546650000000000,180.000000000000000,0.000000000000000,125.000000000000000
12.372000,-2,-89.581999999999994,-18.375000000000000,-37.554980000000000,180.000000000000000,0.000000000000000,125.000000000000000
12.376000,-2,-89.581999999999994,-18.375000000000000,-37.563319999999997,180.000000000000000,0.000000000000000,125.000000000000000
12.380000,-2,-89.581999999999994,-18.375000000000000,-37.571649999999998,180.000000000000000,0.000000000000000,125.000000000000000
12.384000,-2,-89.581999999999994,-18.375000000000000,-37.579979999999999,180.000000000000000,0.000000000000000,125.000000000000000
12.388000,-2,-89.581999999999994,-18.375000000000000,-37.588320000000003,180.000000000000000,0.000000000000000,125.000000000000000
12.392000,-2,-89.581999999999994,-18.375000000000000,-37.596649999999997,180.000000000000000,0.000000000000000,125.000000000000000
12.396000,-2,-89.581999999999994,-18.375000000000000,-37.604979999999998,180.000000000000000,0.000000000000000,125.000000000000000
12.400000,-2,-89.581999999999994,-18.375000000000000,-37.613320000000002,180.000000000000000,0.000000000000000,125.000000000000000
12.404000,-2,-89.581999999999994,-18.375000000000000,-37.621650000000002,180.000000000000000,0.000000000000000,125.000000000000000
12.408000,-2,-89.581999999999994,-18.375000000000000,-37.629980000000003,180.000000000000000,0.000000000000000,125.000000000000000
12.412000,-2,-89.581999999999994,-18.375000000000000,-37.638320000000000,180.000000000000000,0.000000000000000,125.000000000000000
12.416000,-2,-89.581999999999994,-18.375000000000000,-37.646650000000001,180.000000000000000,0.000000000000000,125.000000000000000
12.420000,-2,-89.581999999999994,-18.375000000000000,-37.654980000000002,180.000000000000000,0.000000000000000,125.000000000000000
12.424000,-2,-89.581999999999994,-18.375000000000000,-37.663319999999999,180.000000000000000,0.000000000000000,125.000000000000000
12.428000,-2,-89.581999999999994,-18.375000000000000,-37.671650000000000,180.000000000000000,0.000000000000000,125.000000000000000
12.432000,-2,-89.581999999999994,-18.375000000000000,-37.679980000000000,180.000000000000000,0.000000000000000,125.000000000000000
12.436000,-2,-89.581999999999994,-18.375000000000000,-37.688319999999997,180.000000000000000,0.000000000000000,125.000000000000000
12.440000,-2,-89.581999999999994,-18.375000000000000,-37.696649999999998,180.000000000000000,0.000000000000000,125.000000000000000
12.444000,-2,-89.581999999999994,-18.375000000000000,-37.704979999999999,180.000000000000000,0.000000000000000,125.000000000000000
12.448000,-2,-89.581999999999994,-18.375000000000000,-37.713320000000003,180.000000000000000,0.000000000000000,125.000000000000000
12.452000,-2,-89.581999999999994,-18.375000000000000,-37.721649999999997,180.000000000000000,0.000000000000000,125.000000000000000
12.456000,-2,-89.581999999999994,-18.375000000000000,-37.729979999999998,180.000000000000000,0.000000000000000,125.000000000000000
12.460000,-2,-89.581999999999994,-18.375000000000000,-37.738320000000002,180.000000000000000,0.000000000000000,125.000000000000000
12.464000,-2,-89.581999999999994,-18.375000000000000,-37.746650000000002,180.000000000000000,0.000000000000000,125.000000000000000
12.468000,-2,-89.581999999999994,-18.375000000000000,-37.754980000000003,180.000000000000000,0.000000000000000,125.000000000000000
12.472000,-2,-89.581999999999994,-18.375000000000000,-37.763320000000000,180.000000000000000,0.000000000000000,125.000000000000000
12.476000,-2,-89.581999999999994,-18.375000000000000,-37.771650000000001,180.000000000000000,0.000000000000000,125.000000000000000
12.480000,-2,-89.581999999999994,-18.375000000000000,-37.779980000000002,180.000000000000000,0.000000000000000,125.000000000000000
12.484000,-2,-89.581999999999994,-18.375000000000000,-37.788319999999999,180.000000000000000,0.000000000000000,125.000000000000000
12.488000,-2,-89.581999999999994,-18.375000000000000,-37.796650000000000,180.000000000000000,0.000000000000000,125.000000000000000
12.492000,-2,-89.581999999999994,-18.375000000000000,-37.804980000000000,180.000000000000000,0.000000000000000,125.000000000000000
12.496000,-2,-89.581999999999994,-18.375000000000000,-37.813319999999997,180.000000000000000,0.000000000000000,125.000000000000000
12.500000,-2,-89.581999999999994,-18.375000000000000,-37.821649999999998,180.000000000000000,0.000000000000000,125.000000000000000
12.504000,-2,-89.581999999999994,-18.375000000000000,-37.829979999999999,180.000000000000000,0.000000000000000,125.000000000000000
12.508000,-2,-89.581999999999994,-18.375000000000000,-37.838320000000003,180.000000000000000,0.000000000000000,125.000000000000000
12.512000,-2,-89.581999999999994,-18.375000000000000,-37.846649999999997,180.000000000000000,0.000000000000000,125.000000000000000
12.516000,-2,-89.581999999999994,-18.375000000000000,-37.854979999999998,180.000000000000000,0.000000000000000,125.000000000000000
12.520000,-2,-89.581999999999994,-18.375000000000000,-37.863320000000002,180.000000000000000,0.000000000000000,125.000000000000000
12.524000,-2,-89.581999999999994,-18.375000000000000,-37.871650000000002,180.000000000000000,0.000000000000000,125.000000000000000
12.528000,-2,-89.581999999999994,-18.375000000000000,-37.879980000000003,180.000000000000000,0.000000000000000,125.000000000000000
12.532000,-2,-89.581999999999994,-18.375000000000000,-37.888320000000000,180.000000000000000,0.000000000000000,125.000000000000000
12.536000,-2,-89.581999999999994,-18.375000000000000,-37.896650000000001,180.000000000000000,0.000000000000000,125.000000000000000
12.540000,-2,-89.581999999999994,-18.375000000000000,-37.904980000000002,180.000000000000000,0.000000000000000,125.000000000000000
12.544000,-2,-89.581999999999994,-18.375000000000000,-37.913319999999999,180.000000000000000,0.000000000000000,125.000000000000000
12.548000,-2,-89.581999999999994,-18.375000000000000,-37.921650000000000,180.000000000000000,0.000000000000000,125.000000000000000
12.552000,-2,-89.581999999999994,-18.375000000000000,-37.929980000000000,180.000000000000000,0.000000000000000,125.000000000000000
12.556000,-2,-89.581999999999994,-18.375000000000000,-37.938319999999997,180.000000000000000,0.000000000000000,125.000000000000000
12.560000,-2,-89.581999999999994,-18.375000000000000,-37.946649999999998,180.000000000000000,0.000000000000000,125.000000000000000
12.564000,-2,-89.581999999999994,-18.375000000000000,-37.954979999999999,180.000000000000000,0.000000000000000,125.000000000000000
12.568000,-2,-89.581999999999994,-18.375000000000000,-37.963320000000003,180.000000000000000,0.000000000000000,125.000000000000000
12.572000,-2,-89.581999999999994,-18.375000000000000,-37.971649999999997,180.000000000000000,0.000000000000000,125.000000000000000
12.576000,-2,-89.581999999999994,-18.375000000000000,-37.979979999999998,180.000000000000000,0.000000000000000,125.000000000000000
12.580000,-2,-89.581999999999994,-18.375000000000000,-37.988320000000002,180.000000000000000,0.000000000000000,125.000000000000000
12.584000,-2,-89.581999999999994,-18.375000000000000,-37.996650000000002,180.000000000000000,0.000000000000000,125.000000000000000
12.588000,-2,-89.581999999999994,-18.375000000000000,-38.004980000000003,180.000000000000000,0.000000000000000,125.000000000000000
12.592000,-2,-89.581999999999994,-18.375000000000000,-38.013320000000000,180.000000000000000,0.000000000000000,125.000000000000000
12.596000,-2,-89.581999999999994,-18.375000000000000,-38.021650000000001,180.000000000000000,0.000000000000000,125.000000000000000
12.600000,-2,-89.581999999999994,-18.375000000000000,-38.029980000000002,180.000000000000000,0.000000000000000,125.000000000000000
12.604000,-2,-89.581999999999994,-18.375000000000000,-38.038319999999999,180.000000000000000,0.000000000000000,125.000000000000000
12.608000,-2,-89.581999999999994,-18.375000000000000,-38.046650000000000,180.000000000000000,0.000000000000000,125.000000000000000
12.612000,-2,-89.581999999999994,-18.375000000000000,-38.054980000000000,180.000000000000000,0.000000000000000,125.000000000000000
12.616000,-2,-89.581999999999994,-18.375000000000000,-38.063319999999997,180.000000000000000,0.000000000000000,125.000000000000000
12.620000,-2,-89.581999999999994,-18.375000000000000,-38.071649999999998,180.000000000000000,0.000000000000000,125.000000000000000
12.624000,-2,-89.581999999999994,-18.375000000000000,-38.079979999999999,180.000000000000000,0.000000000000000,125.000000000000000
12.628000,-2,-89.581999999999994,-18.375000000000000,-38.088320000000003,180.000000000000000,0.000000000000000,125.000000000000000
12.632000,-2,-89.581999999999994,-18.375000000000000,-38.096649999999997,180.000000000000000,0.000000000000000,125.000000000000000
12.636000,-2,-89.581999999999994,-18.375000000000000,-38.104979999999998,180.000000000000000,0.000000000000000,125.000000000000000
12.640000,-2,-89.581999999999994,-18.375000000000000,-38.113320000000002,180.000000000000000,0.000000000000000,125.000000000000000
12.644000,-2,-89.581999999999994,-18.375000000000000,-38.121650000000002,180.000000000000000,0.000000000000000,125.000000000000000
12.648000,-2,-89.581999999999994,-18.375000000000000,-38.129980000000003,180.000000000000000,0.000000000000000,125.000000000000000
12.652000,-2,-89.581999999999994,-18.375000000000000,-38.138320000000000,180.000000000000000,0.000000000000000,125.000000000000000
12.656000,-2,-89.581999999999994,-18.375000000000000,-38.146650000000001,180.000000000000000,0.000000000000000,125.000000000000000
12.660000,-2,-89.581999999999994,-18.375000000000000,-38.154980000000002,180.000000000000000,0.000000000000000,125.000000000000000
12.664000,-2,-89.581999999999994,-18.375000000000000,-38.163319999999999,180.000000000000000,0.000000000000000,125.000000000000000
12.668000,-2,-89.581999999999994,-18.375000000000000,-38.171650000000000,180.000000000000000,0.000000000000000,125.000000000000000
12.672000,-2,-89.581999999999994,-18.375000000000000,-38.179980000000000,180.000000000000000,0.000000000000000,125.000000000000000
12.676000,-2,-89.581999999999994,-18.375000000000000,-38.188319999999997,180.000000000000000,0.000000000000000,125.000000000000000
12.680000,-2,-89.581999999999994,-18.375000000000000,-38.196649999999998,180.000000000000000,0.000000000000000,125.000000000000000
12.684000,-2,-89.581999999999994,-18.375000000000000,-38.204979999999999,180.000000000000000,0.000000000000000,125.000000000000000
12.688000,-2,-89.581999999999994,-18.375000000000000,-38.213320000000003,180.000000000000000,0.000000000000000,125.000000000000000
12.692000,-2,-89.581999999999994,-18.375000000000000,-38.221649999999997,180.000000000000000,0.000000000000000,125.000000000000000
12.696000,-2,-89.581999999999994,-18.375000000000000,-38.229979999999998,180.000000000000000,0.000000000000000,125.000000000000000
12.700000,-2,-89.581999999999994,-18.375000000000000,-38.238320000000002,180.000000000000000,0.000000000000000,125.000000000000000
12.704000,-2,-89.581999999999994,-18.375000000000000,-38.246650000000002,180.000000000000000,0.000000000000000,125.000000000000000
12.708000,-2,-89.581999999999994,-18.375000000000000,-38.254980000000003,180.000000000000000,0.000000000000000,125.000000000000000
12.712000,-2,-89.581999999999994,-18.375000000000000,-38.263320000000000,180.000000000000000,0.000000000000000,125.000000000000000
12.716000,-2,-89.581999999999994,-18.375000000000000,-38.271650000000001,180.000000000000000,0.000000000000000,125.000000000000000
12.720000,-2,-89.581999999999994,-18.375000000000000,-38.279980000000002,180.000000000000000,0.000000000000000,125.000000000000000
12.724000,-2,-89.581999999999994,-18.375000000000000,-38.288319999999999,180.000000000000000,0.000000000000000,125.000000000000000
12.728000,-2,-89.581999999999994,-18.375000000000000,-38.296650000000000,180.000000000000000,0.000000000000000,125.000000000000000
12.732000,-2,-89.581999999999994,-18.375000000000000,-38.304980000000000,180.000000000000000,0.000000000000000,125.000000000000000
12.736000,-2,-89.581999999999994,-18.375000000000000,-38.313319999999997,180.000000000000000,0.000000000000000,125.000000000000000
12.740000,-2,-89.581999999999994,-18.375000000000000,-38.321649999999998,180.000000000000000,0.000000000000000,125.000000000000000
12.744000,-2,-89.581999999999994,-18.375000000000000,-38.329979999999999,180.000000000000000,0.000000000000000,125.000000000000000
12.748000,-2,-89.581999999999994,-18.375000000000000,-38.338320000000003,180.000000000000000,0.000000000000000,125.000000000000000
12.752000,-2,-89.581999999999994,-18.375000000000000,-38.346649999999997,180.000000000000000,0.000000000000000,125.000000000000000
12.756000,-2,-89.581999999999994,-18.375000000000000,-38.354979999999998,180.000000000000000,0.000000000000000,125.000000000000000
12.760000,-2,-89.581999999999994,-18.375000000000000,-38.363320000000002,180.000000000000000,0.000000000000000,125.000000000000000
12.764000,-2,-89.581999999999994,-18.375000000000000,-38.371650000000002,180.000000000000000,0.000000000000000,125.000000000000000
12.768000,-2,-89.581999999999994,-18.375000000000000,-38.379980000000003,180.000000000000000,0.000000000000000,125.000000000000000
12.772000,-2,-89.581999999999994,-18.375000000000000,-38.388320000000000,180.000000000000000,0.000000000000000,125.000000000000000
12.776000,-2,-89.581999999999994,-18.375000000000000,-38.396650000000001,180.000000000000000,0.000000000000000,125.000000000000000
12.780000,-2,-89.581999999999994,-18.375000000000000,-38.404980000000002,180.000000000000000,0.000000000000000,125.000000000000000
12.784000,-2,-89.581999999999994,-18.375000000000000,-38.413319999999999,180.000000000000000,0.000000000000000,125.000000000000000
12.788000,-2,-89.581999999999994,-18.375000000000000,-38.421650000000000,180.000000000000000,0.000000000000000,125.000000000000000
12.792000,-2,-89.581999999999994,-18.375000000000000,-38.429980000000000,180.000000000000000,0.000000000000000,125.000000000000000
12.796000,-2,-89.581999999999994,-18.375000000000000,-38.438319999999997,180.000000000000000,0.000000000000000,125.000000000000000
12.800000,-2,-89.581999999999994,-18.375000000000000,-38.446649999999998,180.000000000000000,0.000000000000000,125.000000000000000
12.804000,-2,-89.581999999999994,-18.375000000000000,-38.454979999999999,180.000000000000000,0.000000000000000,125.000000000000000
12.808000,-2,-89.581999999999994,-18.375000000000000,-38.463320000000003,180.000000000000000,0.000000000000000,125.000000000000000
12.812000,-2,-89.581999999999994,-18.375000000000000,-38.471649999999997,180.000000000000000,0.000000000000000,125.000000000000000
12.816000,-2,-89.581999999999994,-18.375000000000000,-38.479979999999998,180.000000000000000,0.000000000000000,125.000000000000000
12.820000,-2,-89.581999999999994,-18.375000000000000,-38.488320000000002,180.000000000000000,0.000000000000000,125.000000000000000
12.824000,-2,-89.581999999999994,-18.375000000000000,-38.496650000000002,180.000000000000000,0.000000000000000,125.000000000000000
12.828000,-2,-89.581999999999994,-18.375000000000000,-38.504980000000003,180.000000000000000,0.000000000000000,125.000000000000000
12.832000,-2,-89.581999999999994,-18.375000000000000,-38.513320000000000,180.000000000000000,0.000000000000000,125.000000000000000
12.836000,-2,-89.581999999999994,-18.375000000000000,-38.521650000000001,180.000000000000000,0.000000000000000,125.000000000000000
12.840000,-2,-89.581999999999994,-18.375000000000000,-38.529980000000002,180.000000000000000,0.000000000000000,125.000000000000000
12.844000,-2,-89.581999999999994,-18.375000000000000,-38.538319999999999,180.000000000000000,0.000000000000000,125.000000000000000
12.848000,-2,-89.581999999999994,-18.375000000000000,-38.546650000000000,180.000000000000000,0.000000000000000,125.000000000000000
12.852000,-2,-89.581999999999994,-18.375000000000000,-38.554980000000000,180.000000000000000,0.000000000000000,125.000000000000000
12.856000,-2,-89.581999999999994,-18.375000000000000,-38.563319999999997,180.000000000000000,0.000000000000000,125.000000000000000
12.860000,-2,-89.581999999999994,-18.375000000000000,-38.571649999999998,180.000000000000000,0.000000000000000,125.000000000000000
12.864000,-2,-89.581999999999994,-18.375000000000000,-38.579979999999999,180.000000000000000,0.000000000000000,125.000000000000000
12.868000,-2,-89.581999999999994,-18.375000000000000,-38.588320000000003,180.000000000000000,0.000000000000000,125.000000000000000
12.872000,-2,-89.581999999999994,-18.375000000000000,-38.596649999999997,180.000000000000000,0.000000000000000,125.000000000000000
12.876000,-2,-89.581999999999994,-18.375000000000000,-38.604979999999998,180.000000000000000,0.000000000000000,125.000000000000000
12.880000,-2,-89.581999999999994,-18.375000000000000,-38.613320000000002,180.000000000000000,0.000000000000000,125.000000000000000
12.884000,-2,-89.581999999999994,-18.375000000000000,-38.621650000000002,180.000000000000000,0.000000000000000,125.000000000000000
12.888000,-2,-89.581999999999994,-18.375000000000000,-38.629980000000003,180.000000000000000,0.000000000000000,125.000000000000000
12.892000,-2,-89.581999999999994,-18.375000000000000,-38.638320000000000,180.000000000000000,0.000000000000000,125.000000000000000
12.896000,-2,-89.581999999999994,-18.375000000000000,-38.646650000000001,180.000000000000000,0.000000000000000,125.000000000000000
12.900000,-2,-89.581999999999994,-18.375000000000000,-38.654980000000002,180.000000000000000,0.000000000000000,125.000000000000000
12.904000,-2,-89.581999999999994,-18.375000000000000,-38.663319999999999,180.000000000000000,0.000000000000000,125.000000000000000
12.908000,-2,-89.581999999999994,-18.375000000000000,-38.671650000000000,180.000000000000000,0.000000000000000,125.000000000000000
12.912000,-2,-89.581999999999994,-18.375000000000000,-38.679980000000000,180.000000000000000,0.000000000000000,125.000000000000000
12.916000,-2,-89.581999999999994,-18.375000000000000,-38.688319999999997,180.000000000000000,0.000000000000000,125.000000000000000
12.920000,-2,-89.581999999999994,-18.375000000000000,-38.696649999999998,180.000000000000000,0.000000000000000,125.000000000000000
12.924000,-2,-89.581999999999994,-18.375000000000000,-38.704979999999999,180.000000000000000,0.000000000000000,125.000000000000000
12.928000,-2,-89.581999999999994,-18.375000000000000,-38.713320000000003,180.000000000000000,0.000000000000000,125.000000000000000
12.932000,-2,-89.581999999999994,-18.375000000000000,-38.721649999999997,180.000000000000000,0.000000000000000,125.000000000000000
12.936000,-2,-89.581999999999994,-18.375000000000000,-38.729979999999998,180.000000000000000,0.000000000000000,125.000000000000000
12.940000,-2,-89.581999999999994,-18.375000000000000,-38.738320000000002,180.000000000000000,0.000000000000000,125.000000000000000
12.944000,-2,-89.581999999999994,-18.375000000000000,-38.746650000000002,180.000000000000000,0.000000000000000,125.000000000000000
12.948000,-2,-89.581999999999994,-18.375000000000000,-38.754980000000003,180.000000000000000,0.000000000000000,125.000000000000000
12.952000,-2,-89.581999999999994,-18.375000000000000,-38.763320000000000,180.000000000000000,0.000000000000000,125.000000000000000
12.956000,-2,-89.581999999999994,-18.375000000000000,-38.771650000000001,180.000000000000000,0.000000000000000,125.000000000000000
12.960000,-2,-89.581999999999994,-18.375000000000000,-38.779980000000002,180.000000000000000,0.000000000000000,125.000000000000000
12.964000,-2,-89.581999999999994,-18.375000000000000,-38.788319999999999,180.000000000000000,0.000000000000000,125.000000000000000
12.968000,-2,-89.581999999999994,-18.375000000000000,-38.796650000000000,180.000000000000000,0.000000000000000,125.000000000000000
12.972000,-2,-89.581999999999994,-18.375000000000000,-38.804980000000000,180.000000000000000,0.000000000000000,125.000000000000000
12.976000,-2,-89.581999999999994,-18.375000000000000,-38.813319999999997,180.000000000000000,0.000000000000000,125.000000000000000
12.980000,-2,-89.581999999999994,-18.375000000000000,-38.821649999999998,180.000000000000000,0.000000000000000,125.000000000000000
12.984000,-2,-89.581999999999994,-18.375000000000000,-38.829979999999999,180.000000000000000,0.000000000000000,125.000000000000000
12.988000,-2,-89.581999999999994,-18.375000000000000,-38.838320000000003,180.000000000000000,0.000000000000000,125.000000000000000
12.992000,-2,-89.581999999999994,-18.375000000000000,-38.846649999999997,180.000000000000000,0.000000000000000,125.000000000000000
12.996000,-2,-89.581999999999994,-18.375000000000000,-38.854979999999998,180.000000000000000,0.000000000000000,125.000000000000000
13.000000,-2,-89.581999999999994,-18.375000000000000,-38.863320000000002,180.000000000000000,0.000000000000000,125.000000000000000
13.004000,-2,-89.581999999999994,-18.375000000000000,-38.871650000000002,180.000000000000000,0.000000000000000,125.000000000000000
13.008000,-2,-89.581999999999994,-18.375000000000000,-38.879980000000003,180.000000000000000,0.000000000000000,125.000000000000000
13.012000,-2,-89.581999999999994,-18.375000000000000,-38.888320000000000,180.000000000000000,0.000000000000000,125.000000000000000
13.016000,-2,-89.581999999999994,-18.375000000000000,-38.896650000000001,180.000000000000000,0.000000000000000,125.000000000000000
13.020000,-2,-89.581999999999994,-18.375000000000000,-38.904980000000002,180.000000000000000,0.000000000000000,125.000000000000000
13.024000,-2,-89.581999999999994,-18.375000000000000,-38.913319999999999,180.000000000000000,0.000000000000000,125.000000000000000
13.028000,-2,-89.581999999999994,-18.375000000000000,-38.921650000000000,180.000000000000000,0.000000000000000,125.000000000000000
13.032000,-2,-89.581999999999994,-18.375000000000000,-38.929980000000000,180.000000000000000,0.000000000000000,125.000000000000000
13.036000,-2,-89.581999999999994,-18.375000000000000,-38.938319999999997,180.000000000000000,0.000000000000000,125.000000000000000
13.040000,-2,-89.581999999999994,-18.375000000000000,-38.946649999999998,180.000000000000000,0.000000000000000,125.000000000000000
13.044000,-2,-89.581999999999994,-18.375000000000000,-38.954979999999999,180.000000000000000,0.000000000000000,125.000000000000000
13.048000,-2,-89.581999999999994,-18.375000000000000,-38.963320000000003,180.000000000000000,0.000000000000000,125.000000000000000
13.052000,-2,-89.581999999999994,-18.375000000000000,-38.971649999999997,180.000000000000000,0.000000000000000,125.000000000000000
13.056000,-2,-89.581999999999994,-18.375000000000000,-38.979979999999998,180.000000000000000,0.000000000000000,125.000000000000000
13.060000,-2,-89.581999999999994,-18.375000000000000,-38.988320000000002,180.000000000000000,0.000000000000000,125.000000000000000
13.064000,-2,-89.581999999999994,-18.375000000000000,-38.996650000000002,180.000000000000000,0.000000000000000,125.000000000000000
13.068000,-2,-89.581999999999994,-18.375000000000000,-39.004980000000003,180.000000000000000,0.000000000000000,125.000000000000000
13.072000,-2,-89.581999999999994,-18.375000000000000,-39.013320000000000,180.000000000000000,0.000000000000000,125.000000000000000
13.076000,-2,-89.581999999999994,-18.375000000000000,-39.021650000000001,180.000000000000000,0.000000000000000,125.000000000000000
13.080000,-2,-89.581999999999994,-18.375000000000000,-39.029980000000002,180.000000000000000,0.000000000000000,125.000000000000000
13.084000,-2,-89.581999999999994,-18.375000000000000,-39.038319999999999,180.000000000000000,0.000000000000000,125.000000000000000
13.088000,-2,-89.581999999999994,-18.375000000000000,-39.046650000000000,180.000000000000000,0.000000000000000,125.000000000000000
13.092000,-2,-89.581999999999994,-18.375000000000000,-39.054980000000000,180.000000000000000,0.000000000000000,125.000000000000000
13.096000,-2,-89.581999999999994,-18.375000000000000,-39.063319999999997,180.000000000000000,0.000000000000000,125.000000000000000
13.100000,-2,-89.581999999999994,-18.375000000000000,-39.071649999999998,180.000000000000000,0.000000000000000,125.000000000000000
13.104000,-2,-89.581999999999994,-18.375000000000000,-39.079979999999999,180.000000000000000,0.000000000000000,125.000000000000000
13.108000,-2,-89.581999999999994,-18.375000000000000,-39.088320000000003,180.000000000000000,0.000000000000000,125.000000000000000
13.112000,-2,-89.581999999999994,-18.375000000000000,-39.096649999999997,180.000000000000000,0.000000000000000,125.000000000000000
13.116000,-2,-89.581999999999994,-18.375000000000000,-39.104979999999998,180.000000000000000,0.000000000000000,125.000000000000000
13.120000,-2,-89.581999999999994,-18.375000000000000,-39.113320000000002,180.000000000000000,0.000000000000000,125.000000000000000
13.124000,-2,-89.581999999999994,-18.375000000000000,-39.121650000000002,180.000000000000000,0.000000000000000,125.000000000000000
13.128000,-2,-89.581999999999994,-18.375000000000000,-39.129980000000003,180.000000000000000,0.000000000000000,125.000000000000000
13.132000,-2,-89.581999999999994,-18.375000000000000,-39.138320000000000,180.000000000000000,0.000000000000000,125.000000000000000
13.136000,-2,-89.581999999999994,-18.375000000000000,-39.146650000000001,180.000000000000000,0.000000000000000,125.000000000000000
13.140000,-2,-89.581999999999994,-18.375000000000000,-39.154980000000002,180.000000000000000,0.000000000000000,125.000000000000000
13.144000,-2,-89.581999999999994,-18.375000000000000,-39.163319999999999,180.000000000000000,0.000000000000000,125.000000000000000
13.148000,-2,-89.581999999999994,-18.375000000000000,-39.171650000000000,180.000000000000000,0.000000000000000,125.000000000000000
13.152000,-2,-89.581999999999994,-18.375000000000000,-39.179980000000000,180.000000000000000,0.000000000000000,125.000000000000000
13.156000,-2,-89.581999999999994,-18.375000000000000,-39.188319999999997,180.000000000000000,0.000000000000000,125.000000000000000
13.160000,-2,-89.581999999999994,-18.375000000000000,-39.196649999999998,180.000000000000000,0.000000000000000,125.000000000000000
13.164000,-2,-89.581999999999994,-18.375000000000000,-39.204979999999999,180.000000000000000,0.000000000000000,125.000000000000000
13.168000,-2,-89.581999999999994,-18.375000000000000,-39.213320000000003,180.000000000000000,0.000000000000000,125.000000000000000
13.172000,-2,-89.581999999999994,-18.375000000000000,-39.221649999999997,180.000000000000000,0.000000000000000,125.000000000000000
13.176000,-2,-89.581999999999994,-18.375000000000000,-39.229979999999998,180.000000000000000,0.000000000000000,125.000000000000000
13.180000,-2,-89.581999999999994,-18.375000000000000,-39.238320000000002,180.000000000000000,0.000000000000000,125.000000000000000
13.184000,-2,-89.581999999999994,-18.375000000000000,-39.246650000000002,180.000000000000000,0.000000000000000,125.000000000000000
13.188000,-2,-89.581999999999994,-18.375000000000000,-39.254980000000003,180.000000000000000,0.000000000000000,125.000000000000000
13.192000,-2,-89.581999999999994,-18.375000000000000,-39.263320000000000,180.000000000000000,0.000000000000000,125.000000000000000
13.196000,-2,-89.581999999999994,-18.375000000000000,-39.271650000000001,180.000000000000000,0.000000000000000,125.000000000000000
13.200000,-2,-89.581999999999994,-18.375000000000000,-39.279980000000002,180.000000000000000,0.000000000000000,125.000000000000000
13.204000,-2,-89.581999999999994,-18.375000000000000,-39.288319999999999,180.000000000000000,0.000000000000000,125.000000000000000
13.208000,-2,-89.581999999999994,-18.375000000000000,-39.296650000000000,180.000000000000000,0.000000000000000,125.000000000000000
13.212000,-2,-89.581999999999994,-18.375000000000000,-39.304980000000000,180.000000000000000,0.000000000000000,125.000000000000000
13.216000,-2,-89.581999999999994,-18.375000000000000,-39.313319999999997,180.000000000000000,0.000000000000000,125.000000000000000
13.220000,-2,-89.581999999999994,-18.375000000000000,-39.321649999999998,180.000000000000000,0.000000000000000,125.000000000000000
13.224000,-2,-89.581999999999994,-18.375000000000000,-39.329979999999999,180.000000000000000,0.000000000000000,125.000000000000000
13.228000,-2,-89.581999999999994,-18.375000000000000,-39.338320000000003,180.000000000000000,0.000000000000000,125.000000000000000
13.232000,-2,-89.581999999999994,-18.375000000000000,-39.346649999999997,180.000000000000000,0.000000000000000,125.000000000000000
13.236000,-2,-89.581999999999994,-18.375000000000000,-39.354979999999998,180.000000000000000,0.000000000000000,125.000000000000000
13.240000,-2,-89.581999999999994,-18.375000000000000,-39.363320000000002,180.000000000000000,0.000000000000000,125.000000000000000
13.244000,-2,-89.581999999999994,-18.375000000000000,-39.371650000000002,180.000000000000000,0.000000000000000,125.000000000000000
13.248000,-2,-89.581999999999994,-18.375000000000000,-39.379980000000003,180.000000000000000,0.000000000000000,125.000000000000000
13.252000,-2,-89.581999999999994,-18.375000000000000,-39.388320000000000,180.000000000000000,0.000000000000000,125.000000000000000
13.256000,-2,-89.581999999999994,-18.375000000000000,-39.396650000000001,180.000000000000000,0.000000000000000,125.000000000000000
13.260000,-2,-89.581999999999994,-18.375000000000000,-39.404980000000002,180.000000000000000,0.000000000000000,125.000000000000000
13.264000,-2,-89.581999999999994,-18.375000000000000,-39.413319999999999,180.000000000000000,0.000000000000000,125.000000000000000
13.268000,-2,-89.581999999999994,-18.375000000000000,-39.421650000000000,180.000000000000000,0.000000000000000,125.000000000000000
13.272000,-2,-89.581999999999994,-18.375000000000000,-39.429980000000000,180.000000000000000,0.000000000000000,125.000000000000000
13.276000,-2,-89.581999999999994,-18.375000000000000,-39.438319999999997,180.000000000000000,0.000000000000000,125.000000000000000
13.280000,-2,-89.581999999999994,-18.375000000000000,-39.446649999999998,180.000000000000000,0.000000000000000,125.000000000000000
13.284000,-2,-89.581999999999994,-18.375000000000000,-39.454979999999999,180.000000000000000,0.000000000000000,125.000000000000000
13.288000,-2,-89.581999999999994,-18.375000000000000,-39.463320000000003,180.000000000000000,0.000000000000000,125.000000000000000
13.292000,-2,-89.581999999999994,-18.375000000000000,-39.471649999999997,180.000000000000000,0.000000000000000,125.000000000000000
13.296000,-2,-89.581999999999994,-18.375000000000000,-39.479979999999998,180.000000000000000,0.000000000000000,125.000000000000000
13.300000,-2,-89.581999999999994,-18.375000000000000,-39.488320000000002,180.000000000000000,0.000000000000000,125.000000000000000
13.304000,-2,-89.581999999999994,-18.375000000000000,-39.496650000000002,180.000000000000000,0.000000000000000,125.000000000000000
13.308000,-2,-89.581999999999994,-18.375000000000000,-39.504980000000003,180.000000000000000,0.000000000000000,125.000000000000000
13.312000,-2,-89.581999999999994,-18.375000000000000,-39.513320000000000,180.000000000000000,0.000000000000000,125.000000000000000
13.316000,-2,-89.581999999999994,-18.375000000000000,-39.521650000000001,180.000000000000000,0.000000000000000,125.000000000000000
13.320000,-2,-89.581999999999994,-18.375000000000000,-39.529980000000002,180.000000000000000,0.000000000000000,125.000000000000000
13.324000,-2,-89.581999999999994,-18.375000000000000,-39.538319999999999,180.000000000000000,0.000000000000000,125.000000000000000
13.328000,-2,-89.581999999999994,-18.375000000000000,-39.546650000000000,180.000000000000000,0.000000000000000,125.000000000000000
13.332000,-2,-89.581999999999994,-18.375000000000000,-39.554980000000000,180.000000000000000,0.000000000000000,125.000000000000000
13.336000,-2,-89.581999999999994,-18.375000000000000,-39.563319999999997,180.000000000000000,0.000000000000000,125.000000000000000
13.340000,-2,-89.581999999999994,-18.375000000000000,-39.571649999999998,180.000000000000000,0.000000000000000,125.000000000000000
13.344000,-2,-89.581999999999994,-18.375000000000000,-39.579979999999999,180.000000000000000,0.000000000000000,125.000000000000000
13.348000,-2,-89.581999999999994,-18.375000000000000,-39.588320000000003,180.000000000000000,0.000000000000000,125.000000000000000
13.352000,-2,-89.581999999999994,-18.375000000000000,-39.596649999999997,180.000000000000000,0.000000000000000,125.000000000000000
13.356000,-2,-89.581999999999994,-18.375000000000000,-39.604979999999998,180.000000000000000,0.000000000000000,125.000000000000000
13.360000,-2,-89.581999999999994,-18.375000000000000,-39.613320000000002,180.000000000000000,0.000000000000000,125.000000000000000
13.364000,-2,-89.581999999999994,-18.375000000000000,-39.621650000000002,180.000000000000000,0.000000000000000,125.000000000000000
13.368000,-2,-89.581999999999994,-18.375000000000000,-39.629980000000003,180.000000000000000,0.000000000000000,125.000000000000000
13.372000,-2,-89.581999999999994,-18.375000000000000,-39.638320000000000,180.000000000000000,0.000000000000000,125.000000000000000
13.376000,-2,-89.581999999999994,-18.375000000000000,-39.646650000000001,180.000000000000000,0.000000000000000,125.000000000000000
13.380000,-2,-89.581999999999994,-18.375000000000000,-39.654980000000002,180.000000000000000,0.000000000000000,125.000000000000000
13.384000,-2,-89.581999999999994,-18.375000000000000,-39.663319999999999,180.000000000000000,0.000000000000000,125.000000000000000
13.388000,-2,-89.581999999999994,-18.375000000000000,-39.671650000000000,180.000000000000000,0.000000000000000,125.000000000000000
13.392000,-2,-89.581999999999994,-18.375000000000000,-39.679980000000000,180.000000000000000,0.000000000000000,125.000000000000000
13.396000,-2,-89.581999999999994,-18.375000000000000,-39.688319999999997,180.000000000000000,0.000000000000000,125.000000000000000
13.400000,-2,-89.581999999999994,-18.375000000000000,-39.696649999999998,180.000000000000000,0.000000000000000,125.000000000000000
13.404000,-2,-89.581999999999994,-18.375000000000000,-39.704979999999999,180.000000000000000,0.000000000000000,125.000000000000000
13.408000,-2,-89.581999999999994,-18.375000000000000,-39.713320000000003,180.000000000000000,0.000000000000000,125.000000000000000
13.412000,-2,-89.581999999999994,-18.375000000000000,-39.721649999999997,180.000000000000000,0.000000000000000,125.000000000000000
13.416000,-2,-89.581999999999994,-18.375000000000000,-39.729979999999998,180.000000000000000,0.000000000000000,125.000000000000000
13.420000,-2,-89.581999999999994,-18.375000000000000,-39.738320000000002,180.000000000000000,0.000000000000000,125.000000000000000
13.424000,-2,-89.581999999999994,-18.375000000000000,-39.746650000000002,180.000000000000000,0.000000000000000,125.000000000000000
13.428000,-2,-89.581999999999994,-18.375000000000000,-39.754980000000003,180.000000000000000,0.000000000000000,125.000000000000000
13.432000,-2,-89.581999999999994,-18.375000000000000,-39.763320000000000,180.000000000000000,0.000000000000000,125.000000000000000
13.436000,-2,-89.581999999999994,-18.375000000000000,-39.771650000000001,180.000000000000000,0.000000000000000,125.000000000000000
13.440000,-2,-89.581999999999994,-18.375000000000000,-39.779980000000002,180.000000000000000,0.000000000000000,125.000000000000000
13.444000,-2,-89.581999999999994,-18.375000000000000,-39.788319999999999,180.000000000000000,0.000000000000000,125.000000000000000
13.448000,-2,-89.581999999999994,-18.375000000000000,-39.796650000000000,180.000000000000000,0.000000000000000,125.000000000000000
13.452000,-2,-89.581999999999994,-18.375000000000000,-39.804980000000000,180.000000000000000,0.000000000000000,125.000000000000000
13.456000,-2,-89.581999999999994,-18.375000000000000,-39.813319999999997,180.000000000000000,0.000000000000000,125.000000000000000
13.460000,-2,-89.581999999999994,-18.375000000000000,-39.821649999999998,180.000000000000000,0.000000000000000,125.000000000000000
13.464000,-2,-89.581999999999994,-18.375000000000000,-39.829979999999999,180.000000000000000,0.000000000000000,125.000000000000000
13.468000,-2,-89.581999999999994,-18.375000000000000,-39.838320000000003,180.000000000000000,0.000000000000000,125.000000000000000
13.472000,-2,-89.581999999999994,-18.375000000000000,-39.846649999999997,180.000000000000000,0.000000000000000,125.000000000000000
13.476000,-2,-89.581999999999994,-18.375000000000000,-39.854979999999998,180.000000000000000,0.000000000000000,125.000000000000000
13.480000,-2,-89.581999999999994,-18.375000000000000,-39.863320000000002,180.000000000000000,0.000000000000000,125.000000000000000
13.484000,-2,-89.581999999999994,-18.375000000000000,-39.871650000000002,180.000000000000000,0.000000000000000,125.000000000000000
13.488000,-2,-89.581999999999994,-18.375000000000000,-39.879980000000003,180.000000000000000,0.000000000000000,125.000000000000000
13.492000,-2,-89.581999999999994,-18.375000000000000,-39.888320000000000,180.000000000000000,0.000000000000000,125.000000000000000
13.496000,-2,-89.581999999999994,-18.375000000000000,-39.896650000000001,180.000000000000000,0.000000000000000,125.000000000000000
13.500000,-2,-89.581999999999994,-18.375000000000000,-39.904980000000002,180.000000000000000,0.000000000000000,125.000000000000000
13.504000,-2,-89.581999999999994,-18.375000000000000,-39.913319999999999,180.000000000000000,0.000000000000000,125.000000000000000
13.508000,-2,-89.581999999999994,-18.375000000000000,-39.921650000000000,180.000000000000000,0.000000000000000,125.000000000000000
13.512000,-2,-89.581999999999994,-18.375000000000000,-39.929980000000000,180.000000000000000,0.000000000000000,125.000000000000000
13.516000,-2,-89.581999999999994,-18.375000000000000,-39.938319999999997,180.000000000000000,0.000000000000000,125.000000000000000
13.520000,-2,-89.581999999999994,-18.375000000000000,-39.946649999999998,180.000000000000000,0.000000000000000,125.000000000000000
13.524000,-2,-89.581999999999994,-18.375000000000000,-39.954979999999999,180.000000000000000,0.000000000000000,125.000000000000000
13.528000,-2,-89.581999999999994,-18.375000000000000,-39.963320000000003,180.000000000000000,0.000000000000000,125.000000000000000
13.532000,-2,-89.581999999999994,-18.375000000000000,-39.971649999999997,180.000000000000000,0.000000000000000,125.000000000000000
13.536000,-2,-89.581999999999994,-18.375000000000000,-39.979979999999998,180.000000000000000,0.000000000000000,125.000000000000000
13.540000,-2,-89.581999999999994,-18.375000000000000,-39.988320000000002,180.000000000000000,0.000000000000000,125.000000000000000
13.544000,-2,-89.581999999999994,-18.375000000000000,-39.996650000000002,180.000000000000000,0.000000000000000,125.000000000000000
13.548000,-2,-89.581999999999994,-18.375000000000000,-40.004980000000003,180.000000000000000,0.000000000000000,125.000000000000000
13.552000,-2,-89.581999999999994,-18.375000000000000,-40.013320000000000,180.000000000000000,0.000000000000000,125.000000000000000
13.556000,-2,-89.581999999999994,-18.375000000000000,-40.021650000000001,180.000000000000000,0.000000000000000,125.000000000000000
13.560000,-2,-89.581999999999994,-18.375000000000000,-40.029980000000002,180.000000000000000,0.000000000000000,125.000000000000000
13.564000,-2,-89.581999999999994,-18.375000000000000,-40.038319999999999,180.000000000000000,0.000000000000000,125.000000000000000
13.568000,-2,-89.581999999999994,-18.375000000000000,-40.046650000000000,180.000000000000000,0.000000000000000,125.000000000000000
13.572000,-2,-89.581999999999994,-18.375000000000000,-40.054980000000000,180.000000000000000,0.000000000000000,125.000000000000000
13.576000,-2,-89.581999999999994,-18.375000000000000,-40.063319999999997,180.000000000000000,0.000000000000000,125.000000000000000
13.580000,-2,-89.581999999999994,-18.375000000000000,-40.071649999999998,180.000000000000000,0.000000000000000,125.000000000000000
13.584000,-2,-89.581999999999994,-18.375000000000000,-40.079979999999999,180.000000000000000,0.000000000000000,125.000000000000000
13.588000,-2,-89.581999999999994,-18.375000000000000,-40.088320000000003,180.000000000000000,0.000000000000000,125.000000000000000
13.592000,-2,-89.581999999999994,-18.375000000000000,-40.096649999999997,180.000000000000000,0.000000000000000,125.000000000000000
13.596000,-2,-89.581999999999994,-18.375000000000000,-40.104979999999998,180.000000000000000,0.000000000000000,125.000000000000000
13.600000,-2,-89.581999999999994,-18.375000000000000,-40.113320000000002,180.000000000000000,0.000000000000000,125.000000000000000
13.604000,-2,-89.581999999999994,-18.375000000000000,-40.121650000000002,180.000000000000000,0.000000000000000,125.000000000000000
13.608000,-2,-89.581999999999994,-18.375000000000000,-40.129980000000003,180.000000000000000,0.000000000000000,125.000000000000000
13.612000,-2,-89.581999999999994,-18.375000000000000,-40.138320000000000,180.000000000000000,0.000000000000000,125.000000000000000
13.616000,-2,-89.581999999999994,-18.375000000000000,-40.146650000000001,180.000000000000000,0.000000000000000,125.000000000000000
13.620000,-2,-89.581999999999994,-18.375000000000000,-40.154980000000002,180.000000000000000,0.000000000000000,125.000000000000000
13.624000,-2,-89.581999999999994,-18.375000000000000,-40.163319999999999,180.000000000000000,0.000000000000000,125.000000000000000
13.628000,-2,-89.581999999999994,-18.375000000000000,-40.171650000000000,180.000000000000000,0.000000000000000,125.000000000000000
13.632000,-2,-89.581999999999994,-18.375000000000000,-40.179980000000000,180.000000000000000,0.000000000000000,125.000000000000000
13.636000,-2,-89.581999999999994,-18.375000000000000,-40.188319999999997,180.000000000000000,0.000000000000000,125.000000000000000
13.640000,-2,-89.581999999999994,-18.375000000000000,-40.196649999999998,180.000000000000000,0.000000000000000,125.000000000000000
13.644000,-2,-89.581999999999994,-18.375000000000000,-40.204979999999999,180.000000000000000,0.000000000000000,125.000000000000000
13.648000,-2,-89.581999999999994,-18.375000000000000,-40.213320000000003,180.000000000000000,0.000000000000000,125.000000000000000
13.652000,-2,-89.581999999999994,-18.375000000000000,-40.221649999999997,180.000000000000000,0.000000000000000,125.000000000000000
13.656000,-2,-89.581999999999994,-18.375000000000000,-40.229979999999998,180.000000000000000,0.000000000000000,125.000000000000000
13.660000,-2,-89.581999999999994,-18.375000000000000,-40.238320000000002,180.000000000000000,0.000000000000000,125.000000000000000
13.664000,-2,-89.581999999999994,-18.375000000000000,-40.246650000000002,180.000000000000000,0.000000000000000,125.000000000000000
13.668000,-2,-89.581999999999994,-18.375000000000000,-40.254980000000003,180.000000000000000,0.000000000000000,125.000000000000000
13.672000,-2,-89.581999999999994,-18.375000000000000,-40.263320000000000,180.000000000000000,0.000000000000000,125.000000000000000
13.676000,-2,-89.581999999999994,-18.375000000000000,-40.271650000000001,180.000000000000000,0.000000000000000,125.000000000000000
13.680000,-2,-89.581999999999994,-18.375000000000000,-40.279980000000002,180.000000000000000,0.000000000000000,125.000000000000000
13.684000,-2,-89.581999999999994,-18.375000000000000,-40.288319999999999,180.000000000000000,0.000000000000000,125.000000000000000
13.688000,-2,-89.581999999999994,-18.375000000000000,-40.296650000000000,180.000000000000000,0.000000000000000,125.000000000000000
13.692000,-2,-89.581999999999994,-18.375000000000000,-40.304980000000000,180.000000000000000,0.000000000000000,125.000000000000000
13.696000,-2,-89.581999999999994,-18.375000000000000,-40.313319999999997,180.000000000000000,0.000000000000000,125.000000000000000
13.700000,-2,-89.581999999999994,-18.375000000000000,-40.321649999999998,180.000000000000000,0.000000000000000,125.000000000000000
13.704000,-2,-89.581999999999994,-18.375000000000000,-40.329979999999999,180.000000000000000,0.000000000000000,125.000000000000000
13.708000,-2,-89.581999999999994,-18.375000000000000,-40.338320000000003,180.000000000000000,0.000000000000000,125.000000000000000
13.712000,-2,-89.581999999999994,-18.375000000000000,-40.346649999999997,180.000000000000000,0.000000000000000,125.000000000000000
13.716000,-2,-89.581999999999994,-18.375000000000000,-40.354979999999998,180.000000000000000,0.000000000000000,125.000000000000000
13.720000,-2,-89.581999999999994,-18.375000000000000,-40.363320000000002,180.000000000000000,0.000000000000000,125.000000000000000
13.724000,-2,-89.581999999999994,-18.375000000000000,-40.371650000000002,180.000000000000000,0.000000000000000,125.000000000000000
13.728000,-2,-89.581999999999994,-18.375000000000000,-40.379980000000003,180.000000000000000,0.000000000000000,125.000000000000000
13.732000,-2,-89.581999999999994,-18.375000000000000,-40.388320000000000,180.000000000000000,0.000000000000000,125.000000000000000
13.736000,-2,-89.581999999999994,-18.375000000000000,-40.396650000000001,180.000000000000000,0.000000000000000,125.000000000000000
13.740000,-2,-89.581999999999994,-18.375000000000000,-40.404980000000002,180.000000000000000,0.000000000000000,125.000000000000000
13.744000,-2,-89.581999999999994,-18.375000000000000,-40.413319999999999,180.000000000000000,0.000000000000000,125.000000000000000
13.748000,-2,-89.581999999999994,-18.375000000000000,-40.421650000000000,180.000000000000000,0.000000000000000,125.000000000000000
13.752000,-2,-89.581999999999994,-18.375000000000000,-40.429980000000000,180.000000000000000,0.000000000000000,125.000000000000000
13.756000,-2,-89.581999999999994,-18.375000000000000,-40.438319999999997,180.000000000000000,0.000000000000000,125.000000000000000
13.760000,-2,-89.581999999999994,-18.375000000000000,-40.446649999999998,180.000000000000000,0.000000000000000,125.000000000000000
13.764000,-2,-89.581999999999994,-18.375000000000000,-40.454979999999999,180.000000000000000,0.000000000000000,125.000000000000000
13.768000,-2,-89.581999999999994,-18.375000000000000,-40.463320000000003,180.000000000000000,0.000000000000000,125.000000000000000
13.772000,-2,-89.581999999999994,-18.375000000000000,-40.471649999999997,180.000000000000000,0.000000000000000,125.000000000000000
13.776000,-2,-89.581999999999994,-18.375000000000000,-40.479979999999998,180.000000000000000,0.000000000000000,125.000000000000000
13.780000,-2,-89.581999999999994,-18.375000000000000,-40.488320000000002,180.000000000000000,0.000000000000000,125.000000000000000
13.784000,-2,-89.581999999999994,-18.375000000000000,-40.496650000000002,180.000000000000000,0.000000000000000,125.000000000000000
13.788000,-2,-89.581999999999994,-18.375000000000000,-40.504980000000003,180.000000000000000,0.000000000000000,125.000000000000000
13.792000,-2,-89.581999999999994,-18.375000000000000,-40.513320000000000,180.000000000000000,0.000000000000000,125.000000000000000
13.796000,-2,-89.581999999999994,-18.375000000000000,-40.521650000000001,180.000000000000000,0.000000000000000,125.000000000000000
13.800000,-2,-89.581999999999994,-18.375000000000000,-40.529980000000002,180.000000000000000,0.000000000000000,125.000000000000000
13.804000,-2,-89.581999999999994,-18.375000000000000,-40.538319999999999,180.000000000000000,0.000000000000000,125.000000000000000
13.808000,-2,-89.581999999999994,-18.375000000000000,-40.546650000000000,180.000000000000000,0.000000000000000,125.000000000000000
13.812000,-2,-89.581999999999994,-18.375000000000000,-40.554980000000000,180.000000000000000,0.000000000000000,125.000000000000000
13.816000,-2,-89.581999999999994,-18.375000000000000,-40.563319999999997,180.000000000000000,0.000000000000000,125.000000000000000
13.820000,-2,-89.581999999999994,-18.375000000000000,-40.571649999999998,180.000000000000000,0.000000000000000,125.000000000000000
13.824000,-2,-89.581999999999994,-18.375000000000000,-40.579979999999999,180.000000000000000,0.000000000000000,125.000000000000000
13.828000,-2,-89.581999999999994,-18.375000000000000,-40.588320000000003,180.000000000000000,0.000000000000000,125.000000000000000
13.832000,-2,-89.581999999999994,-18.375000000000000,-40.596649999999997,180.000000000000000,0.000000000000000,125.000000000000000
13.836000,-2,-89.581999999999994,-18.375000000000000,-40.604979999999998,180.000000000000000,0.000000000000000,125.000000000000000
13.840000,-2,-89.581999999999994,-18.375000000000000,-40.613320000000002,180.000000000000000,0.000000000000000,125.000000000000000
13.844000,-2,-89.581999999999994,-18.375000000000000,-40.621650000000002,180.000000000000000,0.000000000000000,125.000000000000000
13.848000,-2,-89.581999999999994,-18.375000000000000,-40.629980000000003,180.000000000000000,0.000000000000000,125.000000000000000
13.852000,-2,-89.581999999999994,-18.375000000000000,-40.638320000000000,180.000000000000000,0.000000000000000,125.000000000000000
13.856000,-2,-89.581999999999994,-18.375000000000000,-40.646650000000001,180.000000000000000,0.000000000000000,125.000000000000000
13.860000,-2,-89.581999999999994,-18.375000000000000,-40.654980000000002,180.000000000000000,0.000000000000000,125.000000000000000
13.864000,-2,-89.581999999999994,-18.375000000000000,-40.663319999999999,180.000000000000000,0.000000000000000,125.000000000000000
13.868000,-2,-89.581999999999994,-18.375000000000000,-40.671650000000000,180.000000000000000,0.000000000000000,125.000000000000000
13.872000,-2,-89.581999999999994,-18.375000000000000,-40.679980000000000,180.000000000000000,0.000000000000000,125.000000000000000
13.876000,-2,-89.581999999999994,-18.375000000000000,-40.688319999999997,180.000000000000000,0.000000000000000,125.000000000000000
13.880000,-2,-89.581999999999994,-18.375000000000000,-40.696649999999998,180.000000000000000,0.000000000000000,125.000000000000000
13.884000,-2,-89.581999999999994,-18.375000000000000,-40.704979999999999,180.000000000000000,0.000000000000000,125.000000000000000
13.888000,-2,-89.581999999999994,-18.375000000000000,-40.713320000000003,180.000000000000000,0.000000000000000,125.000000000000000
13.892000,-2,-89.581999999999994,-18.375000000000000,-40.721649999999997,180.000000000000000,0.000000000000000,125.000000000000000
13.896000,-2,-89.581999999999994,-18.375000000000000,-40.729979999999998,180.000000000000000,0.000000000000000,125.000000000000000
13.900000,-2,-89.581999999999994,-18.375000000000000,-40.738320000000002,180.000000000000000,0.000000000000000,125.000000000000000
13.904000,-2,-89.581999999999994,-18.375000000000000,-40.746650000000002,180.000000000000000,0.000000000000000,125.000000000000000
13.908000,-2,-89.581999999999994,-18.375000000000000,-40.754980000000003,180.000000000000000,0.000000000000000,125.000000000000000
13.912000,-2,-89.581999999999994,-18.375000000000000,-40.763320000000000,180.000000000000000,0.000000000000000,125.000000000000000
13.916000,-2,-89.581999999999994,-18.375000000000000,-40.771650000000001,180.000000000000000,0.000000000000000,125.000000000000000
13.920000,-2,-89.581999999999994,-18.375000000000000,-40.779980000000002,180.000000000000000,0.000000000000000,125.000000000000000
13.924000,-2,-89.581999999999994,-18.375000000000000,-40.788319999999999,180.000000000000000,0.000000000000000,125.000000000000000
13.928000,-2,-89.581999999999994,-18.375000000000000,-40.796650000000000,180.000000000000000,0.000000000000000,125.000000000000000
13.932000,-2,-89.581999999999994,-18.375000000000000,-40.804980000000000,180.000000000000000,0.000000000000000,125.000000000000000
13.936000,-2,-89.581999999999994,-18.375000000000000,-40.813319999999997,180.000000000000000,0.000000000000000,125.000000000000000
13.940000,-2,-89.581999999999994,-18.375000000000000,-40.821649999999998,180.000000000000000,0.000000000000000,125.000000000000000
13.944000,-2,-89.581999999999994,-18.375000000000000,-40.829979999999999,180.000000000000000,0.000000000000000,125.000000000000000
13.948000,-2,-89.581999999999994,-18.375000000000000,-40.838320000000003,180.000000000000000,0.000000000000000,125.000000000000000
13.952000,-2,-89.581999999999994,-18.375000000000000,-40.846649999999997,180.000000000000000,0.000000000000000,125.000000000000000
13.956000,-2,-89.581999999999994,-18.375000000000000,-40.854979999999998,180.000000000000000,0.000000000000000,125.000000000000000
13.960000,-2,-89.581999999999994,-18.375000000000000,-40.863320000000002,180.000000000000000,0.000000000000000,125.000000000000000
13.964000,-2,-89.581999999999994,-18.375000000000000,-40.871650000000002,180.000000000000000,0.000000000000000,125.000000000000000
13.968000,-2,-89.581999999999994,-18.375000000000000,-40.879980000000003,180.000000000000000,0.000000000000000,125.000000000000000
13.972000,-2,-89.581999999999994,-18.375000000000000,-40.888320000000000,180.000000000000000,0.000000000000000,125.000000000000000
13.976000,-2,-89.581999999999994,-18.375000000000000,-40.896650000000001,180.000000000000000,0.000000000000000,125.000000000000000
13.980000,-2,-89.581999999999994,-18.375000000000000,-40.904980000000002,180.000000000000000,0.000000000000000,125.000000000000000
13.984000,-2,-89.581999999999994,-18.375000000000000,-40.913319999999999,180.000000000000000,0.000000000000000,125.000000000000000
13.988000,-2,-89.581999999999994,-18.375000000000000,-40.921650000000000,180.000000000000000,0.000000000000000,125.000000000000000
13.992000,-2,-89.581999999999994,-18.375000000000000,-40.929980000000000,180.000000000000000,0.000000000000000,125.000000000000000
13.996000,-2,-89.581999999999994,-18.375000000000000,-40.938319999999997,180.000000000000000,0.000000000000000,125.000000000000000
14.000000,-2,-89.581999999999994,-18.375000000000000,-40.946649999999998,180.000000000000000,0.000000000000000,125.000000000000000
14.004000,-2,-89.581999999999994,-18.375000000000000,-40.954979999999999,180.000000000000000,0.000000000000000,125.000000000000000
14.008000,-2,-89.581999999999994,-18.375000000000000,-40.963320000000003,180.000000000000000,0.000000000000000,125.000000000000000
14.012000,-2,-89.581999999999994,-18.375000000000000,-40.971649999999997,180.000000000000000,0.000000000000000,125.000000000000000
14.016000,-2,-89.581999999999994,-18.375000000000000,-40.979979999999998,180.000000000000000,0.000000000000000,125.000000000000000
14.020000,-2,-89.581999999999994,-18.375000000000000,-40.988320000000002,180.000000000000000,0.000000000000000,125.000000000000000
14.024000,-2,-89.581999999999994,-18.375000000000000,-40.996650000000002,180.000000000000000,0.000000000000000,125.000000000000000
14.028000,-2,-89.581999999999994,-18.375000000000000,-41.004980000000003,180.000000000000000,0.000000000000000,125.000000000000000
14.032000,-2,-89.581999999999994,-18.375000000000000,-41.013320000000000,180.000000000000000,0.000000000000000,125.000000000000000
14.036000,-2,-89.581999999999994,-18.375000000000000,-41.021650000000001,180.000000000000000,0.000000000000000,125.000000000000000
14.040000,-2,-89.581999999999994,-18.375000000000000,-41.029980000000002,180.000000000000000,0.000000000000000,125.000000000000000
14.044000,-2,-89.581999999999994,-18.375000000000000,-41.038319999999999,180.000000000000000,0.000000000000000,125.000000000000000
14.048000,-2,-89.581999999999994,-18.375000000000000,-41.046650000000000,180.000000000000000,0.000000000000000,125.000000000000000
14.052000,-2,-89.581999999999994,-18.375000000000000,-41.054980000000000,180.000000000000000,0.000000000000000,125.000000000000000
14.056000,-2,-89.581999999999994,-18.375000000000000,-41.063319999999997,180.000000000000000,0.000000000000000,125.000000000000000
14.060000,-2,-89.581999999999994,-18.375000000000000,-41.071649999999998,180.000000000000000,0.000000000000000,125.000000000000000
14.064000,-2,-89.581999999999994,-18.375000000000000,-41.079979999999999,180.000000000000000,0.000000000000000,125.000000000000000
14.068000,-2,-89.581999999999994,-18.375000000000000,-41.088320000000003,180.000000000000000,0.000000000000000,125.000000000000000
14.072000,-2,-89.581999999999994,-18.375000000000000,-41.096649999999997,180.000000000000000,0.000000000000000,125.000000000000000
14.076000,-2,-89.581999999999994,-18.375000000000000,-41.104979999999998,180.000000000000000,0.000000000000000,125.000000000000000
14.080000,-2,-89.581999999999994,-18.375000000000000,-41.113320000000002,180.000000000000000,0.000000000000000,125.000000000000000
14.084000,-2,-89.581999999999994,-18.375000000000000,-41.121650000000002,180.000000000000000,0.000000000000000,125.000000000000000
14.088000,-2,-89.581999999999994,-18.375000000000000,-41.129980000000003,180.000000000000000,0.000000000000000,125.000000000000000
14.092000,-2,-89.581999999999994,-18.375000000000000,-41.138320000000000,180.000000000000000,0.000000000000000,125.000000000000000
14.096000,-2,-89.581999999999994,-18.375000000000000,-41.146650000000001,180.000000000000000,0.000000000000000,125.000000000000000
14.100000,-2,-89.581999999999994,-18.375000000000000,-41.154980000000002,180.000000000000000,0.000000000000000,125.000000000000000
14.104000,-2,-89.581999999999994,-18.375000000000000,-41.163319999999999,180.000000000000000,0.000000000000000,125.000000000000000
14.108000,-2,-89.581999999999994,-18.375000000000000,-41.171650000000000,180.000000000000000,0.000000000000000,125.000000000000000
14.112000,-2,-89.581999999999994,-18.375000000000000,-41.179980000000000,180.000000000000000,0.000000000000000,125.000000000000000
14.116000,-2,-89.581999999999994,-18.375000000000000,-41.188319999999997,180.000000000000000,0.000000000000000,125.000000000000000
14.120000,-2,-89.581999999999994,-18.375000000000000,-41.196649999999998,180.000000000000000,0.000000000000000,125.000000000000000
14.124000,-2,-89.581999999999994,-18.375000000000000,-41.204979999999999,180.000000000000000,0.000000000000000,125.000000000000000
14.128000,-2,-89.581999999999994,-18.375000000000000,-41.213320000000003,180.000000000000000,0.000000000000000,125.000000000000000
14.132000,-2,-89.581999999999994,-18.375000000000000,-41.221649999999997,180.000000000000000,0.000000000000000,125.000000000000000
14.136000,-2,-89.581999999999994,-18.375000000000000,-41.229979999999998,180.000000000000000,0.000000000000000,125.000000000000000
14.140000,-2,-89.581999999999994,-18.375000000000000,-41.238320000000002,180.000000000000000,0.000000000000000,125.000000000000000
14.144000,-2,-89.581999999999994,-18.375000000000000,-41.246650000000002,180.000000000000000,0.000000000000000,125.000000000000000
14.148000,-2,-89.581999999999994,-18.375000000000000,-41.254980000000003,180.000000000000000,0.000000000000000,125.000000000000000
14.152000,-2,-89.581999999999994,-18.375000000000000,-41.263320000000000,180.000000000000000,0.000000000000000,125.000000000000000
14.156000,-2,-89.581999999999994,-18.375000000000000,-41.271650000000001,180.000000000000000,0.000000000000000,125.000000000000000
14.160000,-2,-89.581999999999994,-18.375000000000000,-41.279980000000002,180.000000000000000,0.000000000000000,125.000000000000000
14.164000,-2,-89.581999999999994,-18.375000000000000,-41.288319999999999,180.000000000000000,0.000000000000000,125.000000000000000
14.168000,-2,-89.581999999999994,-18.375000000000000,-41.296650000000000,180.000000000000000,0.000000000000000,125.000000000000000
14.172000,-2,-89.581999999999994,-18.375000000000000,-41.304980000000000,180.000000000000000,0.000000000000000,125.000000000000000
14.176000,-2,-89.581999999999994,-18.375000000000000,-41.313319999999997,180.000000000000000,0.000000000000000,125.000000000000000
14.180000,-2,-89.581999999999994,-18.375000000000000,-41.321649999999998,180.000000000000000,0.000000000000000,125.000000000000000
14.184000,-2,-89.581999999999994,-18.375000000000000,-41.329979999999999,180.000000000000000,0.000000000000000,125.000000000000000
14.188000,-2,-89.581999999999994,-18.375000000000000,-41.338320000000003,180.000000000000000,0.000000000000000,125.000000000000000
14.192000,-2,-89.581999999999994,-18.375000000000000,-41.346649999999997,180.000000000000000,0.000000000000000,125.000000000000000
14.196000,-2,-89.581999999999994,-18.375000000000000,-41.354979999999998,180.000000000000000,0.000000000000000,125.000000000000000
14.200000,-2,-89.581999999999994,-18.375000000000000,-41.363320000000002,180.000000000000000,0.000000000000000,125.000000000000000
14.204000,-2,-89.581999999999994,-18.375000000000000,-41.371650000000002,180.000000000000000,0.000000000000000,125.000000000000000
14.208000,-2,-89.581999999999994,-18.375000000000000,-41.379980000000003,180.000000000000000,0.000000000000000,125.000000000000000
14.212000,-2,-89.581999999999994,-18.375000000000000,-41.388320000000000,180.000000000000000,0.000000000000000,125.000000000000000
14.216000,-2,-89.581999999999994,-18.375000000000000,-41.396650000000001,180.000000000000000,0.000000000000000,125.000000000000000
14.220000,-2,-89.581999999999994,-18.375000000000000,-41.404980000000002,180.000000000000000,0.000000000000000,125.000000000000000
14.224000,-2,-89.581999999999994,-18.375000000000000,-41.413319999999999,180.000000000000000,0.000000000000000,125.000000000000000
14.228000,-2,-89.581999999999994,-18.375000000000000,-41.421650000000000,180.000000000000000,0.000000000000000,125.000000000000000
14.232000,-2,-89.581999999999994,-18.375000000000000,-41.429980000000000,180.000000000000000,0.000000000000000,125.000000000000000
14.236000,-2,-89.581999999999994,-18.375000000000000,-41.438319999999997,180.000000000000000,0.000000000000000,125.000000000000000
14.240000,-2,-89.581999999999994,-18.375000000000000,-41.446649999999998,180.000000000000000,0.000000000000000,125.000000000000000
14.244000,-2,-89.581999999999994,-18.375000000000000,-41.454979999999999,180.000000000000000,0.000000000000000,125.000000000000000
14.248000,-2,-89.581999999999994,-18.375000000000000,-41.463320000000003,180.000000000000000,0.000000000000000,125.000000000000000
14.252000,-2,-89.581999999999994,-18.375000000000000,-41.471649999999997,180.000000000000000,0.000000000000000,125.000000000000000
14.256000,-2,-89.581999999999994,-18.375000000000000,-41.479979999999998,180.000000000000000,0.000000000000000,125.000000000000000
14.260000,-2,-89.581999999999994,-18.375000000000000,-41.488320000000002,180.000000000000000,0.000000000000000,125.000000000000000
14.264000,-2,-89.581999999999994,-18.375000000000000,-41.496650000000002,180.000000000000000,0.000000000000000,125.000000000000000
14.268000,-2,-89.581999999999994,-18.375000000000000,-41.504980000000003,180.000000000000000,0.000000000000000,125.000000000000000
14.272000,-2,-89.581999999999994,-18.375000000000000,-41.513320000000000,180.000000000000000,0.000000000000000,125.000000000000000
14.276000,-2,-89.581999999999994,-18.375000000000000,-41.521650000000001,180.000000000000000,0.000000000000000,125.000000000000000
14.280000,-2,-89.581999999999994,-18.375000000000000,-41.529980000000002,180.000000000000000,0.000000000000000,125.000000000000000
14.284000,-2,-89.581999999999994,-18.375000000000000,-41.538319999999999,180.000000000000000,0.000000000000000,125.000000000000000
14.288000,-2,-89.581999999999994,-18.375000000000000,-41.546650000000000,180.000000000000000,0.000000000000000,125.000000000000000
14.292000,-2,-89.581999999999994,-18.375000000000000,-41.554980000000000,180.000000000000000,0.000000000000000,125.000000000000000
14.296000,-2,-89.581999999999994,-18.375000000000000,-41.563319999999997,180.000000000000000,0.000000000000000,125.000000000000000
14.300000,-2,-89.581999999999994,-18.375000000000000,-41.571649999999998,180.000000000000000,0.000000000000000,125.000000000000000
14.304000,-2,-89.581999999999994,-18.375000000000000,-41.579979999999999,180.000000000000000,0.000000000000000,125.000000000000000
14.308000,-2,-89.581999999999994,-18.375000000000000,-41.588320000000003,180.000000000000000,0.000000000000000,125.000000000000000
14.312000,-2,-89.581999999999994,-18.375000000000000,-41.596649999999997,180.000000000000000,0.000000000000000,125.000000000000000
14.316000,-2,-89.581999999999994,-18.375000000000000,-41.604979999999998,180.000000000000000,0.000000000000000,125.000000000000000
14.320000,-2,-89.581999999999994,-18.375000000000000,-41.613320000000002,180.000000000000000,0.000000000000000,125.000000000000000
14.324000,-2,-89.581999999999994,-18.375000000000000,-41.621650000000002,180.000000000000000,0.000000000000000,125.000000000000000
14.328000,-2,-89.581999999999994,-18.375000000000000,-41.629980000000003,180.000000000000000,0.000000000000000,125.000000000000000
14.332000,-2,-89.581999999999994,-18.375000000000000,-41.638320000000000,180.000000000000000,0.000000000000000,125.000000000000000
14.336000,-2,-89.581999999999994,-18.375000000000000,-41.646650000000001,180.000000000000000,0.000000000000000,125.000000000000000
14.340000,-2,-89.581999999999994,-18.375000000000000,-41.654980000000002,180.000000000000000,0.000000000000000,125.000000000000000
14.344000,-2,-89.581999999999994,-18.375000000000000,-41.663319999999999,180.000000000000000,0.000000000000000,125.000000000000000
14.348000,-2,-89.581999999999994,-18.375000000000000,-41.671650000000000,180.000000000000000,0.000000000000000,125.000000000000000
14.352000,-2,-89.581999999999994,-18.375000000000000,-41.679980000000000,180.000000000000000,0.000000000000000,125.000000000000000
14.356000,-2,-89.581999999999994,-18.375000000000000,-41.688319999999997,180.000000000000000,0.000000000000000,125.000000000000000
14.360000,-2,-89.581999999999994,-18.375000000000000,-41.696649999999998,180.000000000000000,0.000000000000000,125.000000000000000
14.364000,-2,-89.581999999999994,-18.375000000000000,-41.704979999999999,180.000000000000000,0.000000000000000,125.000000000000000
14.368000,-2,-89.581999999999994,-18.375000000000000,-41.713320000000003,180.000000000000000,0.000000000000000,125.000000000000000
14.372000,-2,-89.581999999999994,-18.375000000000000,-41.721649999999997,180.000000000000000,0.000000000000000,125.000000000000000
14.376000,-2,-89.581999999999994,-18.375000000000000,-41.729979999999998,180.000000000000000,0.000000000000000,125.000000000000000
14.380000,-2,-89.581999999999994,-18.375000000000000,-41.738320000000002,180.000000000000000,0.000000000000000,125.000000000000000
14.384000,-2,-89.581999999999994,-18.375000000000000,-41.746650000000002,180.000000000000000,0.000000000000000,125.000000000000000
14.388000,-2,-89.581999999999994,-18.375000000000000,-41.754980000000003,180.000000000000000,0.000000000000000,125.000000000000000
14.392000,-2,-89.581999999999994,-18.375000000000000,-41.763320000000000,180.000000000000000,0.000000000000000,125.000000000000000
14.396000,-2,-89.581999999999994,-18.375000000000000,-41.771650000000001,180.000000000000000,0.000000000000000,125.000000000000000
14.400000,-2,-89.581999999999994,-18.375000000000000,-41.779980000000002,180.000000000000000,0.000000000000000,125.000000000000000
14.404000,-2,-89.581999999999994,-18.375000000000000,-41.788319999999999,180.000000000000000,0.000000000000000,125.000000000000000
14.408000,-2,-89.581999999999994,-18.375000000000000,-41.796650000000000,180.000000000000000,0.000000000000000,125.000000000000000
14.412000,-2,-89.581999999999994,-18.375000000000000,-41.804980000000000,180.000000000000000,0.000000000000000,125.000000000000000
14.416000,-2,-89.581999999999994,-18.375000000000000,-41.813319999999997,180.000000000000000,0.000000000000000,125.000000000000000
14.420000,-2,-89.581999999999994,-18.375000000000000,-41.821649999999998,180.000000000000000,0.000000000000000,125.000000000000000
14.424000,-2,-89.581999999999994,-18.375000000000000,-41.829979999999999,180.000000000000000,0.000000000000000,125.000000000000000
14.428000,-2,-89.581999999999994,-18.375000000000000,-41.838320000000003,180.000000000000000,0.000000000000000,125.000000000000000
14.432000,-2,-89.581999999999994,-18.375000000000000,-41.846649999999997,180.000000000000000,0.000000000000000,125.000000000000000
14.436000,-2,-89.581999999999994,-18.375000000000000,-41.854979999999998,180.000000000000000,0.000000000000000,125.000000000000000
14.440000,-2,-89.581999999999994,-18.375000000000000,-41.863320000000002,180.000000000000000,0.000000000000000,125.000000000000000
14.444000,-2,-89.581999999999994,-18.375000000000000,-41.871650000000002,180.000000000000000,0.000000000000000,125.000000000000000
14.448000,-2,-89.581999999999994,-18.375000000000000,-41.879980000000003,180.000000000000000,0.000000000000000,125.000000000000000
14.452000,-2,-89.581999999999994,-18.375000000000000,-41.888320000000000,180.000000000000000,0.000000000000000,125.000000000000000
14.456000,-2,-89.581999999999994,-18.375000000000000,-41.896650000000001,180.000000000000000,0.000000000000000,125.000000000000000
14.460000,-2,-89.581999999999994,-18.375000000000000,-41.904980000000002,180.000000000000000,0.000000000000000,125.000000000000000
14.464000,-2,-89.581999999999994,-18.375000000000000,-41.913319999999999,180.000000000000000,0.000000000000000,125.000000000000000
14.468000,-2,-89.581999999999994,-18.375000000000000,-41.921650000000000,180.000000000000000,0.000000000000000,125.000000000000000
14.472000,-2,-89.581999999999994,-18.375000000000000,-41.929980000000000,180.000000000000000,0.000000000000000,125.000000000000000
14.476000,-2,-89.581999999999994,-18.375000000000000,-41.938319999999997,180.000000000000000,0.000000000000000,125.000000000000000
14.480000,-2,-89.581999999999994,-18.375000000000000,-41.946649999999998,180.000000000000000,0.000000000000000,125.000000000000000
14.484000,-2,-89.581999999999994,-18.375000000000000,-41.954979999999999,180.000000000000000,0.000000000000000,125.000000000000000
14.488000,-2,-89.581999999999994,-18.375000000000000,-41.963320000000003,180.000000000000000,0.000000000000000,125.000000000000000
14.492000,-2,-89.581999999999994,-18.375000000000000,-41.971649999999997,180.000000000000000,0.000000000000000,125.000000000000000
14.496000,-2,-89.581999999999994,-18.375000000000000,-41.979979999999998,180.000000000000000,0.000000000000000,125.000000000000000
14.500000,-2,-89.581999999999994,-18.375000000000000,-41.988320000000002,180.000000000000000,0.000000000000000,125.000000000000000
14.504000,-2,-89.581999999999994,-18.375000000000000,-41.996650000000002,180.000000000000000,0.000000000000000,125.000000000000000
14.508000,-2,-89.581999999999994,-18.375000000000000,-42.004980000000003,180.000000000000000,0.000000000000000,125.000000000000000
14.512000,-2,-89.581999999999994,-18.375000000000000,-42.013320000000000,180.000000000000000,0.000000000000000,125.000000000000000
14.516000,-2,-89.581999999999994,-18.375000000000000,-42.021650000000001,180.000000000000000,0.000000000000000,125.000000000000000
14.520000,-2,-89.581999999999994,-18.375000000000000,-42.029980000000002,180.000000000000000,0.000000000000000,125.000000000000000
14.524000,-2,-89.581999999999994,-18.375000000000000,-42.038319999999999,180.000000000000000,0.000000000000000,125.000000000000000
14.528000,-2,-89.581999999999994,-18.375000000000000,-42.046650000000000,180.000000000000000,0.000000000000000,125.000000000000000
14.532000,-2,-89.581999999999994,-18.375000000000000,-42.054980000000000,180.000000000000000,0.000000000000000,125.000000000000000
14.536000,-2,-89.581999999999994,-18.375000000000000,-42.063319999999997,180.000000000000000,0.000000000000000,125.000000000000000
14.540000,-2,-89.581999999999994,-18.375000000000000,-42.071649999999998,180.000000000000000,0.000000000000000,125.000000000000000
14.544000,-2,-89.581999999999994,-18.375000000000000,-42.079979999999999,180.000000000000000,0.000000000000000,125.000000000000000
14.548000,-2,-89.581999999999994,-18.375000000000000,-42.088320000000003,180.000000000000000,0.000000000000000,125.000000000000000
14.552000,-2,-89.581999999999994,-18.375000000000000,-42.096649999999997,180.000000000000000,0.000000000000000,125.000000000000000
14.556000,-2,-89.581999999999994,-18.375000000000000,-42.104979999999998,180.000000000000000,0.000000000000000,125.000000000000000
14.560000,-2,-89.581999999999994,-18.375000000000000,-42.113320000000002,180.000000000000000,0.000000000000000,125.000000000000000
14.564000,-2,-89.581999999999994,-18.375000000000000,-42.121650000000002,180.000000000000000,0.000000000000000,125.000000000000000
14.568000,-2,-89.581999999999994,-18.375000000000000,-42.129980000000003,180.000000000000000,0.000000000000000,125.000000000000000
14.572000,-2,-89.581999999999994,-18.375000000000000,-42.138320000000000,180.000000000000000,0.000000000000000,125.000000000000000
14.576000,-2,-89.581999999999994,-18.375000000000000,-42.146650000000001,180.000000000000000,0.000000000000000,125.000000000000000
14.580000,-2,-89.581999999999994,-18.375000000000000,-42.154980000000002,180.000000000000000,0.000000000000000,125.000000000000000
14.584000,-2,-89.581999999999994,-18.375000000000000,-42.163319999999999,180.000000000000000,0.000000000000000,125.000000000000000
14.588000,-2,-89.581999999999994,-18.375000000000000,-42.171650000000000,180.000000000000000,0.000000000000000,125.000000000000000
14.592000,-2,-89.581999999999994,-18.375000000000000,-42.179980000000000,180.000000000000000,0.000000000000000,125.000000000000000
14.596000,-2,-89.581999999999994,-18.375000000000000,-42.188319999999997,180.000000000000000,0.000000000000000,125.000000000000000
14.600000,-2,-89.581999999999994,-18.375000000000000,-42.196649999999998,180.000000000000000,0.000000000000000,125.000000000000000
14.604000,-2,-89.581999999999994,-18.375000000000000,-42.204979999999999,180.000000000000000,0.000000000000000,125.000000000000000
14.608000,-2,-89.581999999999994,-18.375000000000000,-42.213320000000003,180.000000000000000,0.000000000000000,125.000000000000000
14.612000,-2,-89.581999999999994,-18.375000000000000,-42.221649999999997,180.000000000000000,0.000000000000000,125.000000000000000
14.616000,-2,-89.581999999999994,-18.375000000000000,-42.229979999999998,180.000000000000000,0.000000000000000,125.000000000000000
14.620000,-2,-89.581999999999994,-18.375000000000000,-42.238320000000002,180.000000000000000,0.000000000000000,125.000000000000000
14.624000,-2,-89.581999999999994,-18.375000000000000,-42.246650000000002,180.000000000000000,0.000000000000000,125.000000000000000
14.628000,-2,-89.581999999999994,-18.375000000000000,-42.254980000000003,180.000000000000000,0.000000000000000,125.000000000000000
14.632000,-2,-89.581999999999994,-18.375000000000000,-42.263320000000000,180.000000000000000,0.000000000000000,125.000000000000000
14.636000,-2,-89.581999999999994,-18.375000000000000,-42.271650000000001,180.000000000000000,0.000000000000000,125.000000000000000
14.640000,-2,-89.581999999999994,-18.375000000000000,-42.279980000000002,180.000000000000000,0.000000000000000,125.000000000000000
14.644000,-2,-89.581999999999994,-18.375000000000000,-42.288319999999999,180.000000000000000,0.000000000000000,125.000000000000000
14.648000,-2,-89.581999999999994,-18.375000000000000,-42.296650000000000,180.000000000000000,0.000000000000000,125.000000000000000
14.652000,-2,-89.581999999999994,-18.375000000000000,-42.304980000000000,180.000000000000000,0.000000000000000,125.000000000000000
14.656000,-2,-89.581999999999994,-18.375000000000000,-42.313319999999997,180.000000000000000,0.000000000000000,125.000000000000000
14.660000,-2,-89.581999999999994,-18.375000000000000,-42.321649999999998,180.000000000000000,0.000000000000000,125.000000000000000
14.664000,-2,-89.581999999999994,-18.375000000000000,-42.329979999999999,180.000000000000000,0.000000000000000,125.000000000000000
14.668000,-2,-89.581999999999994,-18.375000000000000,-42.338320000000003,180.000000000000000,0.000000000000000,125.000000000000000
14.672000,-2,-89.581999999999994,-18.375000000000000,-42.346649999999997,180.000000000000000,0.000000000000000,125.000000000000000
14.676000,-2,-89.581999999999994,-18.375000000000000,-42.354979999999998,180.000000000000000,0.000000000000000,125.000000000000000
14.680000,-2,-89.581999999999994,-18.375000000000000,-42.363320000000002,180.000000000000000,0.000000000000000,125.000000000000000
14.684000,-2,-89.581999999999994,-18.375000000000000,-42.371650000000002,180.000000000000000,0.000000000000000,125.000000000000000
14.688000,-2,-89.581999999999994,-18.375000000000000,-42.379980000000003,180.000000000000000,0.000000000000000,125.000000000000000
14.692000,-2,-89.581999999999994,-18.375000000000000,-42.388320000000000,180.000000000000000,0.000000000000000,125.000000000000000
14.696000,-2,-89.581999999999994,-18.375000000000000,-42.396650000000001,180.000000000000000,0.000000000000000,125.000000000000000
14.700000,-2,-89.581999999999994,-18.375000000000000,-42.404980000000002,180.000000000000000,0.000000000000000,125.000000000000000
14.704000,-2,-89.581999999999994,-18.375000000000000,-42.413319999999999,180.000000000000000,0.000000000000000,125.000000000000000
14.708000,-2,-89.581999999999994,-18.375000000000000,-42.421650000000000,180.000000000000000,0.000000000000000,125.000000000000000
14.712000,-2,-89.581999999999994,-18.375000000000000,-42.429980000000000,180.000000000000000,0.000000000000000,125.000000000000000
14.716000,-2,-89.581999999999994,-18.375000000000000,-42.438319999999997,180.000000000000000,0.000000000000000,125.000000000000000
14.720000,-2,-89.581999999999994,-18.375000000000000,-42.446649999999998,180.000000000000000,0.000000000000000,125.000000000000000
14.724000,-2,-89.581999999999994,-18.375000000000000,-42.454979999999999,180.000000000000000,0.000000000000000,125.000000000000000
14.728000,-2,-89.581999999999994,-18.375000000000000,-42.463320000000003,180.000000000000000,0.000000000000000,125.000000000000000
14.732000,-2,-89.581999999999994,-18.375000000000000,-42.471649999999997,180.000000000000000,0.000000000000000,125.000000000000000
14.736000,-2,-89.581999999999994,-18.375000000000000,-42.479979999999998,180.000000000000000,0.000000000000000,125.000000000000000
14.740000,-2,-89.581999999999994,-18.375000000000000,-42.488320000000002,180.000000000000000,0.000000000000000,125.000000000000000
14.744000,-2,-89.581999999999994,-18.375000000000000,-42.496650000000002,180.000000000000000,0.000000000000000,125.000000000000000
14.748000,-2,-89.581999999999994,-18.375000000000000,-42.504980000000003,180.000000000000000,0.000000000000000,125.000000000000000
14.752000,-2,-89.581999999999994,-18.375000000000000,-42.513320000000000,180.000000000000000,0.000000000000000,125.000000000000000
14.756000,-2,-89.581999999999994,-18.375000000000000,-42.521650000000001,180.000000000000000,0.000000000000000,125.000000000000000
14.760000,-2,-89.581999999999994,-18.375000000000000,-42.529980000000002,180.000000000000000,0.000000000000000,125.000000000000000
14.764000,-2,-89.581999999999994,-18.375000000000000,-42.538319999999999,180.000000000000000,0.000000000000000,125.000000000000000
14.768000,-2,-89.581999999999994,-18.375000000000000,-42.546650000000000,180.000000000000000,0.000000000000000,125.000000000000000
14.772000,-2,-89.581999999999994,-18.375000000000000,-42.554980000000000,180.000000000000000,0.000000000000000,125.000000000000000
14.776000,-2,-89.581999999999994,-18.375000000000000,-42.563319999999997,180.000000000000000,0.000000000000000,125.000000000000000
14.780000,-2,-89.581999999999994,-18.375000000000000,-42.571649999999998,180.000000000000000,0.000000000000000,125.000000000000000
14.784000,-2,-89.581999999999994,-18.375000000000000,-42.579979999999999,180.000000000000000,0.000000000000000,125.000000000000000
14.788000,-2,-89.581999999999994,-18.375000000000000,-42.588320000000003,180.000000000000000,0.000000000000000,125.000000000000000
14.792000,-2,-89.581999999999994,-18.375000000000000,-42.596649999999997,180.000000000000000,0.000000000000000,125.000000000000000
14.796000,-2,-89.581999999999994,-18.375000000000000,-42.604979999999998,180.000000000000000,0.000000000000000,125.000000000000000
14.800000,-2,-89.581999999999994,-18.375000000000000,-42.613320000000002,180.000000000000000,0.000000000000000,125.000000000000000
14.804000,-2,-89.581999999999994,-18.375000000000000,-42.621650000000002,180.000000000000000,0.000000000000000,125.000000000000000
14.808000,-2,-89.581999999999994,-18.375000000000000,-42.629980000000003,180.000000000000000,0.000000000000000,125.000000000000000
14.812000,-2,-89.581999999999994,-18.375000000000000,-42.638320000000000,180.000000000000000,0.000000000000000,125.000000000000000
14.816000,-2,-89.581999999999994,-18.375000000000000,-42.646650000000001,180.000000000000000,0.000000000000000,125.000000000000000
14.820000,-2,-89.581999999999994,-18.375000000000000,-42.654980000000002,180.000000000000000,0.000000000000000,125.000000000000000
14.824000,-2,-89.581999999999994,-18.375000000000000,-42.663319999999999,180.000000000000000,0.000000000000000,125.000000000000000
14.828000,-2,-89.581999999999994,-18.375000000000000,-42.671650000000000,180.000000000000000,0.000000000000000,125.000000000000000
14.832000,-2,-89.581999999999994,-18.375000000000000,-42.679980000000000,180.000000000000000,0.000000000000000,125.000000000000000
14.836000,-2,-89.581999999999994,-18.375000000000000,-42.688319999999997,180.000000000000000,0.000000000000000,125.000000000000000
14.840000,-2,-89.581999999999994,-18.375000000000000,-42.696649999999998,180.000000000000000,0.000000000000000,125.000000000000000
14.844000,-2,-89.581999999999994,-18.375000000000000,-42.704979999999999,180.000000000000000,0.000000000000000,125.000000000000000
14.848000,-2,-89.581999999999994,-18.375000000000000,-42.713320000000003,180.000000000000000,0.000000000000000,125.000000000000000
14.852000,-2,-89.581999999999994,-18.375000000000000,-42.721649999999997,180.000000000000000,0.000000000000000,125.000000000000000
14.856000,-2,-89.581999999999994,-18.375000000000000,-42.729979999999998,180.000000000000000,0.000000000000000,125.000000000000000
14.860000,-2,-89.581999999999994,-18.375000000000000,-42.738320000000002,180.000000000000000,0.000000000000000,125.000000000000000
14.864000,-2,-89.581999999999994,-18.375000000000000,-42.746650000000002,180.000000000000000,0.000000000000000,125.000000000000000
14.868000,-2,-89.581999999999994,-18.375000000000000,-42.754980000000003,180.000000000000000,0.000000000000000,125.000000000000000
14.872000,-2,-89.581999999999994,-18.375000000000000,-42.763320000000000,180.000000000000000,0.000000000000000,125.000000000000000
14.876000,-2,-89.581999999999994,-18.375000000000000,-42.771650000000001,180.000000000000000,0.000000000000000,125.000000000000000
14.880000,-2,-89.581999999999994,-18.375000000000000,-42.779980000000002,180.000000000000000,0.000000000000000,125.000000000000000
14.884000,-2,-89.581999999999994,-18.375000000000000,-42.788319999999999,180.000000000000000,0.000000000000000,125.000000000000000
14.888000,-2,-89.581999999999994,-18.375000000000000,-42.796650000000000,180.000000000000000,0.000000000000000,125.000000000000000
14.892000,-2,-89.581999999999994,-18.375000000000000,-42.804980000000000,180.000000000000000,0.000000000000000,125.000000000000000
14.896000,-2,-89.581999999999994,-18.375000000000000,-42.813319999999997,180.000000000000000,0.000000000000000,125.000000000000000
14.900000,-2,-89.581999999999994,-18.375000000000000,-42.821649999999998,180.000000000000000,0.000000000000000,125.000000000000000
14.904000,-2,-89.581999999999994,-18.375000000000000,-42.829979999999999,180.000000000000000,0.000000000000000,125.000000000000000
14.908000,-2,-89.581999999999994,-18.375000000000000,-42.838320000000003,180.000000000000000,0.000000000000000,125.000000000000000
14.912000,-2,-89.581999999999994,-18.375000000000000,-42.846649999999997,180.000000000000000,0.000000000000000,125.000000000000000
14.916000,-2,-89.581999999999994,-18.375000000000000,-42.854979999999998,180.000000000000000,0.000000000000000,125.000000000000000
14.920000,-2,-89.581999999999994,-18.375000000000000,-42.863320000000002,180.000000000000000,0.000000000000000,125.000000000000000
14.924000,-2,-89.581999999999994,-18.375000000000000,-42.871650000000002,180.000000000000000,0.000000000000000,125.000000000000000
14.928000,-2,-89.581999999999994,-18.375000000000000,-42.879980000000003,180.000000000000000,0.000000000000000,125.000000000000000
14.932000,-2,-89.581999999999994,-18.375000000000000,-42.888320000000000,180.000000000000000,0.000000000000000,125.000000000000000
14.936000,-2,-89.581999999999994,-18.375000000000000,-42.896650000000001,180.000000000000000,0.000000000000000,125.000000000000000
14.940000,-2,-89.581999999999994,-18.375000000000000,-42.904980000000002,180.000000000000000,0.000000000000000,125.000000000000000
14.944000,-2,-89.581999999999994,-18.375000000000000,-42.913319999999999,180.000000000000000,0.000000000000000,125.000000000000000
14.948000,-2,-89.581999999999994,-18.375000000000000,-42.921650000000000,180.000000000000000,0.000000000000000,125.000000000000000
14.952000,-2,-89.581999999999994,-18.375000000000000,-42.929980000000000,180.000000000000000,0.000000000000000,125.000000000000000
14.956000,-2,-89.581999999999994,-18.375000000000000,-42.938319999999997,180.000000000000000,0.000000000000000,125.000000000000000
14.960000,-2,-89.581999999999994,-18.375000000000000,-42.946649999999998,180.000000000000000,0.000000000000000,125.000000000000000
14.964000,-2,-89.581999999999994,-18.375000000000000,-42.954979999999999,180.000000000000000,0.000000000000000,125.000000000000000
14.968000,-2,-89.581999999999994,-18.375000000000000,-42.963320000000003,180.000000000000000,0.000000000000000,125.000000000000000
14.972000,-2,-89.581999999999994,-18.375000000000000,-42.971649999999997,180.000000000000000,0.000000000000000,125.000000000000000
14.976000,-2,-89.581999999999994,-18.375000000000000,-42.979979999999998,180.000000000000000,0.000000000000000,125.000000000000000
14.980000,-2,-89.581999999999994,-18.375000000000000,-42.988320000000002,180.000000000000000,0.000000000000000,125.000000000000000
14.984000,-2,-89.581999999999994,-18.375000000000000,-42.996650000000002,180.000000000000000,0.000000000000000,125.000000000000000
14.988000,-2,-89.581999999999994,-18.375000000000000,-43.004980000000003,180.000000000000000,0.000000000000000,125.000000000000000
14.992000,-2,-89.581999999999994,-18.375000000000000,-43.013320000000000,180.000000000000000,0.000000000000000,125.000000000000000
14.996000,-2,-89.581999999999994,-18.375000000000000,-43.021650000000001,180.000000000000000,0.000000000000000,125.000000000000000
15.000000,-2,-89.581999999999994,-18.375000000000000,-43.029980000000002,180.000000000000000,0.000000000000000,125.000000000000000
15.004000,-2,-89.581999999999994,-18.375000000000000,-43.038319999999999,180.000000000000000,0.000000000000000,125.000000000000000
15.008000,-2,-89.581999999999994,-18.375000000000000,-43.046650000000000,180.000000000000000,0.000000000000000,125.000000000000000
15.012000,-2,-89.581999999999994,-18.375000000000000,-43.054980000000000,180.000000000000000,0.000000000000000,125.000000000000000
15.016000,-2,-89.581999999999994,-18.375000000000000,-43.063319999999997,180.000000000000000,0.000000000000000,125.000000000000000
15.020000,-2,-89.581999999999994,-18.375000000000000,-43.071649999999998,180.000000000000000,0.000000000000000,125.000000000000000
15.024000,-2,-89.581999999999994,-18.375000000000000,-43.079979999999999,180.000000000000000,0.000000000000000,125.000000000000000
15.028000,-2,-89.581999999999994,-18.375000000000000,-43.088320000000003,180.000000000000000,0.000000000000000,125.000000000000000
15.032000,-2,-89.581999999999994,-18.375000000000000,-43.096649999999997,180.000000000000000,0.000000000000000,125.000000000000000
15.036000,-2,-89.581999999999994,-18.375000000000000,-43.104979999999998,180.000000000000000,0.000000000000000,125.000000000000000
15.040000,-2,-89.581999999999994,-18.375000000000000,-43.113320000000002,180.000000000000000,0.000000000000000,125.000000000000000
15.044000,-2,-89.581999999999994,-18.375000000000000,-43.121650000000002,180.000000000000000,0.000000000000000,125.000000000000000
15.048000,-2,-89.581999999999994,-18.375000000000000,-43.129980000000003,180.000000000000000,0.000000000000000,125.000000000000000
15.052000,-2,-89.581999999999994,-18.375000000000000,-43.138320000000000,180.000000000000000,0.000000000000000,125.000000000000000
15.056000,-2,-89.581999999999994,-18.375000000000000,-43.146650000000001,180.000000000000000,0.000000000000000,125.000000000000000
15.060000,-2,-89.581999999999994,-18.375000000000000,-43.154980000000002,180.000000000000000,0.000000000000000,125.000000000000000
15.064000,-2,-89.581999999999994,-18.375000000000000,-43.163319999999999,180.000000000000000,0.000000000000000,125.000000000000000
15.068000,-2,-89.581999999999994,-18.375000000000000,-43.171650000000000,180.000000000000000,0.000000000000000,125.000000000000000
15.072000,-2,-89.581999999999994,-18.375000000000000,-43.179980000000000,180.000000000000000,0.000000000000000,125.000000000000000
15.076000,-2,-89.581999999999994,-18.375000000000000,-43.188319999999997,180.000000000000000,0.000000000000000,125.000000000000000
15.080000,-2,-89.581999999999994,-18.375000000000000,-43.196649999999998,180.000000000000000,0.000000000000000,125.000000000000000
15.084000,-2,-89.581999999999994,-18.375000000000000,-43.204979999999999,180.000000000000000,0.000000000000000,125.000000000000000
15.088000,-2,-89.581999999999994,-18.375000000000000,-43.213320000000003,180.000000000000000,0.000000000000000,125.000000000000000
15.092000,-2,-89.581999999999994,-18.375000000000000,-43.221649999999997,180.000000000000000,0.000000000000000,125.000000000000000
15.096000,-2,-89.581999999999994,-18.375000000000000,-43.229979999999998,180.000000000000000,0.000000000000000,125.000000000000000
15.100000,-2,-89.581999999999994,-18.375000000000000,-43.238320000000002,180.000000000000000,0.000000000000000,125.000000000000000
15.104000,-2,-89.581999999999994,-18.375000000000000,-43.246650000000002,180.000000000000000,0.000000000000000,125.000000000000000
15.108000,-2,-89.581999999999994,-18.375000000000000,-43.254980000000003,180.000000000000000,0.000000000000000,125.000000000000000
15.112000,-2,-89.581999999999994,-18.375000000000000,-43.263320000000000,180.000000000000000,0.000000000000000,125.000000000000000
15.116000,-2,-89.581999999999994,-18.375000000000000,-43.271650000000001,180.000000000000000,0.000000000000000,125.000000000000000
15.120000,-2,-89.581999999999994,-18.375000000000000,-43.279980000000002,180.000000000000000,0.000000000000000,125.000000000000000
15.124000,-2,-89.581999999999994,-18.375000000000000,-43.288319999999999,180.000000000000000,0.000000000000000,125.000000000000000
15.128000,-2,-89.581999999999994,-18.375000000000000,-43.296650000000000,180.000000000000000,0.000000000000000,125.000000000000000
15.132000,-2,-89.581999999999994,-18.375000000000000,-43.304980000000000,180.000000000000000,0.000000000000000,125.000000000000000
15.136000,-2,-89.581999999999994,-18.375000000000000,-43.313319999999997,180.000000000000000,0.000000000000000,125.000000000000000
15.140000,-2,-89.581999999999994,-18.375000000000000,-43.321649999999998,180.000000000000000,0.000000000000000,125.000000000000000
15.144000,-2,-89.581999999999994,-18.375000000000000,-43.329979999999999,180.000000000000000,0.000000000000000,125.000000000000000
15.148000,-2,-89.581999999999994,-18.375000000000000,-43.338320000000003,180.000000000000000,0.000000000000000,125.000000000000000
15.152000,-2,-89.581999999999994,-18.375000000000000,-43.346649999999997,180.000000000000000,0.000000000000000,125.000000000000000
15.156000,-2,-89.581999999999994,-18.375000000000000,-43.354979999999998,180.000000000000000,0.000000000000000,125.000000000000000
15.160000,-2,-89.581999999999994,-18.375000000000000,-43.363320000000002,180.000000000000000,0.000000000000000,125.000000000000000
15.164000,-2,-89.581999999999994,-18.375000000000000,-43.371650000000002,180.000000000000000,0.000000000000000,125.000000000000000
15.168000,-2,-89.581999999999994,-18.375000000000000,-43.379980000000003,180.000000000000000,0.000000000000000,125.000000000000000
15.172000,-2,-89.581999999999994,-18.375000000000000,-43.388320000000000,180.000000000000000,0.000000000000000,125.000000000000000
15.176000,-2,-89.581999999999994,-18.375000000000000,-43.396650000000001,180.000000000000000,0.000000000000000,125.000000000000000
15.180000,-2,-89.581999999999994,-18.375000000000000,-43.404980000000002,180.000000000000000,0.000000000000000,125.000000000000000
15.184000,-2,-89.581999999999994,-18.375000000000000,-43.413319999999999,180.000000000000000,0.000000000000000,125.000000000000000
15.188000,-2,-89.581999999999994,-18.375000000000000,-43.421650000000000,180.000000000000000,0.000000000000000,125.000000000000000
15.192000,-2,-89.581999999999994,-18.375000000000000,-43.429980000000000,180.000000000000000,0.000000000000000,125.000000000000000
15.196000,-2,-89.581999999999994,-18.375000000000000,-43.438319999999997,180.000000000000000,0.000000000000000,125.000000000000000
15.200000,-2,-89.581999999999994,-18.375000000000000,-43.446649999999998,180.000000000000000,0.000000000000000,125.000000000000000
15.204000,-2,-89.581999999999994,-18.375000000000000,-43.454979999999999,180.000000000000000,0.000000000000000,125.000000000000000
15.208000,-2,-89.581999999999994,-18.375000000000000,-43.463320000000003,180.000000000000000,0.000000000000000,125.000000000000000
15.212000,-2,-89.581999999999994,-18.375000000000000,-43.471649999999997,180.000000000000000,0.000000000000000,125.000000000000000
15.216000,-2,-89.581999999999994,-18.375000000000000,-43.479979999999998,180.000000000000000,0.000000000000000,125.000000000000000
15.220000,-2,-89.581999999999994,-18.375000000000000,-43.488320000000002,180.000000000000000,0.000000000000000,125.000000000000000
15.224000,-2,-89.581999999999994,-18.375000000000000,-43.496650000000002,180.000000000000000,0.000000000000000,125.000000000000000
15.228000,-2,-89.581999999999994,-18.375000000000000,-43.504980000000003,180.000000000000000,0.000000000000000,125.000000000000000
15.232000,-2,-89.581999999999994,-18.375000000000000,-43.513320000000000,180.000000000000000,0.000000000000000,125.000000000000000
15.236000,-2,-89.581999999999994,-18.375000000000000,-43.521650000000001,180.000000000000000,0.000000000000000,125.000000000000000
15.240000,-2,-89.581999999999994,-18.375000000000000,-43.529980000000002,180.000000000000000,0.000000000000000,125.000000000000000
15.244000,-2,-89.581999999999994,-18.375000000000000,-43.538319999999999,180.000000000000000,0.000000000000000,125.000000000000000
15.248000,-2,-89.581999999999994,-18.375000000000000,-43.546650000000000,180.000000000000000,0.000000000000000,125.000000000000000
15.252000,-2,-89.581999999999994,-18.375000000000000,-43.554980000000000,180.000000000000000,0.000000000000000,125.000000000000000
15.256000,-2,-89.581999999999994,-18.375000000000000,-43.563319999999997,180.000000000000000,0.000000000000000,125.000000000000000
15.260000,-2,-89.581999999999994,-18.375000000000000,-43.571649999999998,180.000000000000000,0.000000000000000,125.000000000000000
15.264000,-2,-89.581999999999994,-18.375000000000000,-43.579979999999999,180.000000000000000,0.000000000000000,125.000000000000000
15.268000,-2,-89.581999999999994,-18.375000000000000,-43.588320000000003,180.000000000000000,0.000000000000000,125.000000000000000
15.272000,-2,-89.581999999999994,-18.375000000000000,-43.596649999999997,180.000000000000000,0.000000000000000,125.000000000000000
15.276000,-2,-89.581999999999994,-18.375000000000000,-43.604979999999998,180.000000000000000,0.000000000000000,125.000000000000000
15.280000,-2,-89.581999999999994,-18.375000000000000,-43.613320000000002,180.000000000000000,0.000000000000000,125.000000000000000
15.284000,-2,-89.581999999999994,-18.375000000000000,-43.621650000000002,180.000000000000000,0.000000000000000,125.000000000000000
15.288000,-2,-89.581999999999994,-18.375000000000000,-43.629980000000003,180.000000000000000,0.000000000000000,125.000000000000000
15.292000,-2,-89.581999999999994,-18.375000000000000,-43.638320000000000,180.000000000000000,0.000000000000000,125.000000000000000
15.296000,-2,-89.581999999999994,-18.375000000000000,-43.646650000000001,180.000000000000000,0.000000000000000,125.000000000000000
15.300000,-2,-89.581999999999994,-18.375000000000000,-43.654980000000002,180.000000000000000,0.000000000000000,125.000000000000000
15.304000,-2,-89.581999999999994,-18.375000000000000,-43.663319999999999,180.000000000000000,0.000000000000000,125.000000000000000
15.308000,-2,-89.581999999999994,-18.375000000000000,-43.671650000000000,180.000000000000000,0.000000000000000,125.000000000000000
15.312000,-2,-89.581999999999994,-18.375000000000000,-43.679980000000000,180.000000000000000,0.000000000000000,125.000000000000000
15.316000,-2,-89.581999999999994,-18.375000000000000,-43.688319999999997,180.000000000000000,0.000000000000000,125.000000000000000
15.320000,-2,-89.581999999999994,-18.375000000000000,-43.696649999999998,180.000000000000000,0.000000000000000,125.000000000000000
15.324000,-2,-89.581999999999994,-18.375000000000000,-43.704979999999999,180.000000000000000,0.000000000000000,125.000000000000000
15.328000,-2,-89.581999999999994,-18.375000000000000,-43.713320000000003,180.000000000000000,0.000000000000000,125.000000000000000
15.332000,-2,-89.581999999999994,-18.375000000000000,-43.721649999999997,180.000000000000000,0.000000000000000,125.000000000000000
15.336000,-2,-89.581999999999994,-18.375000000000000,-43.729979999999998,180.000000000000000,0.000000000000000,125.000000000000000
15.340000,-2,-89.581999999999994,-18.375000000000000,-43.738320000000002,180.000000000000000,0.000000000000000,125.000000000000000
15.344000,-2,-89.581999999999994,-18.375000000000000,-43.746650000000002,180.000000000000000,0.000000000000000,125.000000000000000
15.348000,-2,-89.581999999999994,-18.375000000000000,-43.754980000000003,180.000000000000000,0.000000000000000,125.000000000000000
15.352000,-2,-89.581999999999994,-18.375000000000000,-43.763320000000000,180.000000000000000,0.000000000000000,125.000000000000000
15.356000,-2,-89.581999999999994,-18.375000000000000,-43.771650000000001,180.000000000000000,0.000000000000000,125.000000000000000
15.360000,-2,-89.581999999999994,-18.375000000000000,-43.779980000000002,180.000000000000000,0.000000000000000,125.000000000000000
15.364000,-2,-89.581999999999994,-18.375000000000000,-43.788319999999999,180.000000000000000,0.000000000000000,125.000000000000000
15.368000,-2,-89.581999999999994,-18.375000000000000,-43.796650000000000,180.000000000000000,0.000000000000000,125.000000000000000
15.372000,-2,-89.581999999999994,-18.375000000000000,-43.804980000000000,180.000000000000000,0.000000000000000,125.000000000000000
15.376000,-2,-89.581999999999994,-18.375000000000000,-43.813319999999997,180.000000000000000,0.000000000000000,125.000000000000000
15.380000,-2,-89.581999999999994,-18.375000000000000,-43.821649999999998,180.000000000000000,0.000000000000000,125.000000000000000
15.384000,-2,-89.581999999999994,-18.375000000000000,-43.829979999999999,180.000000000000000,0.000000000000000,125.000000000000000
15.388000,-2,-89.581999999999994,-18.375000000000000,-43.838320000000003,180.000000000000000,0.000000000000000,125.000000000000000
15.392000,-2,-89.581999999999994,-18.375000000000000,-43.846649999999997,180.000000000000000,0.000000000000000,125.000000000000000
15.396000,-2,-89.581999999999994,-18.375000000000000,-43.854979999999998,180.000000000000000,0.000000000000000,125.000000000000000
15.400000,-2,-89.581999999999994,-18.375000000000000,-43.863320000000002,180.000000000000000,0.000000000000000,125.000000000000000
15.404000,-2,-89.581999999999994,-18.375000000000000,-43.871650000000002,180.000000000000000,0.000000000000000,125.000000000000000
15.408000,-2,-89.581999999999994,-18.375000000000000,-43.879980000000003,180.000000000000000,0.000000000000000,125.000000000000000
15.412000,-2,-89.581999999999994,-18.375000000000000,-43.888320000000000,180.000000000000000,0.000000000000000,125.000000000000000
15.416000,-2,-89.581999999999994,-18.375000000000000,-43.896650000000001,180.000000000000000,0.000000000000000,125.000000000000000
15.420000,-2,-89.581999999999994,-18.375000000000000,-43.904980000000002,180.000000000000000,0.000000000000000,125.000000000000000
15.424000,-2,-89.581999999999994,-18.375000000000000,-43.913319999999999,180.000000000000000,0.000000000000000,125.000000000000000
15.428000,-2,-89.581999999999994,-18.375000000000000,-43.921650000000000,180.000000000000000,0.000000000000000,125.000000000000000
15.432000,-2,-89.581999999999994,-18.375000000000000,-43.929980000000000,180.000000000000000,0.000000000000000,125.000000000000000
15.436000,-2,-89.581999999999994,-18.375000000000000,-43.938319999999997,180.000000000000000,0.000000000000000,125.000000000000000
15.440000,-2,-89.581999999999994,-18.375000000000000,-43.946649999999998,180.000000000000000,0.000000000000000,125.000000000000000
15.444000,-2,-89.581999999999994,-18.375000000000000,-43.954979999999999,180.000000000000000,0.000000000000000,125.000000000000000
15.448000,-2,-89.581999999999994,-18.375000000000000,-43.963320000000003,180.000000000000000,0.000000000000000,125.000000000000000
15.452000,-2,-89.581999999999994,-18.375000000000000,-43.971649999999997,180.000000000000000,0.000000000000000,125.000000000000000
15.456000,-2,-89.581999999999994,-18.375000000000000,-43.979979999999998,180.000000000000000,0.000000000000000,125.000000000000000
15.460000,-2,-89.581999999999994,-18.375000000000000,-43.988320000000002,180.000000000000000,0.000000000000000,125.000000000000000
15.464000,-2,-89.581999999999994,-18.375000000000000,-43.996650000000002,180.000000000000000,0.000000000000000,125.000000000000000
15.468000,-2,-89.581999999999994,-18.375000000000000,-44.004980000000003,180.000000000000000,0.000000000000000,125.000000000000000
15.472000,-2,-89.581999999999994,-18.375000000000000,-44.013320000000000,180.000000000000000,0.000000000000000,125.000000000000000
15.476000,-2,-89.581999999999994,-18.375000000000000,-44.021650000000001,180.000000000000000,0.000000000000000,125.000000000000000
15.480000,-2,-89.581999999999994,-18.375000000000000,-44.029980000000002,180.000000000000000,0.000000000000000,125.000000000000000
15.484000,-2,-89.581999999999994,-18.375000000000000,-44.038319999999999,180.000000000000000,0.000000000000000,125.000000000000000
15.488000,-2,-89.581999999999994,-18.375000000000000,-44.046650000000000,180.000000000000000,0.000000000000000,125.000000000000000
15.492000,-2,-89.581999999999994,-18.375000000000000,-44.054980000000000,180.000000000000000,0.000000000000000,125.000000000000000
15.496000,-2,-89.581999999999994,-18.375000000000000,-44.063319999999997,180.000000000000000,0.000000000000000,125.000000000000000
15.500000,-2,-89.581999999999994,-18.375000000000000,-44.071649999999998,180.000000000000000,0.000000000000000,125.000000000000000
15.504000,-2,-89.581999999999994,-18.375000000000000,-44.079979999999999,180.000000000000000,0.000000000000000,125.000000000000000
15.508000,-2,-89.581999999999994,-18.375000000000000,-44.088320000000003,180.000000000000000,0.000000000000000,125.000000000000000
15.512000,-2,-89.581999999999994,-18.375000000000000,-44.096649999999997,180.000000000000000,0.000000000000000,125.000000000000000
15.516000,-2,-89.581999999999994,-18.375000000000000,-44.104979999999998,180.000000000000000,0.000000000000000,125.000000000000000
15.520000,-2,-89.581999999999994,-18.375000000000000,-44.113320000000002,180.000000000000000,0.000000000000000,125.000000000000000
15.524000,-2,-89.581999999999994,-18.375000000000000,-44.121650000000002,180.000000000000000,0.000000000000000,125.000000000000000
15.528000,-2,-89.581999999999994,-18.375000000000000,-44.129980000000003,180.000000000000000,0.000000000000000,125.000000000000000
15.532000,-2,-89.581999999999994,-18.375000000000000,-44.138320000000000,180.000000000000000,0.000000000000000,125.000000000000000
15.536000,-2,-89.581999999999994,-18.375000000000000,-44.146650000000001,180.000000000000000,0.000000000000000,125.000000000000000
15.540000,-2,-89.581999999999994,-18.375000000000000,-44.154980000000002,180.000000000000000,0.000000000000000,125.000000000000000
15.544000,-2,-89.581999999999994,-18.375000000000000,-44.163319999999999,180.000000000000000,0.000000000000000,125.000000000000000
15.548000,-2,-89.581999999999994,-18.375000000000000,-44.171650000000000,180.000000000000000,0.000000000000000,125.000000000000000
15.552000,-2,-89.581999999999994,-18.375000000000000,-44.179980000000000,180.000000000000000,0.000000000000000,125.000000000000000
15.556000,-2,-89.581999999999994,-18.375000000000000,-44.188319999999997,180.000000000000000,0.000000000000000,125.000000000000000
15.560000,-2,-89.581999999999994,-18.375000000000000,-44.196649999999998,180.000000000000000,0.000000000000000,125.000000000000000
15.564000,-2,-89.581999999999994,-18.375000000000000,-44.204979999999999,180.000000000000000,0.000000000000000,125.000000000000000
15.568000,-2,-89.581999999999994,-18.375000000000000,-44.213320000000003,180.000000000000000,0.000000000000000,125.000000000000000
15.572000,-2,-89.581999999999994,-18.375000000000000,-44.221649999999997,180.000000000000000,0.000000000000000,125.000000000000000
15.576000,-2,-89.581999999999994,-18.375000000000000,-44.229979999999998,180.000000000000000,0.000000000000000,125.000000000000000
15.580000,-2,-89.581999999999994,-18.375000000000000,-44.238320000000002,180.000000000000000,0.000000000000000,125.000000000000000
15.584000,-2,-89.581999999999994,-18.375000000000000,-44.246650000000002,180.000000000000000,0.000000000000000,125.000000000000000
15.588000,-2,-89.581999999999994,-18.375000000000000,-44.254980000000003,180.000000000000000,0.000000000000000,125.000000000000000
15.592000,-2,-89.581999999999994,-18.375000000000000,-44.263320000000000,180.000000000000000,0.000000000000000,125.000000000000000
15.596000,-2,-89.581999999999994,-18.375000000000000,-44.271650000000001,180.000000000000000,0.000000000000000,125.000000000000000
15.600000,-2,-89.581999999999994,-18.375000000000000,-44.279980000000002,180.000000000000000,0.000000000000000,125.000000000000000
15.604000,-2,-89.581999999999994,-18.375000000000000,-44.288319999999999,180.000000000000000,0.000000000000000,125.000000000000000
15.608000,-2,-89.581999999999994,-18.375000000000000,-44.296650000000000,180.000000000000000,0.000000000000000,125.000000000000000
15.612000,-2,-89.581999999999994,-18.375000000000000,-44.304980000000000,180.000000000000000,0.000000000000000,125.000000000000000
15.616000,-2,-89.581999999999994,-18.375000000000000,-44.313319999999997,180.000000000000000,0.000000000000000,125.000000000000000
15.620000,-2,-89.581999999999994,-18.375000000000000,-44.321649999999998,180.000000000000000,0.000000000000000,125.000000000000000
15.624000,-2,-89.581999999999994,-18.375000000000000,-44.329979999999999,180.000000000000000,0.000000000000000,125.000000000000000
15.628000,-2,-89.581999999999994,-18.375000000000000,-44.338320000000003,180.000000000000000,0.000000000000000,125.000000000000000
15.632000,-2,-89.581999999999994,-18.375000000000000,-44.346649999999997,180.000000000000000,0.000000000000000,125.000000000000000
15.636000,-2,-89.581999999999994,-18.375000000000000,-44.354979999999998,180.000000000000000,0.000000000000000,125.000000000000000
15.640000,-2,-89.581999999999994,-18.375000000000000,-44.363320000000002,180.000000000000000,0.000000000000000,125.000000000000000
15.644000,-2,-89.581999999999994,-18.375000000000000,-44.371650000000002,180.000000000000000,0.000000000000000,125.000000000000000
15.648000,-2,-89.581999999999994,-18.375000000000000,-44.379980000000003,180.000000000000000,0.000000000000000,125.000000000000000
15.652000,-2,-89.581999999999994,-18.375000000000000,-44.388320000000000,180.000000000000000,0.000000000000000,125.000000000000000
15.656000,-2,-89.581999999999994,-18.375000000000000,-44.396650000000001,180.000000000000000,0.000000000000000,125.000000000000000
15.660000,-2,-89.581999999999994,-18.375000000000000,-44.404980000000002,180.000000000000000,0.000000000000000,125.000000000000000
15.664000,-2,-89.581999999999994,-18.375000000000000,-44.413319999999999,180.000000000000000,0.000000000000000,125.000000000000000
15.668000,-2,-89.581999999999994,-18.375000000000000,-44.421650000000000,180.000000000000000,0.000000000000000,125.000000000000000
15.672000,-2,-89.581999999999994,-18.375000000000000,-44.429980000000000,180.000000000000000,0.000000000000000,125.000000000000000
15.676000,-2,-89.581999999999994,-18.375000000000000,-44.438319999999997,180.000000000000000,0.000000000000000,125.000000000000000
15.680000,-2,-89.581999999999994,-18.375000000000000,-44.446649999999998,180.000000000000000,0.000000000000000,125.000000000000000
15.684000,-2,-89.581999999999994,-18.375000000000000,-44.454979999999999,180.000000000000000,0.000000000000000,125.000000000000000
15.688000,-2,-89.581999999999994,-18.375000000000000,-44.463320000000003,180.000000000000000,0.000000000000000,125.000000000000000
15.692000,-2,-89.581999999999994,-18.375000000000000,-44.471649999999997,180.000000000000000,0.000000000000000,125.000000000000000
15.696000,-2,-89.581999999999994,-18.375000000000000,-44.479979999999998,180.000000000000000,0.000000000000000,125.000000000000000
15.700000,-2,-89.581999999999994,-18.375000000000000,-44.488320000000002,180.000000000000000,0.000000000000000,125.000000000000000
15.704000,-2,-89.581999999999994,-18.375000000000000,-44.496650000000002,180.000000000000000,0.000000000000000,125.000000000000000
15.708000,-2,-89.581999999999994,-18.375000000000000,-44.504980000000003,180.000000000000000,0.000000000000000,125.000000000000000
15.712000,-2,-89.581999999999994,-18.375000000000000,-44.513320000000000,180.000000000000000,0.000000000000000,125.000000000000000
15.716000,-2,-89.581999999999994,-18.375000000000000,-44.521650000000001,180.000000000000000,0.000000000000000,125.000000000000000
15.720000,-2,-89.581999999999994,-18.375000000000000,-44.529980000000002,180.000000000000000,0.000000000000000,125.000000000000000
15.724000,-2,-89.581999999999994,-18.375000000000000,-44.538319999999999,180.000000000000000,0.000000000000000,125.000000000000000
15.728000,-2,-89.581999999999994,-18.375000000000000,-44.546650000000000,180.000000000000000,0.000000000000000,125.000000000000000
15.732000,-2,-89.581999999999994,-18.375000000000000,-44.554980000000000,180.000000000000000,0.000000000000000,125.000000000000000
15.736000,-2,-89.581999999999994,-18.375000000000000,-44.563319999999997,180.000000000000000,0.000000000000000,125.000000000000000
15.740000,-2,-89.581999999999994,-18.375000000000000,-44.571649999999998,180.000000000000000,0.000000000000000,125.000000000000000
15.744000,-2,-89.581999999999994,-18.375000000000000,-44.579979999999999,180.000000000000000,0.000000000000000,125.000000000000000
15.748000,-2,-89.581999999999994,-18.375000000000000,-44.588320000000003,180.000000000000000,0.000000000000000,125.000000000000000
15.752000,-2,-89.581999999999994,-18.375000000000000,-44.596649999999997,180.000000000000000,0.000000000000000,125.000000000000000
15.756000,-2,-89.581999999999994,-18.375000000000000,-44.604979999999998,180.000000000000000,0.000000000000000,125.000000000000000
15.760000,-2,-89.581999999999994,-18.375000000000000,-44.613320000000002,180.000000000000000,0.000000000000000,125.000000000000000
15.764000,-2,-89.581999999999994,-18.375000000000000,-44.621650000000002,180.000000000000000,0.000000000000000,125.000000000000000
15.768000,-2,-89.581999999999994,-18.375000000000000,-44.629980000000003,180.000000000000000,0.000000000000000,125.000000000000000
15.772000,-2,-89.581999999999994,-18.375000000000000,-44.638320000000000,180.000000000000000,0.000000000000000,125.000000000000000
15.776000,-2,-89.581999999999994,-18.375000000000000,-44.646650000000001,180.000000000000000,0.000000000000000,125.000000000000000
15.780000,-2,-89.581999999999994,-18.375000000000000,-44.654980000000002,180.000000000000000,0.000000000000000,125.000000000000000
15.784000,-2,-89.581999999999994,-18.375000000000000,-44.663319999999999,180.000000000000000,0.000000000000000,125.000000000000000
15.788000,-2,-89.581999999999994,-18.375000000000000,-44.671650000000000,180.000000000000000,0.000000000000000,125.000000000000000
15.792000,-2,-89.581999999999994,-18.375000000000000,-44.679980000000000,180.000000000000000,0.000000000000000,125.000000000000000
15.796000,-2,-89.581999999999994,-18.375000000000000,-44.688319999999997,180.000000000000000,0.000000000000000,125.000000000000000
15.800000,-2,-89.581999999999994,-18.375000000000000,-44.696649999999998,180.000000000000000,0.000000000000000,125.000000000000000
15.804000,-2,-89.581999999999994,-18.375000000000000,-44.704979999999999,180.000000000000000,0.000000000000000,125.000000000000000
15.808000,-2,-89.581999999999994,-18.375000000000000,-44.713320000000003,180.000000000000000,0.000000000000000,125.000000000000000
15.812000,-2,-89.581999999999994,-18.375000000000000,-44.721649999999997,180.000000000000000,0.000000000000000,125.000000000000000
15.816000,-2,-89.581999999999994,-18.375000000000000,-44.729979999999998,180.000000000000000,0.000000000000000,125.000000000000000
15.820000,-2,-89.581999999999994,-18.375000000000000,-44.738320000000002,180.000000000000000,0.000000000000000,125.000000000000000
15.824000,-2,-89.581999999999994,-18.375000000000000,-44.746650000000002,180.000000000000000,0.000000000000000,125.000000000000000
15.828000,-2,-89.581999999999994,-18.375000000000000,-44.754980000000003,180.000000000000000,0.000000000000000,125.000000000000000
15.832000,-2,-89.581999999999994,-18.375000000000000,-44.763320000000000,180.000000000000000,0.000000000000000,125.000000000000000
15.836000,-2,-89.581999999999994,-18.375000000000000,-44.771650000000001,180.000000000000000,0.000000000000000,125.000000000000000
15.840000,-2,-89.581999999999994,-18.375000000000000,-44.779980000000002,180.000000000000000,0.000000000000000,125.000000000000000
15.844000,-2,-89.581999999999994,-18.375000000000000,-44.788319999999999,180.000000000000000,0.000000000000000,125.000000000000000
15.848000,-2,-89.581999999999994,-18.375000000000000,-44.796650000000000,180.000000000000000,0.000000000000000,125.000000000000000
15.852000,-2,-89.581999999999994,-18.375000000000000,-44.804980000000000,180.000000000000000,0.000000000000000,125.000000000000000
15.856000,-2,-89.581999999999994,-18.375000000000000,-44.813319999999997,180.000000000000000,0.000000000000000,125.000000000000000
15.860000,-2,-89.581999999999994,-18.375000000000000,-44.821649999999998,180.000000000000000,0.000000000000000,125.000000000000000
15.864000,-2,-89.581999999999994,-18.375000000000000,-44.829979999999999,180.000000000000000,0.000000000000000,125.000000000000000
15.868000,-2,-89.581999999999994,-18.375000000000000,-44.838320000000003,180.000000000000000,0.000000000000000,125.000000000000000
15.872000,-2,-89.581999999999994,-18.375000000000000,-44.846649999999997,180.000000000000000,0.000000000000000,125.000000000000000
15.876000,-2,-89.581999999999994,-18.375000000000000,-44.854979999999998,180.000000000000000,0.000000000000000,125.000000000000000
15.880000,-2,-89.581999999999994,-18.375000000000000,-44.863320000000002,180.000000000000000,0.000000000000000,125.000000000000000
15.884000,-2,-89.581999999999994,-18.375000000000000,-44.871650000000002,180.000000000000000,0.000000000000000,125.000000000000000
15.888000,-2,-89.581999999999994,-18.375000000000000,-44.879980000000003,180.000000000000000,0.000000000000000,125.000000000000000
15.892000,-2,-89.581999999999994,-18.375000000000000,-44.888320000000000,180.000000000000000,0.000000000000000,125.000000000000000
15.896000,-2,-89.581999999999994,-18.375000000000000,-44.896650000000001,180.000000000000000,0.000000000000000,125.000000000000000
15.900000,-2,-89.581999999999994,-18.375000000000000,-44.904980000000002,180.000000000000000,0.000000000000000,125.000000000000000
15.904000,-2,-89.581999999999994,-18.375000000000000,-44.913319999999999,180.000000000000000,0.000000000000000,125.000000000000000
15.908000,-2,-89.581999999999994,-18.375000000000000,-44.921650000000000,180.000000000000000,0.000000000000000,125.000000000000000
15.912000,-2,-89.581999999999994,-18.375000000000000,-44.929980000000000,180.000000000000000,0.000000000000000,125.000000000000000
15.916000,-2,-89.581999999999994,-18.375000000000000,-44.938319999999997,180.000000000000000,0.000000000000000,125.000000000000000
15.920000,-2,-89.581999999999994,-18.375000000000000,-44.946649999999998,180.000000000000000,0.000000000000000,125.000000000000000
15.924000,-2,-89.581999999999994,-18.375000000000000,-44.954979999999999,180.000000000000000,0.000000000000000,125.000000000000000
15.928000,-2,-89.581999999999994,-18.375000000000000,-44.963320000000003,180.000000000000000,0.000000000000000,125.000000000000000
15.932000,-2,-89.581999999999994,-18.375000000000000,-44.971649999999997,180.000000000000000,0.000000000000000,125.000000000000000
15.936000,-2,-89.581999999999994,-18.375000000000000,-44.979979999999998,180.000000000000000,0.000000000000000,125.000000000000000
15.940000,-2,-89.581999999999994,-18.375000000000000,-44.988320000000002,180.000000000000000,0.000000000000000,125.000000000000000
15.944000,-2,-89.581999999999994,-18.375000000000000,-44.996650000000002,180.000000000000000,0.000000000000000,125.000000000000000
15.948000,-2,-89.581999999999994,-18.375000000000000,-45.004980000000003,180.000000000000000,0.000000000000000,125.000000000000000
15.952000,-2,-89.581999999999994,-18.375000000000000,-45.013320000000000,180.000000000000000,0.000000000000000,125.000000000000000
15.956000,-2,-89.581999999999994,-18.375000000000000,-45.021650000000001,180.000000000000000,0.000000000000000,125.000000000000000
15.960000,-2,-89.581999999999994,-18.375000000000000,-45.029980000000002,180.000000000000000,0.000000000000000,125.000000000000000
15.964000,-2,-89.581999999999994,-18.375000000000000,-45.038319999999999,180.000000000000000,0.000000000000000,125.000000000000000
15.968000,-2,-89.581999999999994,-18.375000000000000,-45.046650000000000,180.000000000000000,0.000000000000000,125.000000000000000
15.972000,-2,-89.581999999999994,-18.375000000000000,-45.054980000000000,180.000000000000000,0.000000000000000,125.000000000000000
15.976000,-2,-89.581999999999994,-18.375000000000000,-45.063319999999997,180.000000000000000,0.000000000000000,125.000000000000000
15.980000,-2,-89.581999999999994,-18.375000000000000,-45.071649999999998,180.000000000000000,0.000000000000000,125.000000000000000
15.984000,-2,-89.581999999999994,-18.375000000000000,-45.079979999999999,180.000000000000000,0.000000000000000,125.000000000000000
15.988000,-2,-89.581999999999994,-18.375000000000000,-45.088320000000003,180.000000000000000,0.000000000000000,125.000000000000000
15.992000,-2,-89.581999999999994,-18.375000000000000,-45.096649999999997,180.000000000000000,0.000000000000000,125.000000000000000
15.996000,-2,-89.581999999999994,-18.375000000000000,-45.104979999999998,180.000000000000000,0.000000000000000,125.000000000000000
16.000000,-2,-89.581999999999994,-18.375000000000000,-45.113320000000002,180.000000000000000,0.000000000000000,125.000000000000000
16.004000,-2,-89.581999999999994,-18.375000000000000,-45.121650000000002,180.000000000000000,0.000000000000000,125.000000000000000
16.008000,-2,-89.581999999999994,-18.375000000000000,-45.129980000000003,180.000000000000000,0.000000000000000,125.000000000000000
16.012000,-2,-89.581999999999994,-18.375000000000000,-45.138320000000000,180.000000000000000,0.000000000000000,125.000000000000000
16.016000,-2,-89.581999999999994,-18.375000000000000,-45.146650000000001,180.000000000000000,0.000000000000000,125.000000000000000
16.020000,-2,-89.581999999999994,-18.375000000000000,-45.154980000000002,180.000000000000000,0.000000000000000,125.000000000000000
16.024000,-2,-89.581999999999994,-18.375000000000000,-45.163319999999999,180.000000000000000,0.000000000000000,125.000000000000000
16.028000,-2,-89.581999999999994,-18.375000000000000,-45.171650000000000,180.000000000000000,0.000000000000000,125.000000000000000
16.032000,-2,-89.581999999999994,-18.375000000000000,-45.179980000000000,180.000000000000000,0.000000000000000,125.000000000000000
16.036000,-2,-89.581999999999994,-18.375000000000000,-45.188319999999997,180.000000000000000,0.000000000000000,125.000000000000000
16.040000,-2,-89.581999999999994,-18.375000000000000,-45.196649999999998,180.000000000000000,0.000000000000000,125.000000000000000
16.044000,-2,-89.581999999999994,-18.375000000000000,-45.204979999999999,180.000000000000000,0.000000000000000,125.000000000000000
16.048000,-2,-89.581999999999994,-18.375000000000000,-45.213320000000003,180.000000000000000,0.000000000000000,125.000000000000000
16.052000,-2,-89.581999999999994,-18.375000000000000,-45.221649999999997,180.000000000000000,0.000000000000000,125.000000000000000
16.056000,-2,-89.581999999999994,-18.375000000000000,-45.229979999999998,180.000000000000000,0.000000000000000,125.000000000000000
16.060000,-2,-89.581999999999994,-18.375000000000000,-45.238320000000002,180.000000000000000,0.000000000000000,125.000000000000000
16.064000,-2,-89.581999999999994,-18.375000000000000,-45.246650000000002,180.000000000000000,0.000000000000000,125.000000000000000
16.068000,-2,-89.581999999999994,-18.375000000000000,-45.254980000000003,180.000000000000000,0.000000000000000,125.000000000000000
16.072000,-2,-89.581999999999994,-18.375000000000000,-45.263320000000000,180.000000000000000,0.000000000000000,125.000000000000000
16.076000,-2,-89.581999999999994,-18.375000000000000,-45.271650000000001,180.000000000000000,0.000000000000000,125.000000000000000
16.080000,-2,-89.581999999999994,-18.375000000000000,-45.279980000000002,180.000000000000000,0.000000000000000,125.000000000000000
16.084000,-2,-89.581999999999994,-18.375000000000000,-45.288319999999999,180.000000000000000,0.000000000000000,125.000000000000000
16.088000,-2,-89.581999999999994,-18.375000000000000,-45.296650000000000,180.000000000000000,0.000000000000000,125.000000000000000
16.092000,-2,-89.581999999999994,-18.375000000000000,-45.304980000000000,180.000000000000000,0.000000000000000,125.000000000000000
16.096000,-2,-89.581999999999994,-18.375000000000000,-45.313319999999997,180.000000000000000,0.000000000000000,125.000000000000000
16.100000,-2,-89.581999999999994,-18.375000000000000,-45.321649999999998,180.000000000000000,0.000000000000000,125.000000000000000
16.104000,-2,-89.581999999999994,-18.375000000000000,-45.329979999999999,180.000000000000000,0.000000000000000,125.000000000000000
16.108000,-2,-89.581999999999994,-18.375000000000000,-45.338320000000003,180.000000000000000,0.000000000000000,125.000000000000000
16.112000,-2,-89.581999999999994,-18.375000000000000,-45.346649999999997,180.000000000000000,0.000000000000000,125.000000000000000
16.116000,-2,-89.581999999999994,-18.375000000000000,-45.354979999999998,180.000000000000000,0.000000000000000,125.000000000000000
16.120000,-2,-89.581999999999994,-18.375000000000000,-45.363320000000002,180.000000000000000,0.000000000000000,125.000000000000000
16.124000,-2,-89.581999999999994,-18.375000000000000,-45.371650000000002,180.000000000000000,0.000000000000000,125.000000000000000
16.128000,-2,-89.581999999999994,-18.375000000000000,-45.379980000000003,180.000000000000000,0.000000000000000,125.000000000000000
16.132000,-2,-89.581999999999994,-18.375000000000000,-45.388320000000000,180.000000000000000,0.000000000000000,125.000000000000000
16.136000,-2,-89.581999999999994,-18.375000000000000,-45.396650000000001,180.000000000000000,0.000000000000000,125.000000000000000
16.140000,-2,-89.581999999999994,-18.375000000000000,-45.404980000000002,180.000000000000000,0.000000000000000,125.000000000000000
16.144000,-2,-89.581999999999994,-18.375000000000000,-45.413319999999999,180.000000000000000,0.000000000000000,125.000000000000000
16.148000,-2,-89.581999999999994,-18.375000000000000,-45.421650000000000,180.000000000000000,0.000000000000000,125.000000000000000
16.152000,-2,-89.581999999999994,-18.375000000000000,-45.429980000000000,180.000000000000000,0.000000000000000,125.000000000000000
16.156000,-2,-89.581999999999994,-18.375000000000000,-45.438319999999997,180.000000000000000,0.000000000000000,125.000000000000000
16.160000,-2,-89.581999999999994,-18.375000000000000,-45.446649999999998,180.000000000000000,0.000000000000000,125.000000000000000
16.164000,-2,-89.581999999999994,-18.375000000000000,-45.454979999999999,180.000000000000000,0.000000000000000,125.000000000000000
16.168000,-2,-89.581999999999994,-18.375000000000000,-45.463320000000003,180.000000000000000,0.000000000000000,125.000000000000000
16.172000,-2,-89.581999999999994,-18.375000000000000,-45.471649999999997,180.000000000000000,0.000000000000000,125.000000000000000
16.176000,-2,-89.581999999999994,-18.375000000000000,-45.479979999999998,180.000000000000000,0.000000000000000,125.000000000000000
16.180000,-2,-89.581999999999994,-18.375000000000000,-45.488320000000002,180.000000000000000,0.000000000000000,125.000000000000000
16.184000,-2,-89.581999999999994,-18.375000000000000,-45.496650000000002,180.000000000000000,0.000000000000000,125.000000000000000
16.188000,-2,-89.581999999999994,-18.375000000000000,-45.504980000000003,180.000000000000000,0.000000000000000,125.000000000000000
16.192000,-2,-89.581999999999994,-18.375000000000000,-45.513320000000000,180.000000000000000,0.000000000000000,125.000000000000000
16.196000,-2,-89.581999999999994,-18.375000000000000,-45.521650000000001,180.000000000000000,0.000000000000000,125.000000000000000
16.200000,-2,-89.581999999999994,-18.375000000000000,-45.529980000000002,180.000000000000000,0.000000000000000,125.000000000000000
16.204000,-2,-89.581999999999994,-18.375000000000000,-45.538319999999999,180.000000000000000,0.000000000000000,125.000000000000000
16.208000,-2,-89.581999999999994,-18.375000000000000,-45.546650000000000,180.000000000000000,0.000000000000000,125.000000000000000
16.212000,-2,-89.581999999999994,-18.375000000000000,-45.554980000000000,180.000000000000000,0.000000000000000,125.000000000000000
16.216000,-2,-89.581999999999994,-18.375000000000000,-45.563319999999997,180.000000000000000,0.000000000000000,125.000000000000000
16.220000,-2,-89.581999999999994,-18.375000000000000,-45.571649999999998,180.000000000000000,0.000000000000000,125.000000000000000
16.224000,-2,-89.581999999999994,-18.375000000000000,-45.579979999999999,180.000000000000000,0.000000000000000,125.000000000000000
16.228000,-2,-89.581999999999994,-18.375000000000000,-45.588320000000003,180.000000000000000,0.000000000000000,125.000000000000000
16.232000,-2,-89.581999999999994,-18.375000000000000,-45.596649999999997,180.000000000000000,0.000000000000000,125.000000000000000
16.236000,-2,-89.581999999999994,-18.375000000000000,-45.604979999999998,180.000000000000000,0.000000000000000,125.000000000000000
16.240000,-2,-89.581999999999994,-18.375000000000000,-45.613320000000002,180.000000000000000,0.000000000000000,125.000000000000000
16.244000,-2,-89.581999999999994,-18.375000000000000,-45.621650000000002,180.000000000000000,0.000000000000000,125.000000000000000
16.248000,-2,-89.581999999999994,-18.375000000000000,-45.629980000000003,180.000000000000000,0.000000000000000,125.000000000000000
16.252000,-2,-89.581999999999994,-18.375000000000000,-45.638320000000000,180.000000000000000,0.000000000000000,125.000000000000000
16.256000,-2,-89.581999999999994,-18.375000000000000,-45.646650000000001,180.000000000000000,0.000000000000000,125.000000000000000
16.260000,-2,-89.581999999999994,-18.375000000000000,-45.654980000000002,180.000000000000000,0.000000000000000,125.000000000000000
16.264000,-2,-89.581999999999994,-18.375000000000000,-45.663319999999999,180.000000000000000,0.000000000000000,125.000000000000000
16.268000,-2,-89.581999999999994,-18.375000000000000,-45.671650000000000,180.000000000000000,0.000000000000000,125.000000000000000
16.272000,-2,-89.581999999999994,-18.375000000000000,-45.679980000000000,180.000000000000000,0.000000000000000,125.000000000000000
16.276000,-2,-89.581999999999994,-18.375000000000000,-45.688319999999997,180.000000000000000,0.000000000000000,125.000000000000000
16.280000,-2,-89.581999999999994,-18.375000000000000,-45.696649999999998,180.000000000000000,0.000000000000000,125.000000000000000
16.284000,-2,-89.581999999999994,-18.375000000000000,-45.704979999999999,180.000000000000000,0.000000000000000,125.000000000000000
16.288000,-2,-89.581999999999994,-18.375000000000000,-45.713320000000003,180.000000000000000,0.000000000000000,125.000000000000000
16.292000,-2,-89.581999999999994,-18.375000000000000,-45.721649999999997,180.000000000000000,0.000000000000000,125.000000000000000
16.296000,-2,-89.581999999999994,-18.375000000000000,-45.729979999999998,180.000000000000000,0.000000000000000,125.000000000000000
16.300000,-2,-89.581999999999994,-18.375000000000000,-45.738320000000002,180.000000000000000,0.000000000000000,125.000000000000000
16.304000,-2,-89.581999999999994,-18.375000000000000,-45.746650000000002,180.000000000000000,0.000000000000000,125.000000000000000
16.308000,-2,-89.581999999999994,-18.375000000000000,-45.754980000000003,180.000000000000000,0.000000000000000,125.000000000000000
16.312000,-2,-89.581999999999994,-18.375000000000000,-45.763320000000000,180.000000000000000,0.000000000000000,125.000000000000000
16.316000,-2,-89.581999999999994,-18.375000000000000,-45.771650000000001,180.000000000000000,0.000000000000000,125.000000000000000
16.320000,-2,-89.581999999999994,-18.375000000000000,-45.779980000000002,180.000000000000000,0.000000000000000,125.000000000000000
16.324000,-2,-89.581999999999994,-18.375000000000000,-45.788319999999999,180.000000000000000,0.000000000000000,125.000000000000000
16.328000,-2,-89.581999999999994,-18.375000000000000,-45.796650000000000,180.000000000000000,0.000000000000000,125.000000000000000
16.332000,-2,-89.581999999999994,-18.375000000000000,-45.804980000000000,180.000000000000000,0.000000000000000,125.000000000000000
16.336000,-2,-89.581999999999994,-18.375000000000000,-45.813319999999997,180.000000000000000,0.000000000000000,125.000000000000000
16.340000,-2,-89.581999999999994,-18.375000000000000,-45.821649999999998,180.000000000000000,0.000000000000000,125.000000000000000
16.344000,-2,-89.581999999999994,-18.375000000000000,-45.829979999999999,180.000000000000000,0.000000000000000,125.000000000000000
16.348000,-2,-89.581999999999994,-18.375000000000000,-45.838320000000003,180.000000000000000,0.000000000000000,125.000000000000000
16.352000,-2,-89.581999999999994,-18.375000000000000,-45.846649999999997,180.000000000000000,0.000000000000000,125.000000000000000
16.356000,-2,-89.581999999999994,-18.375000000000000,-45.854979999999998,180.000000000000000,0.000000000000000,125.000000000000000
16.360000,-2,-89.581999999999994,-18.375000000000000,-45.863320000000002,180.000000000000000,0.000000000000000,125.000000000000000
16.364000,-2,-89.581999999999994,-18.375000000000000,-45.871650000000002,180.000000000000000,0.000000000000000,125.000000000000000
16.368000,-2,-89.581999999999994,-18.375000000000000,-45.879980000000003,180.000000000000000,0.000000000000000,125.000000000000000
16.372000,-2,-89.581999999999994,-18.375000000000000,-45.888320000000000,180.000000000000000,0.000000000000000,125.000000000000000
16.376000,-2,-89.581999999999994,-18.375000000000000,-45.896650000000001,180.000000000000000,0.000000000000000,125.000000000000000
16.380000,-2,-89.581999999999994,-18.375000000000000,-45.904980000000002,180.000000000000000,0.000000000000000,125.000000000000000
16.384000,-2,-89.581999999999994,-18.375000000000000,-45.913319999999999,180.000000000000000,0.000000000000000,125.000000000000000
16.388000,-2,-89.581999999999994,-18.375000000000000,-45.921650000000000,180.000000000000000,0.000000000000000,125.000000000000000
16.392000,-2,-89.581999999999994,-18.375000000000000,-45.929980000000000,180.000000000000000,0.000000000000000,125.000000000000000
16.396000,-2,-89.581999999999994,-18.375000000000000,-45.938319999999997,180.000000000000000,0.000000000000000,125.000000000000000
16.400000,-2,-89.581999999999994,-18.375000000000000,-45.946649999999998,180.000000000000000,0.000000000000000,125.000000000000000
16.404000,-2,-89.581999999999994,-18.375000000000000,-45.954979999999999,180.000000000000000,0.000000000000000,125.000000000000000
16.408000,-2,-89.581999999999994,-18.375000000000000,-45.963320000000003,180.000000000000000,0.000000000000000,125.000000000000000
16.412000,-2,-89.581999999999994,-18.375000000000000,-45.971649999999997,180.000000000000000,0.000000000000000,125.000000000000000
16.416000,-2,-89.581999999999994,-18.375000000000000,-45.979979999999998,180.000000000000000,0.000000000000000,125.000000000000000
16.420000,-2,-89.581999999999994,-18.375000000000000,-45.988320000000002,180.000000000000000,0.000000000000000,125.000000000000000
16.424000,-2,-89.581999999999994,-18.375000000000000,-45.996650000000002,180.000000000000000,0.000000000000000,125.000000000000000
16.428000,-2,-89.581999999999994,-18.375000000000000,-46.004980000000003,180.000000000000000,0.000000000000000,125.000000000000000
16.432000,-2,-89.581999999999994,-18.375000000000000,-46.013320000000000,180.000000000000000,0.000000000000000,125.000000000000000
16.436000,-2,-89.581999999999994,-18.375000000000000,-46.021650000000001,180.000000000000000,0.000000000000000,125.000000000000000
16.440000,-2,-89.581999999999994,-18.375000000000000,-46.029980000000002,180.000000000000000,0.000000000000000,125.000000000000000
16.444000,-2,-89.581999999999994,-18.375000000000000,-46.038319999999999,180.000000000000000,0.000000000000000,125.000000000000000
16.448000,-2,-89.581999999999994,-18.375000000000000,-46.046650000000000,180.000000000000000,0.000000000000000,125.000000000000000
16.452000,-2,-89.581999999999994,-18.375000000000000,-46.054980000000000,180.000000000000000,0.000000000000000,125.000000000000000
16.456000,-2,-89.581999999999994,-18.375000000000000,-46.063319999999997,180.000000000000000,0.000000000000000,125.000000000000000
16.460000,-2,-89.581999999999994,-18.375000000000000,-46.071649999999998,180.000000000000000,0.000000000000000,125.000000000000000
16.464000,-2,-89.581999999999994,-18.375000000000000,-46.079979999999999,180.000000000000000,0.000000000000000,125.000000000000000
16.468000,-2,-89.581999999999994,-18.375000000000000,-46.088320000000003,180.000000000000000,0.000000000000000,125.000000000000000
16.472000,-2,-89.581999999999994,-18.375000000000000,-46.096649999999997,180.000000000000000,0.000000000000000,125.000000000000000
16.476000,-2,-89.581999999999994,-18.375000000000000,-46.104979999999998,180.000000000000000,0.000000000000000,125.000000000000000
16.480000,-2,-89.581999999999994,-18.375000000000000,-46.113320000000002,180.000000000000000,0.000000000000000,125.000000000000000
16.484000,-2,-89.581999999999994,-18.375000000000000,-46.121650000000002,180.000000000000000,0.000000000000000,125.000000000000000
16.488000,-2,-89.581999999999994,-18.375000000000000,-46.129980000000003,180.000000000000000,0.000000000000000,125.000000000000000
16.492000,-2,-89.581999999999994,-18.375000000000000,-46.138320000000000,180.000000000000000,0.000000000000000,125.000000000000000
16.496000,-2,-89.581999999999994,-18.375000000000000,-46.146650000000001,180.000000000000000,0.000000000000000,125.000000000000000
16.500000,-2,-89.581999999999994,-18.375000000000000,-46.154980000000002,180.000000000000000,0.000000000000000,125.000000000000000
16.504000,-2,-89.581999999999994,-18.375000000000000,-46.163319999999999,180.000000000000000,0.000000000000000,125.000000000000000
16.508000,-2,-89.581999999999994,-18.375000000000000,-46.171650000000000,180.000000000000000,0.000000000000000,125.000000000000000
16.512000,-2,-89.581999999999994,-18.375000000000000,-46.179980000000000,180.000000000000000,0.000000000000000,125.000000000000000
16.516000,-2,-89.581999999999994,-18.375000000000000,-46.188319999999997,180.000000000000000,0.000000000000000,125.000000000000000
16.520000,-2,-89.581999999999994,-18.375000000000000,-46.196649999999998,180.000000000000000,0.000000000000000,125.000000000000000
16.524000,-2,-89.581999999999994,-18.375000000000000,-46.204979999999999,180.000000000000000,0.000000000000000,125.000000000000000
16.528000,-2,-89.581999999999994,-18.375000000000000,-46.213320000000003,180.000000000000000,0.000000000000000,125.000000000000000
16.532000,-2,-89.581999999999994,-18.375000000000000,-46.221649999999997,180.000000000000000,0.000000000000000,125.000000000000000
16.536000,-2,-89.581999999999994,-18.375000000000000,-46.229979999999998,180.000000000000000,0.000000000000000,125.000000000000000
16.540000,-2,-89.581999999999994,-18.375000000000000,-46.238320000000002,180.000000000000000,0.000000000000000,125.000000000000000
16.544000,-2,-89.581999999999994,-18.375000000000000,-46.246650000000002,180.000000000000000,0.000000000000000,125.000000000000000
16.548000,-2,-89.581999999999994,-18.375000000000000,-46.254980000000003,180.000000000000000,0.000000000000000,125.000000000000000
16.552000,-2,-89.581999999999994,-18.375000000000000,-46.263320000000000,180.000000000000000,0.000000000000000,125.000000000000000
16.556000,-2,-89.581999999999994,-18.375000000000000,-46.271650000000001,180.000000000000000,0.000000000000000,125.000000000000000
16.560000,-2,-89.581999999999994,-18.375000000000000,-46.279980000000002,180.000000000000000,0.000000000000000,125.000000000000000
16.564000,-2,-89.581999999999994,-18.375000000000000,-46.288319999999999,180.000000000000000,0.000000000000000,125.000000000000000
16.568000,-2,-89.581999999999994,-18.375000000000000,-46.296650000000000,180.000000000000000,0.000000000000000,125.000000000000000
16.572000,-2,-89.581999999999994,-18.375000000000000,-46.304980000000000,180.000000000000000,0.000000000000000,125.000000000000000
16.576000,-2,-89.581999999999994,-18.375000000000000,-46.313319999999997,180.000000000000000,0.000000000000000,125.000000000000000
16.580000,-2,-89.581999999999994,-18.375000000000000,-46.321649999999998,180.000000000000000,0.000000000000000,125.000000000000000
16.584000,-2,-89.581999999999994,-18.375000000000000,-46.329979999999999,180.000000000000000,0.000000000000000,125.000000000000000
16.588000,-2,-89.581999999999994,-18.375000000000000,-46.338320000000003,180.000000000000000,0.000000000000000,125.000000000000000
16.592000,-2,-89.581999999999994,-18.375000000000000,-46.346649999999997,180.000000000000000,0.000000000000000,125.000000000000000
16.596000,-2,-89.581999999999994,-18.375000000000000,-46.354979999999998,180.000000000000000,0.000000000000000,125.000000000000000
16.600000,-2,-89.581999999999994,-18.375000000000000,-46.363320000000002,180.000000000000000,0.000000000000000,125.000000000000000
16.604000,-2,-89.581999999999994,-18.375000000000000,-46.371650000000002,180.000000000000000,0.000000000000000,125.000000000000000
16.608000,-2,-89.581999999999994,-18.375000000000000,-46.379980000000003,180.000000000000000,0.000000000000000,125.000000000000000
16.612000,-2,-89.581999999999994,-18.375000000000000,-46.388320000000000,180.000000000000000,0.000000000000000,125.000000000000000
16.616000,-2,-89.581999999999994,-18.375000000000000,-46.396650000000001,180.000000000000000,0.000000000000000,125.000000000000000
16.620000,-2,-89.581999999999994,-18.375000000000000,-46.404980000000002,180.000000000000000,0.000000000000000,125.000000000000000
16.624000,-2,-89.581999999999994,-18.375000000000000,-46.413319999999999,180.000000000000000,0.000000000000000,125.000000000000000
16.628000,-2,-89.581999999999994,-18.375000000000000,-46.421650000000000,180.000000000000000,0.000000000000000,125.000000000000000
16.632000,-2,-89.581999999999994,-18.375000000000000,-46.429980000000000,180.000000000000000,0.000000000000000,125.000000000000000
16.636000,-2,-89.581999999999994,-18.375000000000000,-46.438319999999997,180.000000000000000,0.000000000000000,125.000000000000000
16.640000,-2,-89.581999999999994,-18.375000000000000,-46.446649999999998,180.000000000000000,0.000000000000000,125.000000000000000
16.644000,-2,-89.581999999999994,-18.375000000000000,-46.454979999999999,180.000000000000000,0.000000000000000,125.000000000000000
16.648000,-2,-89.581999999999994,-18.375000000000000,-46.463320000000003,180.000000000000000,0.000000000000000,125.000000000000000
16.652000,-2,-89.581999999999994,-18.375000000000000,-46.471649999999997,180.000000000000000,0.000000000000000,125.000000000000000
16.656000,-2,-89.581999999999994,-18.375000000000000,-46.479979999999998,180.000000000000000,0.000000000000000,125.000000000000000
16.660000,-2,-89.581999999999994,-18.375000000000000,-46.488320000000002,180.000000000000000,0.000000000000000,125.000000000000000
16.664000,-2,-89.581999999999994,-18.375000000000000,-46.496650000000002,180.000000000000000,0.000000000000000,125.000000000000000
16.668000,-2,-89.581999999999994,-18.375000000000000,-46.504980000000003,180.000000000000000,0.000000000000000,125.000000000000000
16.672000,-2,-89.581999999999994,-18.375000000000000,-46.513320000000000,180.000000000000000,0.000000000000000,125.000000000000000
16.676000,-2,-89.581999999999994,-18.375000000000000,-46.521650000000001,180.000000000000000,0.000000000000000,125.000000000000000
16.680000,-2,-89.581999999999994,-18.375000000000000,-46.529980000000002,180.000000000000000,0.000000000000000,125.000000000000000
16.684000,-2,-89.581999999999994,-18.375000000000000,-46.538319999999999,180.000000000000000,0.000000000000000,125.000000000000000
16.688000,-2,-89.581999999999994,-18.375000000000000,-46.546650000000000,180.000000000000000,0.000000000000000,125.000000000000000
16.692000,-2,-89.581999999999994,-18.375000000000000,-46.554980000000000,180.000000000000000,0.000000000000000,125.000000000000000
16.696000,-2,-89.581999999999994,-18.375000000000000,-46.563319999999997,180.000000000000000,0.000000000000000,125.000000000000000
16.700000,-2,-89.581999999999994,-18.375000000000000,-46.571649999999998,180.000000000000000,0.000000000000000,125.000000000000000
16.704000,-2,-89.581999999999994,-18.375000000000000,-46.579979999999999,180.000000000000000,0.000000000000000,125.000000000000000
16.708000,-2,-89.581999999999994,-18.375000000000000,-46.588320000000003,180.000000000000000,0.000000000000000,125.000000000000000
16.712000,-2,-89.581999999999994,-18.375000000000000,-46.596649999999997,180.000000000000000,0.000000000000000,125.000000000000000
16.716000,-2,-89.581999999999994,-18.375000000000000,-46.604979999999998,180.000000000000000,0.000000000000000,125.000000000000000
16.720000,-2,-89.581999999999994,-18.375000000000000,-46.613320000000002,180.000000000000000,0.000000000000000,125.000000000000000
16.724000,-2,-89.581999999999994,-18.375000000000000,-46.621650000000002,180.000000000000000,0.000000000000000,125.000000000000000
16.728000,-2,-89.581999999999994,-18.375000000000000,-46.629980000000003,180.000000000000000,0.000000000000000,125.000000000000000
16.732000,-2,-89.581999999999994,-18.375000000000000,-46.638320000000000,180.000000000000000,0.000000000000000,125.000000000000000
16.736000,-2,-89.581999999999994,-18.375000000000000,-46.646650000000001,180.000000000000000,0.000000000000000,125.000000000000000
16.740000,-2,-89.581999999999994,-18.375000000000000,-46.654980000000002,180.000000000000000,0.000000000000000,125.000000000000000
16.744000,-2,-89.581999999999994,-18.375000000000000,-46.663319999999999,180.000000000000000,0.000000000000000,125.000000000000000
16.748000,-2,-89.581999999999994,-18.375000000000000,-46.671650000000000,180.000000000000000,0.000000000000000,125.000000000000000
16.752000,-2,-89.581999999999994,-18.375000000000000,-46.679980000000000,180.000000000000000,0.000000000000000,125.000000000000000
16.756000,-2,-89.581999999999994,-18.375000000000000,-46.688319999999997,180.000000000000000,0.000000000000000,125.000000000000000
16.760000,-2,-89.581999999999994,-18.375000000000000,-46.696649999999998,180.000000000000000,0.000000000000000,125.000000000000000
16.764000,-2,-89.581999999999994,-18.375000000000000,-46.704979999999999,180.000000000000000,0.000000000000000,125.000000000000000
16.768000,-2,-89.581999999999994,-18.375000000000000,-46.713320000000003,180.000000000000000,0.000000000000000,125.000000000000000
16.772000,-2,-89.581999999999994,-18.375000000000000,-46.721649999999997,180.000000000000000,0.000000000000000,125.000000000000000
16.776000,-2,-89.581999999999994,-18.375000000000000,-46.729979999999998,180.000000000000000,0.000000000000000,125.000000000000000
16.780000,-2,-89.581999999999994,-18.375000000000000,-46.738320000000002,180.000000000000000,0.000000000000000,125.000000000000000
16.784000,-2,-89.581999999999994,-18.375000000000000,-46.746650000000002,180.000000000000000,0.000000000000000,125.000000000000000
16.788000,-2,-89.581999999999994,-18.375000000000000,-46.754980000000003,180.000000000000000,0.000000000000000,125.000000000000000
16.792000,-2,-89.581999999999994,-18.375000000000000,-46.763320000000000,180.000000000000000,0.000000000000000,125.000000000000000
16.796000,-2,-89.581999999999994,-18.375000000000000,-46.771650000000001,180.000000000000000,0.000000000000000,125.000000000000000
16.800000,-2,-89.581999999999994,-18.375000000000000,-46.779980000000002,180.000000000000000,0.000000000000000,125.000000000000000
16.804000,-2,-89.581999999999994,-18.375000000000000,-46.788319999999999,180.000000000000000,0.000000000000000,125.000000000000000
16.808000,-2,-89.581999999999994,-18.375000000000000,-46.796650000000000,180.000000000000000,0.000000000000000,125.000000000000000
16.812000,-2,-89.581999999999994,-18.375000000000000,-46.804980000000000,180.000000000000000,0.000000000000000,125.000000000000000
16.816000,-2,-89.581999999999994,-18.375000000000000,-46.813319999999997,180.000000000000000,0.000000000000000,125.000000000000000
16.820000,-2,-89.581999999999994,-18.375000000000000,-46.821649999999998,180.000000000000000,0.000000000000000,125.000000000000000
16.824000,-2,-89.581999999999994,-18.375000000000000,-46.829979999999999,180.000000000000000,0.000000000000000,125.000000000000000
16.828000,-2,-89.581999999999994,-18.375000000000000,-46.838320000000003,180.000000000000000,0.000000000000000,125.000000000000000
16.832000,-2,-89.581999999999994,-18.375000000000000,-46.846649999999997,180.000000000000000,0.000000000000000,125.000000000000000
16.836000,-2,-89.581999999999994,-18.375000000000000,-46.854979999999998,180.000000000000000,0.000000000000000,125.000000000000000
16.840000,-2,-89.581999999999994,-18.375000000000000,-46.863320000000002,180.000000000000000,0.000000000000000,125.000000000000000
16.844000,-2,-89.581999999999994,-18.375000000000000,-46.871650000000002,180.000000000000000,0.000000000000000,125.000000000000000
16.848000,-2,-89.581999999999994,-18.375000000000000,-46.879980000000003,180.000000000000000,0.000000000000000,125.000000000000000
16.852000,-2,-89.581999999999994,-18.375000000000000,-46.888320000000000,180.000000000000000,0.000000000000000,125.000000000000000
16.856000,-2,-89.581999999999994,-18.375000000000000,-46.896650000000001,180.000000000000000,0.000000000000000,125.000000000000000
16.860000,-2,-89.581999999999994,-18.375000000000000,-46.904980000000002,180.000000000000000,0.000000000000000,125.000000000000000
16.864000,-2,-89.581999999999994,-18.375000000000000,-46.913319999999999,180.000000000000000,0.000000000000000,125.000000000000000
16.868000,-2,-89.581999999999994,-18.375000000000000,-46.921650000000000,180.000000000000000,0.000000000000000,125.000000000000000
16.872000,-2,-89.581999999999994,-18.375000000000000,-46.929980000000000,180.000000000000000,0.000000000000000,125.000000000000000
16.876000,-2,-89.581999999999994,-18.375000000000000,-46.938319999999997,180.000000000000000,0.000000000000000,125.000000000000000
16.880000,-2,-89.581999999999994,-18.375000000000000,-46.946649999999998,180.000000000000000,0.000000000000000,125.000000000000000
16.884000,-2,-89.581999999999994,-18.375000000000000,-46.954979999999999,180.000000000000000,0.000000000000000,125.000000000000000
16.888000,-2,-89.581999999999994,-18.375000000000000,-46.963320000000003,180.000000000000000,0.000000000000000,125.000000000000000
16.892000,-2,-89.581999999999994,-18.375000000000000,-46.971649999999997,180.000000000000000,0.000000000000000,125.000000000000000
16.896000,-2,-89.581999999999994,-18.375000000000000,-46.979979999999998,180.000000000000000,0.000000000000000,125.000000000000000
16.900000,-2,-89.581999999999994,-18.375000000000000,-46.988320000000002,180.000000000000000,0.000000000000000,125.000000000000000
16.904000,-2,-89.581999999999994,-18.375000000000000,-46.996650000000002,180.000000000000000,0.000000000000000,125.000000000000000
16.908000,-2,-89.581999999999994,-18.375000000000000,-47.004980000000003,180.000000000000000,0.000000000000000,125.000000000000000
16.912000,-2,-89.581999999999994,-18.375000000000000,-47.013320000000000,180.000000000000000,0.000000000000000,125.000000000000000
16.916000,-2,-89.581999999999994,-18.375000000000000,-47.021650000000001,180.000000000000000,0.000000000000000,125.000000000000000
16.920000,-2,-89.581999999999994,-18.375000000000000,-47.029980000000002,180.000000000000000,0.000000000000000,125.000000000000000
16.924000,-2,-89.581999999999994,-18.375000000000000,-47.038319999999999,180.000000000000000,0.000000000000000,125.000000000000000
16.928000,-2,-89.581999999999994,-18.375000000000000,-47.046650000000000,180.000000000000000,0.000000000000000,125.000000000000000
16.932000,-2,-89.581999999999994,-18.375000000000000,-47.054980000000000,180.000000000000000,0.000000000000000,125.000000000000000
16.936000,-2,-89.581999999999994,-18.375000000000000,-47.063319999999997,180.000000000000000,0.000000000000000,125.000000000000000
16.940000,-2,-89.581999999999994,-18.375000000000000,-47.071649999999998,180.000000000000000,0.000000000000000,125.000000000000000
16.944000,-2,-89.581999999999994,-18.375000000000000,-47.079979999999999,180.000000000000000,0.000000000000000,125.000000000000000
16.948000,-2,-89.581999999999994,-18.375000000000000,-47.088320000000003,180.000000000000000,0.000000000000000,125.000000000000000
16.952000,-2,-89.581999999999994,-18.375000000000000,-47.096649999999997,180.000000000000000,0.000000000000000,125.000000000000000
16.956000,-2,-89.581999999999994,-18.375000000000000,-47.104979999999998,180.000000000000000,0.000000000000000,125.000000000000000
16.960000,-2,-89.581999999999994,-18.375000000000000,-47.113320000000002,180.000000000000000,0.000000000000000,125.000000000000000
16.964000,-2,-89.581999999999994,-18.375000000000000,-47.121650000000002,180.000000000000000,0.000000000000000,125.000000000000000
16.968000,-2,-89.581999999999994,-18.375000000000000,-47.129980000000003,180.000000000000000,0.000000000000000,125.000000000000000
16.972000,-2,-89.581999999999994,-18.375000000000000,-47.138320000000000,180.000000000000000,0.000000000000000,125.000000000000000
16.976000,-2,-89.581999999999994,-18.375000000000000,-47.146650000000001,180.000000000000000,0.000000000000000,125.000000000000000
16.980000,-2,-89.581999999999994,-18.375000000000000,-47.154980000000002,180.000000000000000,0.000000000000000,125.000000000000000
16.984000,-2,-89.581999999999994,-18.375000000000000,-47.163319999999999,180.000000000000000,0.000000000000000,125.000000000000000
16.988000,-2,-89.581999999999994,-18.375000000000000,-47.171650000000000,180.000000000000000,0.000000000000000,125.000000000000000
16.992000,-2,-89.581999999999994,-18.375000000000000,-47.179980000000000,180.000000000000000,0.000000000000000,125.000000000000000
16.996000,-2,-89.581999999999994,-18.375000000000000,-47.188319999999997,180.000000000000000,0.000000000000000,125.000000000000000
17.000000,-2,-89.581999999999994,-18.375000000000000,-47.196649999999998,180.000000000000000,0.000000000000000,125.000000000000000
17.004000,-2,-89.581999999999994,-18.375000000000000,-47.204979999999999,180.000000000000000,0.000000000000000,125.000000000000000
17.008000,-2,-89.581999999999994,-18.375000000000000,-47.213320000000003,180.000000000000000,0.000000000000000,125.000000000000000
17.012000,-2,-89.581999999999994,-18.375000000000000,-47.221649999999997,180.000000000000000,0.000000000000000,125.000000000000000
17.016000,-2,-89.581999999999994,-18.375000000000000,-47.229979999999998,180.000000000000000,0.000000000000000,125.000000000000000
17.020000,-2,-89.581999999999994,-18.375000000000000,-47.238320000000002,180.000000000000000,0.000000000000000,125.000000000000000
17.024000,-2,-89.581999999999994,-18.375000000000000,-47.246650000000002,180.000000000000000,0.000000000000000,125.000000000000000
17.028000,-2,-89.581999999999994,-18.375000000000000,-47.254980000000003,180.000000000000000,0.000000000000000,125.000000000000000
17.032000,-2,-89.581999999999994,-18.375000000000000,-47.263320000000000,180.000000000000000,0.000000000000000,125.000000000000000
17.036000,-2,-89.581999999999994,-18.375000000000000,-47.271650000000001,180.000000000000000,0.000000000000000,125.000000000000000
17.040000,-2,-89.581999999999994,-18.375000000000000,-47.279980000000002,180.000000000000000,0.000000000000000,125.000000000000000
17.044000,-2,-89.581999999999994,-18.375000000000000,-47.288319999999999,180.000000000000000,0.000000000000000,125.000000000000000
17.048000,-2,-89.581999999999994,-18.375000000000000,-47.296650000000000,180.000000000000000,0.000000000000000,125.000000000000000
17.052000,-2,-89.581999999999994,-18.375000000000000,-47.304980000000000,180.000000000000000,0.000000000000000,125.000000000000000
17.056000,-2,-89.581999999999994,-18.375000000000000,-47.313319999999997,180.000000000000000,0.000000000000000,125.000000000000000
17.060000,-2,-89.581999999999994,-18.375000000000000,-47.321649999999998,180.000000000000000,0.000000000000000,125.000000000000000
17.064000,-2,-89.581999999999994,-18.375000000000000,-47.329979999999999,180.000000000000000,0.000000000000000,125.000000000000000
17.068000,-2,-89.581999999999994,-18.375000000000000,-47.338320000000003,180.000000000000000,0.000000000000000,125.000000000000000
17.072000,-2,-89.581999999999994,-18.375000000000000,-47.346649999999997,180.000000000000000,0.000000000000000,125.000000000000000
17.076000,-2,-89.581999999999994,-18.375000000000000,-47.354979999999998,180.000000000000000,0.000000000000000,125.000000000000000
17.080000,-2,-89.581999999999994,-18.375000000000000,-47.363320000000002,180.000000000000000,0.000000000000000,125.000000000000000
17.084000,-2,-89.581999999999994,-18.375000000000000,-47.371650000000002,180.000000000000000,0.000000000000000,125.000000000000000
17.088000,-2,-89.581999999999994,-18.375000000000000,-47.379980000000003,180.000000000000000,0.000000000000000,125.000000000000000
17.092000,-2,-89.581999999999994,-18.375000000000000,-47.388320000000000,180.000000000000000,0.000000000000000,125.000000000000000
17.096000,-2,-89.581999999999994,-18.375000000000000,-47.396650000000001,180.000000000000000,0.000000000000000,125.000000000000000
17.100000,-2,-89.581999999999994,-18.375000000000000,-47.404980000000002,180.000000000000000,0.000000000000000,125.000000000000000
17.104000,-2,-89.581999999999994,-18.375000000000000,-47.413319999999999,180.000000000000000,0.000000000000000,125.000000000000000
17.108000,-2,-89.581999999999994,-18.375000000000000,-47.421650000000000,180.000000000000000,0.000000000000000,125.000000000000000
17.112000,-2,-89.581999999999994,-18.375000000000000,-47.429980000000000,180.000000000000000,0.000000000000000,125.000000000000000
17.116000,-2,-89.581999999999994,-18.375000000000000,-47.438319999999997,180.000000000000000,0.000000000000000,125.000000000000000
17.120000,-2,-89.581999999999994,-18.375000000000000,-47.446649999999998,180.000000000000000,0.000000000000000,125.000000000000000
17.124000,-2,-89.581999999999994,-18.375000000000000,-47.454979999999999,180.000000000000000,0.000000000000000,125.000000000000000
17.128000,-2,-89.581999999999994,-18.375000000000000,-47.463320000000003,180.000000000000000,0.000000000000000,125.000000000000000
17.132000,-2,-89.581999999999994,-18.375000000000000,-47.471649999999997,180.000000000000000,0.000000000000000,125.000000000000000
17.136000,-2,-89.581999999999994,-18.375000000000000,-47.479979999999998,180.000000000000000,0.000000000000000,125.000000000000000
17.140000,-2,-89.581999999999994,-18.375000000000000,-47.488320000000002,180.000000000000000,0.000000000000000,125.000000000000000
17.144000,-2,-89.581999999999994,-18.375000000000000,-47.496650000000002,180.000000000000000,0.000000000000000,125.000000000000000
17.148000,-2,-89.581999999999994,-18.375000000000000,-47.504980000000003,180.000000000000000,0.000000000000000,125.000000000000000
17.152000,-2,-89.581999999999994,-18.375000000000000,-47.513320000000000,180.000000000000000,0.000000000000000,125.000000000000000
17.156000,-2,-89.581999999999994,-18.375000000000000,-47.521650000000001,180.000000000000000,0.000000000000000,125.000000000000000
17.160000,-2,-89.581999999999994,-18.375000000000000,-47.529980000000002,180.000000000000000,0.000000000000000,125.000000000000000
17.164000,-2,-89.581999999999994,-18.375000000000000,-47.538319999999999,180.000000000000000,0.000000000000000,125.000000000000000
17.168000,-2,-89.581999999999994,-18.375000000000000,-47.546650000000000,180.000000000000000,0.000000000000000,125.000000000000000
17.172000,-2,-89.581999999999994,-18.375000000000000,-47.554980000000000,180.000000000000000,0.000000000000000,125.000000000000000
17.176000,-2,-89.581999999999994,-18.375000000000000,-47.563319999999997,180.000000000000000,0.000000000000000,125.000000000000000
17.180000,-2,-89.581999999999994,-18.375000000000000,-47.571649999999998,180.000000000000000,0.000000000000000,125.000000000000000
17.184000,-2,-89.581999999999994,-18.375000000000000,-47.579979999999999,180.000000000000000,0.000000000000000,125.000000000000000
17.188000,-2,-89.581999999999994,-18.375000000000000,-47.588320000000003,180.000000000000000,0.000000000000000,125.000000000000000
17.192000,-2,-89.581999999999994,-18.375000000000000,-47.596649999999997,180.000000000000000,0.000000000000000,125.000000000000000
17.196000,-2,-89.581999999999994,-18.375000000000000,-47.604979999999998,180.000000000000000,0.000000000000000,125.000000000000000
17.200000,-2,-89.581999999999994,-18.375000000000000,-47.613320000000002,180.000000000000000,0.000000000000000,125.000000000000000
17.204000,-2,-89.581999999999994,-18.375000000000000,-47.621650000000002,180.000000000000000,0.000000000000000,125.000000000000000
17.208000,-2,-89.581999999999994,-18.375000000000000,-47.629980000000003,180.000000000000000,0.000000000000000,125.000000000000000
17.212000,-2,-89.581999999999994,-18.375000000000000,-47.638320000000000,180.000000000000000,0.000000000000000,125.000000000000000
17.216000,-2,-89.581999999999994,-18.375000000000000,-47.646650000000001,180.000000000000000,0.000000000000000,125.000000000000000
17.220000,-2,-89.581999999999994,-18.375000000000000,-47.654980000000002,180.000000000000000,0.000000000000000,125.000000000000000
17.224000,-2,-89.581999999999994,-18.375000000000000,-47.663319999999999,180.000000000000000,0.000000000000000,125.000000000000000
17.228000,-2,-89.581999999999994,-18.375000000000000,-47.671650000000000,180.000000000000000,0.000000000000000,125.000000000000000
17.232000,-2,-89.581999999999994,-18.375000000000000,-47.679980000000000,180.000000000000000,0.000000000000000,125.000000000000000
17.236000,-2,-89.581999999999994,-18.375000000000000,-47.688319999999997,180.000000000000000,0.000000000000000,125.000000000000000
17.240000,-2,-89.581999999999994,-18.375000000000000,-47.696649999999998,180.000000000000000,0.000000000000000,125.000000000000000
17.244000,-2,-89.581999999999994,-18.375000000000000,-47.704979999999999,180.000000000000000,0.000000000000000,125.000000000000000
17.248000,-2,-89.581999999999994,-18.375000000000000,-47.713320000000003,180.000000000000000,0.000000000000000,125.000000000000000
17.252000,-2,-89.581999999999994,-18.375000000000000,-47.721649999999997,180.000000000000000,0.000000000000000,125.000000000000000
17.256000,-2,-89.581999999999994,-18.375000000000000,-47.729979999999998,180.000000000000000,0.000000000000000,125.000000000000000
17.260000,-2,-89.581999999999994,-18.375000000000000,-47.738320000000002,180.000000000000000,0.000000000000000,125.000000000000000
17.264000,-2,-89.581999999999994,-18.375000000000000,-47.746650000000002,180.000000000000000,0.000000000000000,125.000000000000000
17.268000,-2,-89.581999999999994,-18.375000000000000,-47.754980000000003,180.000000000000000,0.000000000000000,125.000000000000000
17.272000,-2,-89.581999999999994,-18.375000000000000,-47.763320000000000,180.000000000000000,0.000000000000000,125.000000000000000
17.276000,-2,-89.581999999999994,-18.375000000000000,-47.771650000000001,180.000000000000000,0.000000000000000,125.000000000000000
17.280000,-2,-89.581999999999994,-18.375000000000000,-47.779980000000002,180.000000000000000,0.000000000000000,125.000000000000000
17.284000,-2,-89.581999999999994,-18.375000000000000,-47.788319999999999,180.000000000000000,0.000000000000000,125.000000000000000
17.288000,-2,-89.581999999999994,-18.375000000000000,-47.796650000000000,180.000000000000000,0.000000000000000,125.000000000000000
17.292000,-2,-89.581999999999994,-18.375000000000000,-47.804980000000000,180.000000000000000,0.000000000000000,125.000000000000000
17.296000,-2,-89.581999999999994,-18.375000000000000,-47.813319999999997,180.000000000000000,0.000000000000000,125.000000000000000
17.300000,-2,-89.581999999999994,-18.375000000000000,-47.821649999999998,180.000000000000000,0.000000000000000,125.000000000000000
17.304000,-2,-89.581999999999994,-18.375000000000000,-47.829979999999999,180.000000000000000,0.000000000000000,125.000000000000000
17.308000,-2,-89.581999999999994,-18.375000000000000,-47.838320000000003,180.000000000000000,0.000000000000000,125.000000000000000
17.312000,-2,-89.581999999999994,-18.375000000000000,-47.846649999999997,180.000000000000000,0.000000000000000,125.000000000000000
17.316000,-2,-89.581999999999994,-18.375000000000000,-47.854979999999998,180.000000000000000,0.000000000000000,125.000000000000000
17.320000,-2,-89.581999999999994,-18.375000000000000,-47.863320000000002,180.000000000000000,0.000000000000000,125.000000000000000
17.324000,-2,-89.581999999999994,-18.375000000000000,-47.871650000000002,180.000000000000000,0.000000000000000,125.000000000000000
17.328000,-2,-89.581999999999994,-18.375000000000000,-47.879980000000003,180.000000000000000,0.000000000000000,125.000000000000000
17.332000,-2,-89.581999999999994,-18.375000000000000,-47.888320000000000,180.000000000000000,0.000000000000000,125.000000000000000
17.336000,-2,-89.581999999999994,-18.375000000000000,-47.896650000000001,180.000000000000000,0.000000000000000,125.000000000000000
17.340000,-2,-89.581999999999994,-18.375000000000000,-47.904980000000002,180.000000000000000,0.000000000000000,125.000000000000000
17.344000,-2,-89.581999999999994,-18.375000000000000,-47.913319999999999,180.000000000000000,0.000000000000000,125.000000000000000
17.348000,-2,-89.581999999999994,-18.375000000000000,-47.921650000000000,180.000000000000000,0.000000000000000,125.000000000000000
17.352000,-2,-89.581999999999994,-18.375000000000000,-47.929980000000000,180.000000000000000,0.000000000000000,125.000000000000000
17.356000,-2,-89.581999999999994,-18.375000000000000,-47.938319999999997,180.000000000000000,0.000000000000000,125.000000000000000
17.360000,-2,-89.581999999999994,-18.375000000000000,-47.946649999999998,180.000000000000000,0.000000000000000,125.000000000000000
17.364000,-2,-89.581999999999994,-18.375000000000000,-47.954979999999999,180.000000000000000,0.000000000000000,125.000000000000000
17.368000,-2,-89.581999999999994,-18.375000000000000,-47.963320000000003,180.000000000000000,0.000000000000000,125.000000000000000
17.372000,-2,-89.581999999999994,-18.375000000000000,-47.971649999999997,180.000000000000000,0.000000000000000,125.000000000000000
17.376000,-2,-89.581999999999994,-18.375000000000000,-47.979979999999998,180.000000000000000,0.000000000000000,125.000000000000000
17.380000,-2,-89.581999999999994,-18.375000000000000,-47.988320000000002,180.000000000000000,0.000000000000000,125.000000000000000
17.384000,-2,-89.581999999999994,-18.375000000000000,-47.996650000000002,180.000000000000000,0.000000000000000,125.000000000000000
17.388000,-2,-89.581999999999994,-18.375000000000000,-48.004980000000003,180.000000000000000,0.000000000000000,125.000000000000000
17.392000,-2,-89.581999999999994,-18.375000000000000,-48.013320000000000,180.000000000000000,0.000000000000000,125.000000000000000
17.396000,-2,-89.581999999999994,-18.375000000000000,-48.021650000000001,180.000000000000000,0.000000000000000,125.000000000000000
17.400000,-2,-89.581999999999994,-18.375000000000000,-48.029980000000002,180.000000000000000,0.000000000000000,125.000000000000000
17.404000,-2,-89.581999999999994,-18.375000000000000,-48.038319999999999,180.000000000000000,0.000000000000000,125.000000000000000
17.408000,-2,-89.581999999999994,-18.375000000000000,-48.046650000000000,180.000000000000000,0.000000000000000,125.000000000000000
17.412000,-2,-89.581999999999994,-18.375000000000000,-48.054980000000000,180.000000000000000,0.000000000000000,125.000000000000000
17.416000,-2,-89.581999999999994,-18.375000000000000,-48.063319999999997,180.000000000000000,0.000000000000000,125.000000000000000
17.420000,-2,-89.581999999999994,-18.375000000000000,-48.071649999999998,180.000000000000000,0.000000000000000,125.000000000000000
17.424000,-2,-89.581999999999994,-18.375000000000000,-48.079979999999999,180.000000000000000,0.000000000000000,125.000000000000000
17.428000,-2,-89.581999999999994,-18.375000000000000,-48.088320000000003,180.000000000000000,0.000000000000000,125.000000000000000
17.432000,-2,-89.581999999999994,-18.375000000000000,-48.096649999999997,180.000000000000000,0.000000000000000,125.000000000000000
17.436000,-2,-89.581999999999994,-18.375000000000000,-48.104979999999998,180.000000000000000,0.000000000000000,125.000000000000000
17.440000,-2,-89.581999999999994,-18.375000000000000,-48.113320000000002,180.000000000000000,0.000000000000000,125.000000000000000
17.444000,-2,-89.581999999999994,-18.375000000000000,-48.121650000000002,180.000000000000000,0.000000000000000,125.000000000000000
17.448000,-2,-89.581999999999994,-18.375000000000000,-48.129980000000003,180.000000000000000,0.000000000000000,125.000000000000000
17.452000,-2,-89.581999999999994,-18.375000000000000,-48.138320000000000,180.000000000000000,0.000000000000000,125.000000000000000
17.456000,-2,-89.581999999999994,-18.375000000000000,-48.146650000000001,180.000000000000000,0.000000000000000,125.000000000000000
17.460000,-2,-89.581999999999994,-18.375000000000000,-48.154980000000002,180.000000000000000,0.000000000000000,125.000000000000000
17.464000,-2,-89.581999999999994,-18.375000000000000,-48.163319999999999,180.000000000000000,0.000000000000000,125.000000000000000
17.468000,-2,-89.581999999999994,-18.375000000000000,-48.171650000000000,180.000000000000000,0.000000000000000,125.000000000000000
17.472000,-2,-89.581999999999994,-18.375000000000000,-48.179980000000000,180.000000000000000,0.000000000000000,125.000000000000000
17.476000,-2,-89.581999999999994,-18.375000000000000,-48.188319999999997,180.000000000000000,0.000000000000000,125.000000000000000
17.480000,-2,-89.581999999999994,-18.375000000000000,-48.196649999999998,180.000000000000000,0.000000000000000,125.000000000000000
17.484000,-2,-89.581999999999994,-18.375000000000000,-48.204979999999999,180.000000000000000,0.000000000000000,125.000000000000000
17.488000,-2,-89.581999999999994,-18.375000000000000,-48.213320000000003,180.000000000000000,0.000000000000000,125.000000000000000
17.492000,-2,-89.581999999999994,-18.375000000000000,-48.221649999999997,180.000000000000000,0.000000000000000,125.000000000000000
17.496000,-2,-89.581999999999994,-18.375000000000000,-48.229979999999998,180.000000000000000,0.000000000000000,125.000000000000000
17.500000,-2,-89.581999999999994,-18.375000000000000,-48.238320000000002,180.000000000000000,0.000000000000000,125.000000000000000
17.504000,-2,-89.581999999999994,-18.375000000000000,-48.246650000000002,180.000000000000000,0.000000000000000,125.000000000000000
17.508000,-2,-89.581999999999994,-18.375000000000000,-48.254980000000003,180.000000000000000,0.000000000000000,125.000000000000000
17.512000,-2,-89.581999999999994,-18.375000000000000,-48.263320000000000,180.000000000000000,0.000000000000000,125.000000000000000
17.516000,-2,-89.581999999999994,-18.375000000000000,-48.271650000000001,180.000000000000000,0.000000000000000,125.000000000000000
17.520000,-2,-89.581999999999994,-18.375000000000000,-48.279980000000002,180.000000000000000,0.000000000000000,125.000000000000000
17.524000,-2,-89.581999999999994,-18.375000000000000,-48.288319999999999,180.000000000000000,0.000000000000000,125.000000000000000
17.528000,-2,-89.581999999999994,-18.375000000000000,-48.296650000000000,180.000000000000000,0.000000000000000,125.000000000000000
17.532000,-2,-89.581999999999994,-18.375000000000000,-48.304980000000000,180.000000000000000,0.000000000000000,125.000000000000000
17.536000,-2,-89.581999999999994,-18.375000000000000,-48.313319999999997,180.000000000000000,0.000000000000000,125.000000000000000
17.540000,-2,-89.581999999999994,-18.375000000000000,-48.321649999999998,180.000000000000000,0.000000000000000,125.000000000000000
17.544000,-2,-89.581999999999994,-18.375000000000000,-48.329979999999999,180.000000000000000,0.000000000000000,125.000000000000000
17.548000,-2,-89.581999999999994,-18.375000000000000,-48.338320000000003,180.000000000000000,0.000000000000000,125.000000000000000
17.552000,-2,-89.581999999999994,-18.375000000000000,-48.346649999999997,180.000000000000000,0.000000000000000,125.000000000000000
17.556000,-2,-89.581999999999994,-18.375000000000000,-48.354979999999998,180.000000000000000,0.000000000000000,125.000000000000000
17.560000,-2,-89.581999999999994,-18.375000000000000,-48.363320000000002,180.000000000000000,0.000000000000000,125.000000000000000
17.564000,-2,-89.581999999999994,-18.375000000000000,-48.371650000000002,180.000000000000000,0.000000000000000,125.000000000000000
17.568000,-2,-89.581999999999994,-18.375000000000000,-48.379980000000003,180.000000000000000,0.000000000000000,125.000000000000000
17.572000,-2,-89.581999999999994,-18.375000000000000,-48.388320000000000,180.000000000000000,0.000000000000000,125.000000000000000
17.576000,-2,-89.581999999999994,-18.375000000000000,-48.396650000000001,180.000000000000000,0.000000000000000,125.000000000000000
17.580000,-2,-89.581999999999994,-18.375000000000000,-48.404980000000002,180.000000000000000,0.000000000000000,125.000000000000000
17.584000,-2,-89.581999999999994,-18.375000000000000,-48.413319999999999,180.000000000000000,0.000000000000000,125.000000000000000
17.588000,-2,-89.581999999999994,-18.375000000000000,-48.421650000000000,180.000000000000000,0.000000000000000,125.000000000000000
17.592000,-2,-89.581999999999994,-18.375000000000000,-48.429980000000000,180.000000000000000,0.000000000000000,125.000000000000000
17.596000,-2,-89.581999999999994,-18.375000000000000,-48.438319999999997,180.000000000000000,0.000000000000000,125.000000000000000
17.600000,-2,-89.581999999999994,-18.375000000000000,-48.446649999999998,180.000000000000000,0.000000000000000,125.000000000000000
17.604000,-2,-89.581999999999994,-18.375000000000000,-48.454979999999999,180.000000000000000,0.000000000000000,125.000000000000000
17.608000,-2,-89.581999999999994,-18.375000000000000,-48.463320000000003,180.000000000000000,0.000000000000000,125.000000000000000
17.612000,-2,-89.581999999999994,-18.375000000000000,-48.471649999999997,180.000000000000000,0.000000000000000,125.000000000000000
17.616000,-2,-89.581999999999994,-18.375000000000000,-48.479979999999998,180.000000000000000,0.000000000000000,125.000000000000000
17.620000,-2,-89.581999999999994,-18.375000000000000,-48.488320000000002,180.000000000000000,0.000000000000000,125.000000000000000
17.624000,-2,-89.581999999999994,-18.375000000000000,-48.496650000000002,180.000000000000000,0.000000000000000,125.000000000000000
17.628000,-2,-89.581999999999994,-18.375000000000000,-48.504980000000003,180.000000000000000,0.000000000000000,125.000000000000000
17.632000,-2,-89.581999999999994,-18.375000000000000,-48.513320000000000,180.000000000000000,0.000000000000000,125.000000000000000
17.636000,-2,-89.581999999999994,-18.375000000000000,-48.521650000000001,180.000000000000000,0.000000000000000,125.000000000000000
17.640000,-2,-89.581999999999994,-18.375000000000000,-48.529980000000002,180.000000000000000,0.000000000000000,125.000000000000000
17.644000,-2,-89.581999999999994,-18.375000000000000,-48.538319999999999,180.000000000000000,0.000000000000000,125.000000000000000
17.648000,-2,-89.581999999999994,-18.375000000000000,-48.546650000000000,180.000000000000000,0.000000000000000,125.000000000000000
17.652000,-2,-89.581999999999994,-18.375000000000000,-48.554980000000000,180.000000000000000,0.000000000000000,125.000000000000000
17.656000,-2,-89.581999999999994,-18.375000000000000,-48.563319999999997,180.000000000000000,0.000000000000000,125.000000000000000
17.660000,-2,-89.581999999999994,-18.375000000000000,-48.571649999999998,180.000000000000000,0.000000000000000,125.000000000000000
17.664000,-2,-89.581999999999994,-18.375000000000000,-48.579979999999999,180.000000000000000,0.000000000000000,125.000000000000000
17.668000,-2,-89.581999999999994,-18.375000000000000,-48.588320000000003,180.000000000000000,0.000000000000000,125.000000000000000
17.672000,-2,-89.581999999999994,-18.375000000000000,-48.596649999999997,180.000000000000000,0.000000000000000,125.000000000000000
17.676000,-2,-89.581999999999994,-18.375000000000000,-48.604979999999998,180.000000000000000,0.000000000000000,125.000000000000000
17.680000,-2,-89.581999999999994,-18.375000000000000,-48.613320000000002,180.000000000000000,0.000000000000000,125.000000000000000
17.684000,-2,-89.581999999999994,-18.375000000000000,-48.621650000000002,180.000000000000000,0.000000000000000,125.000000000000000
17.688000,-2,-89.581999999999994,-18.375000000000000,-48.629980000000003,180.000000000000000,0.000000000000000,125.000000000000000
17.692000,-2,-89.581999999999994,-18.375000000000000,-48.638320000000000,180.000000000000000,0.000000000000000,125.000000000000000
17.696000,-2,-89.581999999999994,-18.375000000000000,-48.646650000000001,180.000000000000000,0.000000000000000,125.000000000000000
17.700000,-2,-89.581999999999994,-18.375000000000000,-48.654980000000002,180.000000000000000,0.000000000000000,125.000000000000000
17.704000,-2,-89.581999999999994,-18.375000000000000,-48.663319999999999,180.000000000000000,0.000000000000000,125.000000000000000
17.708000,-2,-89.581999999999994,-18.375000000000000,-48.671650000000000,180.000000000000000,0.000000000000000,125.000000000000000
17.712000,-2,-89.581999999999994,-18.375000000000000,-48.679980000000000,180.000000000000000,0.000000000000000,125.000000000000000
17.716000,-2,-89.581999999999994,-18.375000000000000,-48.688319999999997,180.000000000000000,0.000000000000000,125.000000000000000
17.720000,-2,-89.581999999999994,-18.375000000000000,-48.696649999999998,180.000000000000000,0.000000000000000,125.000000000000000
17.724000,-2,-89.581999999999994,-18.375000000000000,-48.704979999999999,180.000000000000000,0.000000000000000,125.000000000000000
17.728000,-2,-89.581999999999994,-18.375000000000000,-48.713320000000003,180.000000000000000,0.000000000000000,125.000000000000000
17.732000,-2,-89.581999999999994,-18.375000000000000,-48.721649999999997,180.000000000000000,0.000000000000000,125.000000000000000
17.736000,-2,-89.581999999999994,-18.375000000000000,-48.729979999999998,180.000000000000000,0.000000000000000,125.000000000000000
17.740000,-2,-89.581999999999994,-18.375000000000000,-48.738320000000002,180.000000000000000,0.000000000000000,125.000000000000000
17.744000,-2,-89.581999999999994,-18.375000000000000,-48.746650000000002,180.000000000000000,0.000000000000000,125.000000000000000
17.748000,-2,-89.581999999999994,-18.375000000000000,-48.754980000000003,180.000000000000000,0.000000000000000,125.000000000000000
17.752000,-2,-89.581999999999994,-18.375000000000000,-48.763320000000000,180.000000000000000,0.000000000000000,125.000000000000000
17.756000,-2,-89.581999999999994,-18.375000000000000,-48.771650000000001,180.000000000000000,0.000000000000000,125.000000000000000
17.760000,-2,-89.581999999999994,-18.375000000000000,-48.779980000000002,180.000000000000000,0.000000000000000,125.000000000000000
17.764000,-2,-89.581999999999994,-18.375000000000000,-48.788319999999999,180.000000000000000,0.000000000000000,125.000000000000000
17.768000,-2,-89.581999999999994,-18.375000000000000,-48.796650000000000,180.000000000000000,0.000000000000000,125.000000000000000
17.772000,-2,-89.581999999999994,-18.375000000000000,-48.804980000000000,180.000000000000000,0.000000000000000,125.000000000000000
17.776000,-2,-89.581999999999994,-18.375000000000000,-48.813319999999997,180.000000000000000,0.000000000000000,125.000000000000000
17.780000,-2,-89.581999999999994,-18.375000000000000,-48.821649999999998,180.000000000000000,0.000000000000000,125.000000000000000
17.784000,-2,-89.581999999999994,-18.375000000000000,-48.829979999999999,180.000000000000000,0.000000000000000,125.000000000000000
17.788000,-2,-89.581999999999994,-18.375000000000000,-48.838320000000003,180.000000000000000,0.000000000000000,125.000000000000000
17.792000,-2,-89.581999999999994,-18.375000000000000,-48.846649999999997,180.000000000000000,0.000000000000000,125.000000000000000
17.796000,-2,-89.581999999999994,-18.375000000000000,-48.854979999999998,180.000000000000000,0.000000000000000,125.000000000000000
17.800000,-2,-89.581999999999994,-18.375000000000000,-48.863320000000002,180.000000000000000,0.000000000000000,125.000000000000000
17.804000,-2,-89.581999999999994,-18.375000000000000,-48.871650000000002,180.000000000000000,0.000000000000000,125.000000000000000
17.808000,-2,-89.581999999999994,-18.375000000000000,-48.879980000000003,180.000000000000000,0.000000000000000,125.000000000000000
17.812000,-2,-89.581999999999994,-18.375000000000000,-48.888320000000000,180.000000000000000,0.000000000000000,125.000000000000000
17.816000,-2,-89.581999999999994,-18.375000000000000,-48.896650000000001,180.000000000000000,0.000000000000000,125.000000000000000
17.820000,-2,-89.581999999999994,-18.375000000000000,-48.904980000000002,180.000000000000000,0.000000000000000,125.000000000000000
17.824000,-2,-89.581999999999994,-18.375000000000000,-48.913319999999999,180.000000000000000,0.000000000000000,125.000000000000000
17.828000,-2,-89.581999999999994,-18.375000000000000,-48.921650000000000,180.000000000000000,0.000000000000000,125.000000000000000
17.832000,-2,-89.581999999999994,-18.375000000000000,-48.929980000000000,180.000000000000000,0.000000000000000,125.000000000000000
17.836000,-2,-89.581999999999994,-18.375000000000000,-48.938319999999997,180.000000000000000,0.000000000000000,125.000000000000000
17.840000,-2,-89.581999999999994,-18.375000000000000,-48.946649999999998,180.000000000000000,0.000000000000000,125.000000000000000
17.844000,-2,-89.581999999999994,-18.375000000000000,-48.954979999999999,180.000000000000000,0.000000000000000,125.000000000000000
17.848000,-2,-89.581999999999994,-18.375000000000000,-48.963320000000003,180.000000000000000,0.000000000000000,125.000000000000000
17.852000,-2,-89.581999999999994,-18.375000000000000,-48.971649999999997,180.000000000000000,0.000000000000000,125.000000000000000
17.856000,-2,-89.581999999999994,-18.375000000000000,-48.979979999999998,180.000000000000000,0.000000000000000,125.000000000000000
17.860000,-2,-89.581999999999994,-18.375000000000000,-48.988320000000002,180.000000000000000,0.000000000000000,125.000000000000000
17.864000,-2,-89.581999999999994,-18.375000000000000,-48.996650000000002,180.000000000000000,0.000000000000000,125.000000000000000
17.868000,-2,-89.581999999999994,-18.375000000000000,-49.004980000000003,180.000000000000000,0.000000000000000,125.000000000000000
17.872000,-2,-89.581999999999994,-18.375000000000000,-49.013320000000000,180.000000000000000,0.000000000000000,125.000000000000000
17.876000,-2,-89.581999999999994,-18.375000000000000,-49.021650000000001,180.000000000000000,0.000000000000000,125.000000000000000
17.880000,-2,-89.581999999999994,-18.375000000000000,-49.029980000000002,180.000000000000000,0.000000000000000,125.000000000000000
17.884000,-2,-89.581999999999994,-18.375000000000000,-49.038319999999999,180.000000000000000,0.000000000000000,125.000000000000000
17.888000,-2,-89.581999999999994,-18.375000000000000,-49.046650000000000,180.000000000000000,0.000000000000000,125.000000000000000
17.892000,-2,-89.581999999999994,-18.375000000000000,-49.054980000000000,180.000000000000000,0.000000000000000,125.000000000000000
17.896000,-2,-89.581999999999994,-18.375000000000000,-49.063319999999997,180.000000000000000,0.000000000000000,125.000000000000000
17.900000,-2,-89.581999999999994,-18.375000000000000,-49.071649999999998,180.000000000000000,0.000000000000000,125.000000000000000
17.904000,-2,-89.581999999999994,-18.375000000000000,-49.079979999999999,180.000000000000000,0.000000000000000,125.000000000000000
17.908000,-2,-89.581999999999994,-18.375000000000000,-49.088320000000003,180.000000000000000,0.000000000000000,125.000000000000000
17.912000,-2,-89.581999999999994,-18.375000000000000,-49.096649999999997,180.000000000000000,0.000000000000000,125.000000000000000
17.916000,-2,-89.581999999999994,-18.375000000000000,-49.104979999999998,180.000000000000000,0.000000000000000,125.000000000000000
17.920000,-2,-89.581999999999994,-18.375000000000000,-49.113320000000002,180.000000000000000,0.000000000000000,125.000000000000000
17.924000,-2,-89.581999999999994,-18.375000000000000,-49.121650000000002,180.000000000000000,0.000000000000000,125.000000000000000
17.928000,-2,-89.581999999999994,-18.375000000000000,-49.129980000000003,180.000000000000000,0.000000000000000,125.000000000000000
17.932000,-2,-89.581999999999994,-18.375000000000000,-49.138320000000000,180.000000000000000,0.000000000000000,125.000000000000000
17.936000,-2,-89.581999999999994,-18.375000000000000,-49.146650000000001,180.000000000000000,0.000000000000000,125.000000000000000
17.940000,-2,-89.581999999999994,-18.375000000000000,-49.154980000000002,180.000000000000000,0.000000000000000,125.000000000000000
17.944000,-2,-89.581999999999994,-18.375000000000000,-49.163319999999999,180.000000000000000,0.000000000000000,125.000000000000000
17.948000,-2,-89.581999999999994,-18.375000000000000,-49.171650000000000,180.000000000000000,0.000000000000000,125.000000000000000
17.952000,-2,-89.581999999999994,-18.375000000000000,-49.179980000000000,180.000000000000000,0.000000000000000,125.000000000000000
17.956000,-2,-89.581999999999994,-18.375000000000000,-49.188319999999997,180.000000000000000,0.000000000000000,125.000000000000000
17.960000,-2,-89.581999999999994,-18.375000000000000,-49.196649999999998,180.000000000000000,0.000000000000000,125.000000000000000
17.964000,-2,-89.581999999999994,-18.375000000000000,-49.204979999999999,180.000000000000000,0.000000000000000,125.000000000000000
17.968000,-2,-89.581999999999994,-18.375000000000000,-49.213320000000003,180.000000000000000,0.000000000000000,125.000000000000000
17.972000,-2,-89.581999999999994,-18.375000000000000,-49.221649999999997,180.000000000000000,0.000000000000000,125.000000000000000
17.976000,-2,-89.581999999999994,-18.375000000000000,-49.229979999999998,180.000000000000000,0.000000000000000,125.000000000000000
17.980000,-2,-89.581999999999994,-18.375000000000000,-49.238320000000002,180.000000000000000,0.000000000000000,125.000000000000000
17.984000,-2,-89.581999999999994,-18.375000000000000,-49.246650000000002,180.000000000000000,0.000000000000000,125.000000000000000
17.988000,-2,-89.581999999999994,-18.375000000000000,-49.254980000000003,180.000000000000000,0.000000000000000,125.000000000000000
17.992000,-2,-89.581999999999994,-18.375000000000000,-49.263320000000000,180.000000000000000,0.000000000000000,125.000000000000000
17.996000,-2,-89.581999999999994,-18.375000000000000,-49.271650000000001,180.000000000000000,0.000000000000000,125.000000000000000
18.000000,-2,-89.581999999999994,-18.375000000000000,-49.279980000000002,180.000000000000000,0.000000000000000,125.000000000000000
18.004000,-2,-89.581999999999994,-18.375000000000000,-49.288319999999999,180.000000000000000,0.000000000000000,125.000000000000000
18.008000,-2,-89.581999999999994,-18.375000000000000,-49.296650000000000,180.000000000000000,0.000000000000000,125.000000000000000
18.012000,-2,-89.581999999999994,-18.375000000000000,-49.304980000000000,180.000000000000000,0.000000000000000,125.000000000000000
18.016000,-2,-89.581999999999994,-18.375000000000000,-49.313319999999997,180.000000000000000,0.000000000000000,125.000000000000000
18.020000,-2,-89.581999999999994,-18.375000000000000,-49.321649999999998,180.000000000000000,0.000000000000000,125.000000000000000
18.024000,-2,-89.581999999999994,-18.375000000000000,-49.329979999999999,180.000000000000000,0.000000000000000,125.000000000000000
18.028000,-2,-89.581999999999994,-18.375000000000000,-49.338320000000003,180.000000000000000,0.000000000000000,125.000000000000000
18.032000,-2,-89.581999999999994,-18.375000000000000,-49.346649999999997,180.000000000000000,0.000000000000000,125.000000000000000
18.036000,-2,-89.581999999999994,-18.375000000000000,-49.354979999999998,180.000000000000000,0.000000000000000,125.000000000000000
18.040000,-2,-89.581999999999994,-18.375000000000000,-49.363320000000002,180.000000000000000,0.000000000000000,125.000000000000000
18.044000,-2,-89.581999999999994,-18.375000000000000,-49.371650000000002,180.000000000000000,0.000000000000000,125.000000000000000
18.048000,-2,-89.581999999999994,-18.375000000000000,-49.379980000000003,180.000000000000000,0.000000000000000,125.000000000000000
18.052000,-2,-89.581999999999994,-18.375000000000000,-49.388320000000000,180.000000000000000,0.000000000000000,125.000000000000000
18.056000,-2,-89.581999999999994,-18.375000000000000,-49.396650000000001,180.000000000000000,0.000000000000000,125.000000000000000
18.060000,-2,-89.581999999999994,-18.375000000000000,-49.404980000000002,180.000000000000000,0.000000000000000,125.000000000000000
18.064000,-2,-89.581999999999994,-18.375000000000000,-49.413319999999999,180.000000000000000,0.000000000000000,125.000000000000000
18.068000,-2,-89.581999999999994,-18.375000000000000,-49.421650000000000,180.000000000000000,0.000000000000000,125.000000000000000
18.072000,-2,-89.581999999999994,-18.375000000000000,-49.429980000000000,180.000000000000000,0.000000000000000,125.000000000000000
18.076000,-2,-89.581999999999994,-18.375000000000000,-49.438319999999997,180.000000000000000,0.000000000000000,125.000000000000000
18.080000,-2,-89.581999999999994,-18.375000000000000,-49.446649999999998,180.000000000000000,0.000000000000000,125.000000000000000
18.084000,-2,-89.581999999999994,-18.375000000000000,-49.454979999999999,180.000000000000000,0.000000000000000,125.000000000000000
18.088000,-2,-89.581999999999994,-18.375000000000000,-49.463320000000003,180.000000000000000,0.000000000000000,125.000000000000000
18.092000,-2,-89.581999999999994,-18.375000000000000,-49.471649999999997,180.000000000000000,0.000000000000000,125.000000000000000
18.096000,-2,-89.581999999999994,-18.375000000000000,-49.479979999999998,180.000000000000000,0.000000000000000,125.000000000000000
18.100000,-2,-89.581999999999994,-18.375000000000000,-49.488320000000002,180.000000000000000,0.000000000000000,125.000000000000000
18.104000,-2,-89.581999999999994,-18.375000000000000,-49.496650000000002,180.000000000000000,0.000000000000000,125.000000000000000
18.108000,-2,-89.581999999999994,-18.375000000000000,-49.504980000000003,180.000000000000000,0.000000000000000,125.000000000000000
18.112000,-2,-89.581999999999994,-18.375000000000000,-49.513320000000000,180.000000000000000,0.000000000000000,125.000000000000000
18.116000,-2,-89.581999999999994,-18.375000000000000,-49.521650000000001,180.000000000000000,0.000000000000000,125.000000000000000
18.120000,-2,-89.581999999999994,-18.375000000000000,-49.529980000000002,180.000000000000000,0.000000000000000,125.000000000000000
18.124000,-2,-89.581999999999994,-18.375000000000000,-49.538319999999999,180.000000000000000,0.000000000000000,125.000000000000000
18.128000,-2,-89.581999999999994,-18.375000000000000,-49.546650000000000,180.000000000000000,0.000000000000000,125.000000000000000
18.132000,-2,-89.581999999999994,-18.375000000000000,-49.554980000000000,180.000000000000000,0.000000000000000,125.000000000000000
18.136000,-2,-89.581999999999994,-18.375000000000000,-49.563319999999997,180.000000000000000,0.000000000000000,125.000000000000000
18.140000,-2,-89.581999999999994,-18.375000000000000,-49.571649999999998,180.000000000000000,0.000000000000000,125.000000000000000
18.144000,-2,-89.581999999999994,-18.375000000000000,-49.579979999999999,180.000000000000000,0.000000000000000,125.000000000000000
18.148000,-2,-89.581999999999994,-18.375000000000000,-49.588320000000003,180.000000000000000,0.000000000000000,125.000000000000000
18.152000,-2,-89.581999999999994,-18.375000000000000,-49.596649999999997,180.000000000000000,0.000000000000000,125.000000000000000
18.156000,-2,-89.581999999999994,-18.375000000000000,-49.604979999999998,180.000000000000000,0.000000000000000,125.000000000000000
18.160000,-2,-89.581999999999994,-18.375000000000000,-49.613320000000002,180.000000000000000,0.000000000000000,125.000000000000000
18.164000,-2,-89.581999999999994,-18.375000000000000,-49.621650000000002,180.000000000000000,0.000000000000000,125.000000000000000
18.168000,-2,-89.581999999999994,-18.375000000000000,-49.629980000000003,180.000000000000000,0.000000000000000,125.000000000000000
18.172000,-2,-89.581999999999994,-18.375000000000000,-49.638320000000000,180.000000000000000,0.000000000000000,125.000000000000000
18.176000,-2,-89.581999999999994,-18.375000000000000,-49.646650000000001,180.000000000000000,0.000000000000000,125.000000000000000
18.180000,-2,-89.581999999999994,-18.375000000000000,-49.654980000000002,180.000000000000000,0.000000000000000,125.000000000000000
18.184000,-2,-89.581999999999994,-18.375000000000000,-49.663319999999999,180.000000000000000,0.000000000000000,125.000000000000000
18.188000,-2,-89.581999999999994,-18.375000000000000,-49.671650000000000,180.000000000000000,0.000000000000000,125.000000000000000
18.192000,-2,-89.581999999999994,-18.375000000000000,-49.679980000000000,180.000000000000000,0.000000000000000,125.000000000000000
18.196000,-2,-89.581999999999994,-18.375000000000000,-49.688319999999997,180.000000000000000,0.000000000000000,125.000000000000000
18.200000,-2,-89.581999999999994,-18.375000000000000,-49.696649999999998,180.000000000000000,0.000000000000000,125.000000000000000
18.204000,-2,-89.581999999999994,-18.375000000000000,-49.704979999999999,180.000000000000000,0.000000000000000,125.000000000000000
18.208000,-2,-89.581999999999994,-18.375000000000000,-49.713320000000003,180.000000000000000,0.000000000000000,125.000000000000000
18.212000,-2,-89.581999999999994,-18.375000000000000,-49.721649999999997,180.000000000000000,0.000000000000000,125.000000000000000
18.216000,-2,-89.581999999999994,-18.375000000000000,-49.729979999999998,180.000000000000000,0.000000000000000,125.000000000000000
18.220000,-2,-89.581999999999994,-18.375000000000000,-49.738320000000002,180.000000000000000,0.000000000000000,125.000000000000000
18.224000,-2,-89.581999999999994,-18.375000000000000,-49.746650000000002,180.000000000000000,0.000000000000000,125.000000000000000
18.228000,-2,-89.581999999999994,-18.375000000000000,-49.754980000000003,180.000000000000000,0.000000000000000,125.000000000000000
18.232000,-2,-89.581999999999994,-18.375000000000000,-49.763320000000000,180.000000000000000,0.000000000000000,125.000000000000000
18.236000,-2,-89.581999999999994,-18.375000000000000,-49.771650000000001,180.000000000000000,0.000000000000000,125.000000000000000
18.240000,-2,-89.581999999999994,-18.375000000000000,-49.779980000000002,180.000000000000000,0.000000000000000,125.000000000000000
18.244000,-2,-89.581999999999994,-18.375000000000000,-49.788319999999999,180.000000000000000,0.000000000000000,125.000000000000000
18.248000,-2,-89.581999999999994,-18.375000000000000,-49.796650000000000,180.000000000000000,0.000000000000000,125.000000000000000
18.252000,-2,-89.581999999999994,-18.375000000000000,-49.804980000000000,180.000000000000000,0.000000000000000,125.000000000000000
18.256000,-2,-89.581999999999994,-18.375000000000000,-49.813319999999997,180.000000000000000,0.000000000000000,125.000000000000000
18.260000,-2,-89.581999999999994,-18.375000000000000,-49.821649999999998,180.000000000000000,0.000000000000000,125.000000000000000
18.264000,-2,-89.581999999999994,-18.375000000000000,-49.829979999999999,180.000000000000000,0.000000000000000,125.000000000000000
18.268000,-2,-89.581999999999994,-18.375000000000000,-49.838320000000003,180.000000000000000,0.000000000000000,125.000000000000000
18.272000,-2,-89.581999999999994,-18.375000000000000,-49.846649999999997,180.000000000000000,0.000000000000000,125.000000000000000
18.276000,-2,-89.581999999999994,-18.375000000000000,-49.854979999999998,180.000000000000000,0.000000000000000,125.000000000000000
18.280000,-2,-89.581999999999994,-18.375000000000000,-49.863320000000002,180.000000000000000,0.000000000000000,125.000000000000000
18.284000,-2,-89.581999999999994,-18.375000000000000,-49.871650000000002,180.000000000000000,0.000000000000000,125.000000000000000
18.288000,-2,-89.581999999999994,-18.375000000000000,-49.879980000000003,180.000000000000000,0.000000000000000,125.000000000000000
18.292000,-2,-89.581999999999994,-18.375000000000000,-49.888320000000000,180.000000000000000,0.000000000000000,125.000000000000000
18.296000,-2,-89.581999999999994,-18.375000000000000,-49.896650000000001,180.000000000000000,0.000000000000000,125.000000000000000
18.300000,-2,-89.581999999999994,-18.375000000000000,-49.904980000000002,180.000000000000000,0.000000000000000,125.000000000000000
18.304000,-2,-89.581999999999994,-18.375000000000000,-49.913319999999999,180.000000000000000,0.000000000000000,125.000000000000000
18.308000,-2,-89.581999999999994,-18.375000000000000,-49.921650000000000,180.000000000000000,0.000000000000000,125.000000000000000
18.312000,-2,-89.581999999999994,-18.375000000000000,-49.929980000000000,180.000000000000000,0.000000000000000,125.000000000000000
18.316000,-2,-89.581999999999994,-18.375000000000000,-49.938319999999997,180.000000000000000,0.000000000000000,125.000000000000000
18.320000,-2,-89.581999999999994,-18.375000000000000,-49.946649999999998,180.000000000000000,0.000000000000000,125.000000000000000
18.324000,-2,-89.581999999999994,-18.375000000000000,-49.954979999999999,180.000000000000000,0.000000000000000,125.000000000000000
18.328000,-2,-89.581999999999994,-18.375000000000000,-49.963320000000003,180.000000000000000,0.000000000000000,125.000000000000000
18.332000,-2,-89.581999999999994,-18.375000000000000,-49.971649999999997,180.000000000000000,0.000000000000000,125.000000000000000
18.336000,-2,-89.581999999999994,-18.375000000000000,-49.979979999999998,180.000000000000000,0.000000000000000,125.000000000000000
18.340000,-2,-89.581999999999994,-18.375000000000000,-49.988320000000002,180.000000000000000,0.000000000000000,125.000000000000000
18.344000,-2,-89.581999999999994,-18.375000000000000,-49.996650000000002,180.000000000000000,0.000000000000000,125.000000000000000
18.348000,-2,-89.581999999999994,-18.375000000000000,-50.004980000000003,180.000000000000000,0.000000000000000,125.000000000000000
18.352000,-2,-89.581999999999994,-18.375000000000000,-50.013320000000000,180.000000000000000,0.000000000000000,125.000000000000000
18.356000,-2,-89.581999999999994,-18.375000000000000,-50.021650000000001,180.000000000000000,0.000000000000000,125.000000000000000
18.360000,-2,-89.581999999999994,-18.375000000000000,-50.029980000000002,180.000000000000000,0.000000000000000,125.000000000000000
18.364000,-2,-89.581999999999994,-18.375000000000000,-50.038319999999999,180.000000000000000,0.000000000000000,125.000000000000000
18.368000,-2,-89.581999999999994,-18.375000000000000,-50.046650000000000,180.000000000000000,0.000000000000000,125.000000000000000
18.372000,-2,-89.581999999999994,-18.375000000000000,-50.054980000000000,180.000000000000000,0.000000000000000,125.000000000000000
18.376000,-2,-89.581999999999994,-18.375000000000000,-50.063319999999997,180.000000000000000,0.000000000000000,125.000000000000000
18.380000,-2,-89.581999999999994,-18.375000000000000,-50.071649999999998,180.000000000000000,0.000000000000000,125.000000000000000
18.384000,-2,-89.581999999999994,-18.375000000000000,-50.079979999999999,180.000000000000000,0.000000000000000,125.000000000000000
18.388000,-2,-89.581999999999994,-18.375000000000000,-50.088320000000003,180.000000000000000,0.000000000000000,125.000000000000000
18.392000,-2,-89.581999999999994,-18.375000000000000,-50.096649999999997,180.000000000000000,0.000000000000000,125.000000000000000
18.396000,-2,-89.581999999999994,-18.375000000000000,-50.104979999999998,180.000000000000000,0.000000000000000,125.000000000000000
18.400000,-2,-89.581999999999994,-18.375000000000000,-50.113320000000002,180.000000000000000,0.000000000000000,125.000000000000000
18.404000,-2,-89.581999999999994,-18.375000000000000,-50.121650000000002,180.000000000000000,0.000000000000000,125.000000000000000
18.408000,-2,-89.581999999999994,-18.375000000000000,-50.129980000000003,180.000000000000000,0.000000000000000,125.000000000000000
18.412000,-2,-89.581999999999994,-18.375000000000000,-50.138320000000000,180.000000000000000,0.000000000000000,125.000000000000000
18.416000,-2,-89.581999999999994,-18.375000000000000,-50.146650000000001,180.000000000000000,0.000000000000000,125.000000000000000
18.420000,-2,-89.581999999999994,-18.375000000000000,-50.154980000000002,180.000000000000000,0.000000000000000,125.000000000000000
18.424000,-2,-89.581999999999994,-18.375000000000000,-50.163319999999999,180.000000000000000,0.000000000000000,125.000000000000000
18.428000,-2,-89.581999999999994,-18.375000000000000,-50.171650000000000,180.000000000000000,0.000000000000000,125.000000000000000
18.432000,-2,-89.581999999999994,-18.375000000000000,-50.179980000000000,180.000000000000000,0.000000000000000,125.000000000000000
18.436000,-2,-89.581999999999994,-18.375000000000000,-50.188319999999997,180.000000000000000,0.000000000000000,125.000000000000000
18.440000,-2,-89.581999999999994,-18.375000000000000,-50.196649999999998,180.000000000000000,0.000000000000000,125.000000000000000
18.444000,-2,-89.581999999999994,-18.375000000000000,-50.204979999999999,180.000000000000000,0.000000000000000,125.000000000000000
18.448000,-2,-89.581999999999994,-18.375000000000000,-50.213320000000003,180.000000000000000,0.000000000000000,125.000000000000000
18.452000,-2,-89.581999999999994,-18.375000000000000,-50.221649999999997,180.000000000000000,0.000000000000000,125.000000000000000
18.456000,-2,-89.581999999999994,-18.375000000000000,-50.229979999999998,180.000000000000000,0.000000000000000,125.000000000000000
18.460000,-2,-89.581999999999994,-18.375000000000000,-50.238320000000002,180.000000000000000,0.000000000000000,125.000000000000000
18.464000,-2,-89.581999999999994,-18.375000000000000,-50.246650000000002,180.000000000000000,0.000000000000000,125.000000000000000
18.468000,-2,-89.581999999999994,-18.375000000000000,-50.254980000000003,180.000000000000000,0.000000000000000,125.000000000000000
18.472000,-2,-89.581999999999994,-18.375000000000000,-50.263320000000000,180.000000000000000,0.000000000000000,125.000000000000000
18.476000,-2,-89.581999999999994,-18.375000000000000,-50.271650000000001,180.000000000000000,0.000000000000000,125.000000000000000
18.480000,-2,-89.581999999999994,-18.375000000000000,-50.279980000000002,180.000000000000000,0.000000000000000,125.000000000000000
18.484000,-2,-89.581999999999994,-18.375000000000000,-50.288319999999999,180.000000000000000,0.000000000000000,125.000000000000000
18.488000,-2,-89.581999999999994,-18.375000000000000,-50.296650000000000,180.000000000000000,0.000000000000000,125.000000000000000
18.492000,-2,-89.581999999999994,-18.375000000000000,-50.304980000000000,180.000000000000000,0.000000000000000,125.000000000000000
18.496000,-2,-89.581999999999994,-18.375000000000000,-50.313319999999997,180.000000000000000,0.000000000000000,125.000000000000000
18.500000,-2,-89.581999999999994,-18.375000000000000,-50.321649999999998,180.000000000000000,0.000000000000000,125.000000000000000
18.504000,-2,-89.581999999999994,-18.375000000000000,-50.329979999999999,180.000000000000000,0.000000000000000,125.000000000000000
18.508000,-2,-89.581999999999994,-18.375000000000000,-50.338320000000003,180.000000000000000,0.000000000000000,125.000000000000000
18.512000,-2,-89.581999999999994,-18.375000000000000,-50.346649999999997,180.000000000000000,0.000000000000000,125.000000000000000
18.516000,-2,-89.581999999999994,-18.375000000000000,-50.354979999999998,180.000000000000000,0.000000000000000,125.000000000000000
18.520000,-2,-89.581999999999994,-18.375000000000000,-50.363320000000002,180.000000000000000,0.000000000000000,125.000000000000000
18.524000,-2,-89.581999999999994,-18.375000000000000,-50.371650000000002,180.000000000000000,0.000000000000000,125.000000000000000
18.528000,-2,-89.581999999999994,-18.375000000000000,-50.379980000000003,180.000000000000000,0.000000000000000,125.000000000000000
18.532000,-2,-89.581999999999994,-18.375000000000000,-50.388320000000000,180.000000000000000,0.000000000000000,125.000000000000000
18.536000,-2,-89.581999999999994,-18.375000000000000,-50.396650000000001,180.000000000000000,0.000000000000000,125.000000000000000
18.540000,-2,-89.581999999999994,-18.375000000000000,-50.404980000000002,180.000000000000000,0.000000000000000,125.000000000000000
18.544000,-2,-89.581999999999994,-18.375000000000000,-50.413319999999999,180.000000000000000,0.000000000000000,125.000000000000000
18.548000,-2,-89.581999999999994,-18.375000000000000,-50.421650000000000,180.000000000000000,0.000000000000000,125.000000000000000
18.552000,-2,-89.581999999999994,-18.375000000000000,-50.429980000000000,180.000000000000000,0.000000000000000,125.000000000000000
18.556000,-2,-89.581999999999994,-18.375000000000000,-50.438319999999997,180.000000000000000,0.000000000000000,125.000000000000000
18.560000,-2,-89.581999999999994,-18.375000000000000,-50.446649999999998,180.000000000000000,0.000000000000000,125.000000000000000
18.564000,-2,-89.581999999999994,-18.375000000000000,-50.454979999999999,180.000000000000000,0.000000000000000,125.000000000000000
18.568000,-2,-89.581999999999994,-18.375000000000000,-50.463320000000003,180.000000000000000,0.000000000000000,125.000000000000000
18.572000,-2,-89.581999999999994,-18.375000000000000,-50.471649999999997,180.000000000000000,0.000000000000000,125.000000000000000
18.576000,-2,-89.581999999999994,-18.375000000000000,-50.479979999999998,180.000000000000000,0.000000000000000,125.000000000000000
18.580000,-2,-89.581999999999994,-18.375000000000000,-50.488320000000002,180.000000000000000,0.000000000000000,125.000000000000000
18.584000,-2,-89.581999999999994,-18.375000000000000,-50.496650000000002,180.000000000000000,0.000000000000000,125.000000000000000
18.588000,-2,-89.581999999999994,-18.375000000000000,-50.504980000000003,180.000000000000000,0.000000000000000,125.000000000000000
18.592000,-2,-89.581999999999994,-18.375000000000000,-50.513320000000000,180.000000000000000,0.000000000000000,125.000000000000000
18.596000,-2,-89.581999999999994,-18.375000000000000,-50.521650000000001,180.000000000000000,0.000000000000000,125.000000000000000
18.600000,-2,-89.581999999999994,-18.375000000000000,-50.529980000000002,180.000000000000000,0.000000000000000,125.000000000000000
18.604000,-2,-89.581999999999994,-18.375000000000000,-50.538319999999999,180.000000000000000,0.000000000000000,125.000000000000000
18.608000,-2,-89.581999999999994,-18.375000000000000,-50.546650000000000,180.000000000000000,0.000000000000000,125.000000000000000
18.612000,-2,-89.581999999999994,-18.375000000000000,-50.554980000000000,180.000000000000000,0.000000000000000,125.000000000000000
18.616000,-2,-89.581999999999994,-18.375000000000000,-50.563319999999997,180.000000000000000,0.000000000000000,125.000000000000000
18.620000,-2,-89.581999999999994,-18.375000000000000,-50.571649999999998,180.000000000000000,0.000000000000000,125.000000000000000
18.624000,-2,-89.581999999999994,-18.375000000000000,-50.579979999999999,180.000000000000000,0.000000000000000,125.000000000000000
18.628000,-2,-89.581999999999994,-18.375000000000000,-50.588320000000003,180.000000000000000,0.000000000000000,125.000000000000000
18.632000,-2,-89.581999999999994,-18.375000000000000,-50.596649999999997,180.000000000000000,0.000000000000000,125.000000000000000
18.636000,-2,-89.581999999999994,-18.375000000000000,-50.604979999999998,180.000000000000000,0.000000000000000,125.000000000000000
18.640000,-2,-89.581999999999994,-18.375000000000000,-50.613320000000002,180.000000000000000,0.000000000000000,125.000000000000000
18.644000,-2,-89.581999999999994,-18.375000000000000,-50.621650000000002,180.000000000000000,0.000000000000000,125.000000000000000
18.648000,-2,-89.581999999999994,-18.375000000000000,-50.629980000000003,180.000000000000000,0.000000000000000,125.000000000000000
18.652000,-2,-89.581999999999994,-18.375000000000000,-50.638320000000000,180.000000000000000,0.000000000000000,125.000000000000000
18.656000,-2,-89.581999999999994,-18.375000000000000,-50.646650000000001,180.000000000000000,0.000000000000000,125.000000000000000
18.660000,-2,-89.581999999999994,-18.375000000000000,-50.654980000000002,180.000000000000000,0.000000000000000,125.000000000000000
18.664000,-2,-89.581999999999994,-18.375000000000000,-50.663319999999999,180.000000000000000,0.000000000000000,125.000000000000000
18.668000,-2,-89.581999999999994,-18.375000000000000,-50.671650000000000,180.000000000000000,0.000000000000000,125.000000000000000
18.672000,-2,-89.581999999999994,-18.375000000000000,-50.679980000000000,180.000000000000000,0.000000000000000,125.000000000000000
18.676000,-2,-89.581999999999994,-18.375000000000000,-50.688319999999997,180.000000000000000,0.000000000000000,125.000000000000000
18.680000,-2,-89.581999999999994,-18.375000000000000,-50.696649999999998,180.000000000000000,0.000000000000000,125.000000000000000
18.684000,-2,-89.581999999999994,-18.375000000000000,-50.704979999999999,180.000000000000000,0.000000000000000,125.000000000000000
18.688000,-2,-89.581999999999994,-18.375000000000000,-50.713320000000003,180.000000000000000,0.000000000000000,125.000000000000000
18.692000,-2,-89.581999999999994,-18.375000000000000,-50.721649999999997,180.000000000000000,0.000000000000000,125.000000000000000
18.696000,-2,-89.581999999999994,-18.375000000000000,-50.729979999999998,180.000000000000000,0.000000000000000,125.000000000000000
18.700000,-2,-89.581999999999994,-18.375000000000000,-50.738320000000002,180.000000000000000,0.000000000000000,125.000000000000000
18.704000,-2,-89.581999999999994,-18.375000000000000,-50.746650000000002,180.000000000000000,0.000000000000000,125.000000000000000
18.708000,-2,-89.581999999999994,-18.375000000000000,-50.754980000000003,180.000000000000000,0.000000000000000,125.000000000000000
18.712000,-2,-89.581999999999994,-18.375000000000000,-50.763320000000000,180.000000000000000,0.000000000000000,125.000000000000000
18.716000,-2,-89.581999999999994,-18.375000000000000,-50.771650000000001,180.000000000000000,0.000000000000000,125.000000000000000
18.720000,-2,-89.581999999999994,-18.375000000000000,-50.779980000000002,180.000000000000000,0.000000000000000,125.000000000000000
18.724000,-2,-89.581999999999994,-18.375000000000000,-50.788319999999999,180.000000000000000,0.000000000000000,125.000000000000000
18.728000,-2,-89.581999999999994,-18.375000000000000,-50.796650000000000,180.000000000000000,0.000000000000000,125.000000000000000
18.732000,-2,-89.581999999999994,-18.375000000000000,-50.804980000000000,180.000000000000000,0.000000000000000,125.000000000000000
18.736000,-2,-89.581999999999994,-18.375000000000000,-50.813319999999997,180.000000000000000,0.000000000000000,125.000000000000000
18.740000,-2,-89.581999999999994,-18.375000000000000,-50.821649999999998,180.000000000000000,0.000000000000000,125.000000000000000
18.744000,-2,-89.581999999999994,-18.375000000000000,-50.829979999999999,180.000000000000000,0.000000000000000,125.000000000000000
18.748000,-2,-89.581999999999994,-18.375000000000000,-50.838320000000003,180.000000000000000,0.000000000000000,125.000000000000000
18.752000,-2,-89.581999999999994,-18.375000000000000,-50.846649999999997,180.000000000000000,0.000000000000000,125.000000000000000
18.756000,-2,-89.581999999999994,-18.375000000000000,-50.854979999999998,180.000000000000000,0.000000000000000,125.000000000000000
18.760000,-2,-89.581999999999994,-18.375000000000000,-50.863320000000002,180.000000000000000,0.000000000000000,125.000000000000000
18.764000,-2,-89.581999999999994,-18.375000000000000,-50.871650000000002,180.000000000000000,0.000000000000000,125.000000000000000
18.768000,-2,-89.581999999999994,-18.375000000000000,-50.879980000000003,180.000000000000000,0.000000000000000,125.000000000000000
18.772000,-2,-89.581999999999994,-18.375000000000000,-50.888320000000000,180.000000000000000,0.000000000000000,125.000000000000000
18.776000,-2,-89.581999999999994,-18.375000000000000,-50.896650000000001,180.000000000000000,0.000000000000000,125.000000000000000
18.780000,-2,-89.581999999999994,-18.375000000000000,-50.904980000000002,180.000000000000000,0.000000000000000,125.000000000000000
18.784000,-2,-89.581999999999994,-18.375000000000000,-50.913319999999999,180.000000000000000,0.000000000000000,125.000000000000000
18.788000,-2,-89.581999999999994,-18.375000000000000,-50.921650000000000,180.000000000000000,0.000000000000000,125.000000000000000
18.792000,-2,-89.581999999999994,-18.375000000000000,-50.929980000000000,180.000000000000000,0.000000000000000,125.000000000000000
18.796000,-2,-89.581999999999994,-18.375000000000000,-50.938319999999997,180.000000000000000,0.000000000000000,125.000000000000000
18.800000,-2,-89.581999999999994,-18.375000000000000,-50.946649999999998,180.000000000000000,0.000000000000000,125.000000000000000
18.804000,-2,-89.581999999999994,-18.375000000000000,-50.954979999999999,180.000000000000000,0.000000000000000,125.000000000000000
18.808000,-2,-89.581999999999994,-18.375000000000000,-50.963320000000003,180.000000000000000,0.000000000000000,125.000000000000000
18.812000,-2,-89.581999999999994,-18.375000000000000,-50.971649999999997,180.000000000000000,0.000000000000000,125.000000000000000
18.816000,-2,-89.581999999999994,-18.375000000000000,-50.979979999999998,180.000000000000000,0.000000000000000,125.000000000000000
18.820000,-2,-89.581999999999994,-18.375000000000000,-50.988320000000002,180.000000000000000,0.000000000000000,125.000000000000000
18.824000,-2,-89.581999999999994,-18.375000000000000,-50.996650000000002,180.000000000000000,0.000000000000000,125.000000000000000
18.828000,-2,-89.581999999999994,-18.375000000000000,-51.004980000000003,180.000000000000000,0.000000000000000,125.000000000000000
18.832000,-2,-89.581999999999994,-18.375000000000000,-51.013320000000000,180.000000000000000,0.000000000000000,125.000000000000000
18.836000,-2,-89.581999999999994,-18.375000000000000,-51.021650000000001,180.000000000000000,0.000000000000000,125.000000000000000
18.840000,-2,-89.581999999999994,-18.375000000000000,-51.029980000000002,180.000000000000000,0.000000000000000,125.000000000000000
18.844000,-2,-89.581999999999994,-18.375000000000000,-51.038319999999999,180.000000000000000,0.000000000000000,125.000000000000000
18.848000,-2,-89.581999999999994,-18.375000000000000,-51.046650000000000,180.000000000000000,0.000000000000000,125.000000000000000
18.852000,-2,-89.581999999999994,-18.375000000000000,-51.054980000000000,180.000000000000000,0.000000000000000,125.000000000000000
18.856000,-2,-89.581999999999994,-18.375000000000000,-51.063319999999997,180.000000000000000,0.000000000000000,125.000000000000000
18.860000,-2,-89.581999999999994,-18.375000000000000,-51.071649999999998,180.000000000000000,0.000000000000000,125.000000000000000
18.864000,-2,-89.581999999999994,-18.375000000000000,-51.079979999999999,180.000000000000000,0.000000000000000,125.000000000000000
18.868000,-2,-89.581999999999994,-18.375000000000000,-51.088320000000003,180.000000000000000,0.000000000000000,125.000000000000000
18.872000,-2,-89.581999999999994,-18.375000000000000,-51.096649999999997,180.000000000000000,0.000000000000000,125.000000000000000
18.876000,-2,-89.581999999999994,-18.375000000000000,-51.104979999999998,180.000000000000000,0.000000000000000,125.000000000000000
18.880000,-2,-89.581999999999994,-18.375000000000000,-51.113320000000002,180.000000000000000,0.000000000000000,125.000000000000000
18.884000,-2,-89.581999999999994,-18.375000000000000,-51.121650000000002,180.000000000000000,0.000000000000000,125.000000000000000
18.888000,-2,-89.581999999999994,-18.375000000000000,-51.129980000000003,180.000000000000000,0.000000000000000,125.000000000000000
18.892000,-2,-89.581999999999994,-18.375000000000000,-51.138320000000000,180.000000000000000,0.000000000000000,125.000000000000000
18.896000,-2,-89.581999999999994,-18.375000000000000,-51.146650000000001,180.000000000000000,0.000000000000000,125.000000000000000
18.900000,-2,-89.581999999999994,-18.375000000000000,-51.154980000000002,180.000000000000000,0.000000000000000,125.000000000000000
18.904000,-2,-89.581999999999994,-18.375000000000000,-51.163319999999999,180.000000000000000,0.000000000000000,125.000000000000000
18.908000,-2,-89.581999999999994,-18.375000000000000,-51.171650000000000,180.000000000000000,0.000000000000000,125.000000000000000
18.912000,-2,-89.581999999999994,-18.375000000000000,-51.179980000000000,180.000000000000000,0.000000000000000,125.000000000000000
18.916000,-2,-89.581999999999994,-18.375000000000000,-51.188319999999997,180.000000000000000,0.000000000000000,125.000000000000000
18.920000,-2,-89.581999999999994,-18.375000000000000,-51.196649999999998,180.000000000000000,0.000000000000000,125.000000000000000
18.924000,-2,-89.581999999999994,-18.375000000000000,-51.204979999999999,180.000000000000000,0.000000000000000,125.000000000000000
18.928000,-2,-89.581999999999994,-18.375000000000000,-51.213320000000003,180.000000000000000,0.000000000000000,125.000000000000000
18.932000,-2,-89.581999999999994,-18.375000000000000,-51.221649999999997,180.000000000000000,0.000000000000000,125.000000000000000
18.936000,-2,-89.581999999999994,-18.375000000000000,-51.229979999999998,180.000000000000000,0.000000000000000,125.000000000000000
18.940000,-2,-89.581999999999994,-18.375000000000000,-51.238320000000002,180.000000000000000,0.000000000000000,125.000000000000000
18.944000,-2,-89.581999999999994,-18.375000000000000,-51.246650000000002,180.000000000000000,0.000000000000000,125.000000000000000
18.948000,-2,-89.581999999999994,-18.375000000000000,-51.254980000000003,180.000000000000000,0.000000000000000,125.000000000000000
18.952000,-2,-89.581999999999994,-18.375000000000000,-51.263320000000000,180.000000000000000,0.000000000000000,125.000000000000000
18.956000,-2,-89.581999999999994,-18.375000000000000,-51.271650000000001,180.000000000000000,0.000000000000000,125.000000000000000
18.960000,-2,-89.581999999999994,-18.375000000000000,-51.279980000000002,180.000000000000000,0.000000000000000,125.000000000000000
18.964000,-2,-89.581999999999994,-18.375000000000000,-51.288319999999999,180.000000000000000,0.000000000000000,125.000000000000000
18.968000,-2,-89.581999999999994,-18.375000000000000,-51.296650000000000,180.000000000000000,0.000000000000000,125.000000000000000
18.972000,-2,-89.581999999999994,-18.375000000000000,-51.304980000000000,180.000000000000000,0.000000000000000,125.000000000000000
18.976000,-2,-89.581999999999994,-18.375000000000000,-51.313319999999997,180.000000000000000,0.000000000000000,125.000000000000000
18.980000,-2,-89.581999999999994,-18.375000000000000,-51.321649999999998,180.000000000000000,0.000000000000000,125.000000000000000
18.984000,-2,-89.581999999999994,-18.375000000000000,-51.329979999999999,180.000000000000000,0.000000000000000,125.000000000000000
18.988000,-2,-89.581999999999994,-18.375000000000000,-51.338320000000003,180.000000000000000,0.000000000000000,125.000000000000000
18.992000,-2,-89.581999999999994,-18.375000000000000,-51.346649999999997,180.000000000000000,0.000000000000000,125.000000000000000
18.996000,-2,-89.581999999999994,-18.375000000000000,-51.354979999999998,180.000000000000000,0.000000000000000,125.000000000000000
19.000000,-2,-89.581999999999994,-18.375000000000000,-51.363320000000002,180.000000000000000,0.000000000000000,125.000000000000000
19.004000,-2,-89.581999999999994,-18.375000000000000,-51.371650000000002,180.000000000000000,0.000000000000000,125.000000000000000
19.008000,-2,-89.581999999999994,-18.375000000000000,-51.379980000000003,180.000000000000000,0.000000000000000,125.000000000000000
19.012000,-2,-89.581999999999994,-18.375000000000000,-51.388320000000000,180.000000000000000,0.000000000000000,125.000000000000000
19.016000,-2,-89.581999999999994,-18.375000000000000,-51.396650000000001,180.000000000000000,0.000000000000000,125.000000000000000
19.020000,-2,-89.581999999999994,-18.375000000000000,-51.404980000000002,180.000000000000000,0.000000000000000,125.000000000000000
19.024000,-2,-89.581999999999994,-18.375000000000000,-51.413319999999999,180.000000000000000,0.000000000000000,125.000000000000000
19.028000,-2,-89.581999999999994,-18.375000000000000,-51.421650000000000,180.000000000000000,0.000000000000000,125.000000000000000
19.032000,-2,-89.581999999999994,-18.375000000000000,-51.429980000000000,180.000000000000000,0.000000000000000,125.000000000000000
19.036000,-2,-89.581999999999994,-18.375000000000000,-51.438319999999997,180.000000000000000,0.000000000000000,125.000000000000000
19.040000,-2,-89.581999999999994,-18.375000000000000,-51.446649999999998,180.000000000000000,0.000000000000000,125.000000000000000
19.044000,-2,-89.581999999999994,-18.375000000000000,-51.454979999999999,180.000000000000000,0.000000000000000,125.000000000000000
19.048000,-2,-89.581999999999994,-18.375000000000000,-51.463320000000003,180.000000000000000,0.000000000000000,125.000000000000000
19.052000,-2,-89.581999999999994,-18.375000000000000,-51.471649999999997,180.000000000000000,0.000000000000000,125.000000000000000
19.056000,-2,-89.581999999999994,-18.375000000000000,-51.479979999999998,180.000000000000000,0.000000000000000,125.000000000000000
19.060000,-2,-89.581999999999994,-18.375000000000000,-51.488320000000002,180.000000000000000,0.000000000000000,125.000000000000000
19.064000,-2,-89.581999999999994,-18.375000000000000,-51.496650000000002,180.000000000000000,0.000000000000000,125.000000000000000
19.068000,-2,-89.581999999999994,-18.375000000000000,-51.504980000000003,180.000000000000000,0.000000000000000,125.000000000000000
19.072000,-2,-89.581999999999994,-18.375000000000000,-51.513320000000000,180.000000000000000,0.000000000000000,125.000000000000000
19.076000,-2,-89.581999999999994,-18.375000000000000,-51.521650000000001,180.000000000000000,0.000000000000000,125.000000000000000
19.080000,-2,-89.581999999999994,-18.375000000000000,-51.529980000000002,180.000000000000000,0.000000000000000,125.000000000000000
19.084000,-2,-89.581999999999994,-18.375000000000000,-51.538319999999999,180.000000000000000,0.000000000000000,125.000000000000000
19.088000,-2,-89.581999999999994,-18.375000000000000,-51.546650000000000,180.000000000000000,0.000000000000000,125.000000000000000
19.092000,-2,-89.581999999999994,-18.375000000000000,-51.554980000000000,180.000000000000000,0.000000000000000,125.000000000000000
19.096000,-2,-89.581999999999994,-18.375000000000000,-51.563319999999997,180.000000000000000,0.000000000000000,125.000000000000000
19.100000,-2,-89.581999999999994,-18.375000000000000,-51.571649999999998,180.000000000000000,0.000000000000000,125.000000000000000
19.104000,-2,-89.581999999999994,-18.375000000000000,-51.579979999999999,180.000000000000000,0.000000000000000,125.000000000000000
19.108000,-2,-89.581999999999994,-18.375000000000000,-51.588320000000003,180.000000000000000,0.000000000000000,125.000000000000000
19.112000,-2,-89.581999999999994,-18.375000000000000,-51.596649999999997,180.000000000000000,0.000000000000000,125.000000000000000
19.116000,-2,-89.581999999999994,-18.375000000000000,-51.604979999999998,180.000000000000000,0.000000000000000,125.000000000000000
19.120000,-2,-89.581999999999994,-18.375000000000000,-51.613320000000002,180.000000000000000,0.000000000000000,125.000000000000000
19.124000,-2,-89.581999999999994,-18.375000000000000,-51.621650000000002,180.000000000000000,0.000000000000000,125.000000000000000
19.128000,-2,-89.581999999999994,-18.375000000000000,-51.629980000000003,180.000000000000000,0.000000000000000,125.000000000000000
19.132000,-2,-89.581999999999994,-18.375000000000000,-51.638320000000000,180.000000000000000,0.000000000000000,125.000000000000000
19.136000,-2,-89.581999999999994,-18.375000000000000,-51.646650000000001,180.000000000000000,0.000000000000000,125.000000000000000
19.140000,-2,-89.581999999999994,-18.375000000000000,-51.654980000000002,180.000000000000000,0.000000000000000,125.000000000000000
19.144000,-2,-89.581999999999994,-18.375000000000000,-51.663319999999999,180.000000000000000,0.000000000000000,125.000000000000000
19.148000,-2,-89.581999999999994,-18.375000000000000,-51.671650000000000,180.000000000000000,0.000000000000000,125.000000000000000
19.152000,-2,-89.581999999999994,-18.375000000000000,-51.679980000000000,180.000000000000000,0.000000000000000,125.000000000000000
19.156000,-2,-89.581999999999994,-18.375000000000000,-51.688319999999997,180.000000000000000,0.000000000000000,125.000000000000000
19.160000,-2,-89.581999999999994,-18.375000000000000,-51.696649999999998,180.000000000000000,0.000000000000000,125.000000000000000
19.164000,-2,-89.581999999999994,-18.375000000000000,-51.704979999999999,180.000000000000000,0.000000000000000,125.000000000000000
19.168000,-2,-89.581999999999994,-18.375000000000000,-51.713320000000003,180.000000000000000,0.000000000000000,125.000000000000000
19.172000,-2,-89.581999999999994,-18.375000000000000,-51.721649999999997,180.000000000000000,0.000000000000000,125.000000000000000
19.176000,-2,-89.581999999999994,-18.375000000000000,-51.729979999999998,180.000000000000000,0.000000000000000,125.000000000000000
19.180000,-2,-89.581999999999994,-18.375000000000000,-51.738320000000002,180.000000000000000,0.000000000000000,125.000000000000000
19.184000,-2,-89.581999999999994,-18.375000000000000,-51.746650000000002,180.000000000000000,0.000000000000000,125.000000000000000
19.188000,-2,-89.581999999999994,-18.375000000000000,-51.754980000000003,180.000000000000000,0.000000000000000,125.000000000000000
19.192000,-2,-89.581999999999994,-18.375000000000000,-51.763320000000000,180.000000000000000,0.000000000000000,125.000000000000000
19.196000,-2,-89.581999999999994,-18.375000000000000,-51.771650000000001,180.000000000000000,0.000000000000000,125.000000000000000
19.200000,-2,-89.581999999999994,-18.375000000000000,-51.779980000000002,180.000000000000000,0.000000000000000,125.000000000000000
19.204000,-2,-89.581999999999994,-18.375000000000000,-51.788319999999999,180.000000000000000,0.000000000000000,125.000000000000000
19.208000,-2,-89.581999999999994,-18.375000000000000,-51.796650000000000,180.000000000000000,0.000000000000000,125.000000000000000
19.212000,-2,-89.581999999999994,-18.375000000000000,-51.804980000000000,180.000000000000000,0.000000000000000,125.000000000000000
19.216000,-2,-89.581999999999994,-18.375000000000000,-51.813319999999997,180.000000000000000,0.000000000000000,125.000000000000000
19.220000,-2,-89.581999999999994,-18.375000000000000,-51.821649999999998,180.000000000000000,0.000000000000000,125.000000000000000
19.224000,-2,-89.581999999999994,-18.375000000000000,-51.829979999999999,180.000000000000000,0.000000000000000,125.000000000000000
19.228000,-2,-89.581999999999994,-18.375000000000000,-51.838320000000003,180.000000000000000,0.000000000000000,125.000000000000000
19.232000,-2,-89.581999999999994,-18.375000000000000,-51.846649999999997,180.000000000000000,0.000000000000000,125.000000000000000
19.236000,-2,-89.581999999999994,-18.375000000000000,-51.854979999999998,180.000000000000000,0.000000000000000,125.000000000000000
19.240000,-2,-89.581999999999994,-18.375000000000000,-51.863320000000002,180.000000000000000,0.000000000000000,125.000000000000000
19.244000,-2,-89.581999999999994,-18.375000000000000,-51.871650000000002,180.000000000000000,0.000000000000000,125.000000000000000
19.248000,-2,-89.581999999999994,-18.375000000000000,-51.879980000000003,180.000000000000000,0.000000000000000,125.000000000000000
19.252000,-2,-89.581999999999994,-18.375000000000000,-51.888320000000000,180.000000000000000,0.000000000000000,125.000000000000000
19.256000,-2,-89.581999999999994,-18.375000000000000,-51.896650000000001,180.000000000000000,0.000000000000000,125.000000000000000
19.260000,-2,-89.581999999999994,-18.375000000000000,-51.904980000000002,180.000000000000000,0.000000000000000,125.000000000000000
19.264000,-2,-89.581999999999994,-18.375000000000000,-51.913319999999999,180.000000000000000,0.000000000000000,125.000000000000000
19.268000,-2,-89.581999999999994,-18.375000000000000,-51.921650000000000,180.000000000000000,0.000000000000000,125.000000000000000
19.272000,-2,-89.581999999999994,-18.375000000000000,-51.929980000000000,180.000000000000000,0.000000000000000,125.000000000000000
19.276000,-2,-89.581999999999994,-18.375000000000000,-51.938319999999997,180.000000000000000,0.000000000000000,125.000000000000000
19.280000,-2,-89.581999999999994,-18.375000000000000,-51.946649999999998,180.000000000000000,0.000000000000000,125.000000000000000
19.284000,-2,-89.581999999999994,-18.375000000000000,-51.954979999999999,180.000000000000000,0.000000000000000,125.000000000000000
19.288000,-2,-89.581999999999994,-18.375000000000000,-51.963320000000003,180.000000000000000,0.000000000000000,125.000000000000000
19.292000,-2,-89.581999999999994,-18.375000000000000,-51.971649999999997,180.000000000000000,0.000000000000000,125.000000000000000
19.296000,-2,-89.581999999999994,-18.375000000000000,-51.979979999999998,180.000000000000000,0.000000000000000,125.000000000000000
19.300000,-2,-89.581999999999994,-18.375000000000000,-51.988320000000002,180.000000000000000,0.000000000000000,125.000000000000000
19.304000,-2,-89.581999999999994,-18.375000000000000,-51.996650000000002,180.000000000000000,0.000000000000000,125.000000000000000
19.308000,-2,-89.581999999999994,-18.375000000000000,-52.004980000000003,180.000000000000000,0.000000000000000,125.000000000000000
19.312000,-2,-89.581999999999994,-18.375000000000000,-52.013320000000000,180.000000000000000,0.000000000000000,125.000000000000000
19.316000,-2,-89.581999999999994,-18.375000000000000,-52.021650000000001,180.000000000000000,0.000000000000000,125.000000000000000
19.320000,-2,-89.581999999999994,-18.375000000000000,-52.029980000000002,180.000000000000000,0.000000000000000,125.000000000000000
19.324000,-2,-89.581999999999994,-18.375000000000000,-52.038319999999999,180.000000000000000,0.000000000000000,125.000000000000000
19.328000,-2,-89.581999999999994,-18.375000000000000,-52.046650000000000,180.000000000000000,0.000000000000000,125.000000000000000
19.332000,-2,-89.581999999999994,-18.375000000000000,-52.054980000000000,180.000000000000000,0.000000000000000,125.000000000000000
19.336000,-2,-89.581999999999994,-18.375000000000000,-52.063319999999997,180.000000000000000,0.000000000000000,125.000000000000000
19.340000,-2,-89.581999999999994,-18.375000000000000,-52.071649999999998,180.000000000000000,0.000000000000000,125.000000000000000
19.344000,-2,-89.581999999999994,-18.375000000000000,-52.079979999999999,180.000000000000000,0.000000000000000,125.000000000000000
19.348000,-2,-89.581999999999994,-18.375000000000000,-52.088320000000003,180.000000000000000,0.000000000000000,125.000000000000000
19.352000,-2,-89.581999999999994,-18.375000000000000,-52.096649999999997,180.000000000000000,0.000000000000000,125.000000000000000
19.356000,-2,-89.581999999999994,-18.375000000000000,-52.104979999999998,180.000000000000000,0.000000000000000,125.000000000000000
19.360000,-2,-89.581999999999994,-18.375000000000000,-52.113320000000002,180.000000000000000,0.000000000000000,125.000000000000000
19.364000,-2,-89.581999999999994,-18.375000000000000,-52.121650000000002,180.000000000000000,0.000000000000000,125.000000000000000
19.368000,-2,-89.581999999999994,-18.375000000000000,-52.129980000000003,180.000000000000000,0.000000000000000,125.000000000000000
19.372000,-2,-89.581999999999994,-18.375000000000000,-52.138320000000000,180.000000000000000,0.000000000000000,125.000000000000000
19.376000,-2,-89.581999999999994,-18.375000000000000,-52.146650000000001,180.000000000000000,0.000000000000000,125.000000000000000
19.380000,-2,-89.581999999999994,-18.375000000000000,-52.154980000000002,180.000000000000000,0.000000000000000,125.000000000000000
19.384000,-2,-89.581999999999994,-18.375000000000000,-52.163319999999999,180.000000000000000,0.000000000000000,125.000000000000000
19.388000,-2,-89.581999999999994,-18.375000000000000,-52.171650000000000,180.000000000000000,0.000000000000000,125.000000000000000
19.392000,-2,-89.581999999999994,-18.375000000000000,-52.179980000000000,180.000000000000000,0.000000000000000,125.000000000000000
19.396000,-2,-89.581999999999994,-18.375000000000000,-52.188319999999997,180.000000000000000,0.000000000000000,125.000000000000000
19.400000,-2,-89.581999999999994,-18.375000000000000,-52.196649999999998,180.000000000000000,0.000000000000000,125.000000000000000
19.404000,-2,-89.581999999999994,-18.375000000000000,-52.204979999999999,180.000000000000000,0.000000000000000,125.000000000000000
19.408000,-2,-89.581999999999994,-18.375000000000000,-52.213320000000003,180.000000000000000,0.000000000000000,125.000000000000000
19.412000,-2,-89.581999999999994,-18.375000000000000,-52.221649999999997,180.000000000000000,0.000000000000000,125.000000000000000
19.416000,-2,-89.581999999999994,-18.375000000000000,-52.229979999999998,180.000000000000000,0.000000000000000,125.000000000000000
19.420000,-2,-89.581999999999994,-18.375000000000000,-52.238320000000002,180.000000000000000,0.000000000000000,125.000000000000000
19.424000,-2,-89.581999999999994,-18.375000000000000,-52.246650000000002,180.000000000000000,0.000000000000000,125.000000000000000
19.428000,-2,-89.581999999999994,-18.375000000000000,-52.254980000000003,180.000000000000000,0.000000000000000,125.000000000000000
19.432000,-2,-89.581999999999994,-18.375000000000000,-52.263320000000000,180.000000000000000,0.000000000000000,125.000000000000000
19.436000,-2,-89.581999999999994,-18.375000000000000,-52.271650000000001,180.000000000000000,0.000000000000000,125.000000000000000
19.440000,-2,-89.581999999999994,-18.375000000000000,-52.279980000000002,180.000000000000000,0.000000000000000,125.000000000000000
19.444000,-2,-89.581999999999994,-18.375000000000000,-52.288319999999999,180.000000000000000,0.000000000000000,125.000000000000000
19.448000,-2,-89.581999999999994,-18.375000000000000,-52.296650000000000,180.000000000000000,0.000000000000000,125.000000000000000
19.452000,-2,-89.581999999999994,-18.375000000000000,-52.304980000000000,180.000000000000000,0.000000000000000,125.000000000000000
19.456000,-2,-89.581999999999994,-18.375000000000000,-52.313319999999997,180.000000000000000,0.000000000000000,125.000000000000000
19.460000,-2,-89.581999999999994,-18.375000000000000,-52.321649999999998,180.000000000000000,0.000000000000000,125.000000000000000
19.464000,-2,-89.581999999999994,-18.375000000000000,-52.329979999999999,180.000000000000000,0.000000000000000,125.000000000000000
19.468000,-2,-89.581999999999994,-18.375000000000000,-52.338320000000003,180.000000000000000,0.000000000000000,125.000000000000000
19.472000,-2,-89.581999999999994,-18.375000000000000,-52.346649999999997,180.000000000000000,0.000000000000000,125.000000000000000
19.476000,-2,-89.581999999999994,-18.375000000000000,-52.354979999999998,180.000000000000000,0.000000000000000,125.000000000000000
19.480000,-2,-89.581999999999994,-18.375000000000000,-52.363320000000002,180.000000000000000,0.000000000000000,125.000000000000000
19.484000,-2,-89.581999999999994,-18.375000000000000,-52.371650000000002,180.000000000000000,0.000000000000000,125.000000000000000
19.488000,-2,-89.581999999999994,-18.375000000000000,-52.379980000000003,180.000000000000000,0.000000000000000,125.000000000000000
19.492000,-2,-89.581999999999994,-18.375000000000000,-52.388320000000000,180.000000000000000,0.000000000000000,125.000000000000000
19.496000,-2,-89.581999999999994,-18.375000000000000,-52.396650000000001,180.000000000000000,0.000000000000000,125.000000000000000
19.500000,-2,-89.581999999999994,-18.375000000000000,-52.404980000000002,180.000000000000000,0.000000000000000,125.000000000000000
19.504000,-2,-89.581999999999994,-18.375000000000000,-52.413319999999999,180.000000000000000,0.000000000000000,125.000000000000000
19.508000,-2,-89.581999999999994,-18.375000000000000,-52.421650000000000,180.000000000000000,0.000000000000000,125.000000000000000
19.512000,-2,-89.581999999999994,-18.375000000000000,-52.429980000000000,180.000000000000000,0.000000000000000,125.000000000000000
19.516000,-2,-89.581999999999994,-18.375000000000000,-52.438319999999997,180.000000000000000,0.000000000000000,125.000000000000000
19.520000,-2,-89.581999999999994,-18.375000000000000,-52.446649999999998,180.000000000000000,0.000000000000000,125.000000000000000
19.524000,-2,-89.581999999999994,-18.375000000000000,-52.454979999999999,180.000000000000000,0.000000000000000,125.000000000000000
19.528000,-2,-89.581999999999994,-18.375000000000000,-52.463320000000003,180.000000000000000,0.000000000000000,125.000000000000000
19.532000,-2,-89.581999999999994,-18.375000000000000,-52.471649999999997,180.000000000000000,0.000000000000000,125.000000000000000
19.536000,-2,-89.581999999999994,-18.375000000000000,-52.479979999999998,180.000000000000000,0.000000000000000,125.000000000000000
19.540000,-2,-89.581999999999994,-18.375000000000000,-52.488320000000002,180.000000000000000,0.000000000000000,125.000000000000000
19.544000,-2,-89.581999999999994,-18.375000000000000,-52.496650000000002,180.000000000000000,0.000000000000000,125.000000000000000
19.548000,-2,-89.581999999999994,-18.375000000000000,-52.504980000000003,180.000000000000000,0.000000000000000,125.000000000000000
19.552000,-2,-89.581999999999994,-18.375000000000000,-52.513320000000000,180.000000000000000,0.000000000000000,125.000000000000000
19.556000,-2,-89.581999999999994,-18.375000000000000,-52.521650000000001,180.000000000000000,0.000000000000000,125.000000000000000
19.560000,-2,-89.581999999999994,-18.375000000000000,-52.529980000000002,180.000000000000000,0.000000000000000,125.000000000000000
19.564000,-2,-89.581999999999994,-18.375000000000000,-52.538319999999999,180.000000000000000,0.000000000000000,125.000000000000000
19.568000,-2,-89.581999999999994,-18.375000000000000,-52.546650000000000,180.000000000000000,0.000000000000000,125.000000000000000
19.572000,-2,-89.581999999999994,-18.375000000000000,-52.554980000000000,180.000000000000000,0.000000000000000,125.000000000000000
19.576000,-2,-89.581999999999994,-18.375000000000000,-52.563319999999997,180.000000000000000,0.000000000000000,125.000000000000000
19.580000,-2,-89.581999999999994,-18.375000000000000,-52.571649999999998,180.000000000000000,0.000000000000000,125.000000000000000
19.584000,-2,-89.581999999999994,-18.375000000000000,-52.579979999999999,180.000000000000000,0.000000000000000,125.000000000000000
19.588000,-2,-89.581999999999994,-18.375000000000000,-52.588320000000003,180.000000000000000,0.000000000000000,125.000000000000000
19.592000,-2,-89.581999999999994,-18.375000000000000,-52.596649999999997,180.000000000000000,0.000000000000000,125.000000000000000
19.596000,-2,-89.581999999999994,-18.375000000000000,-52.604979999999998,180.000000000000000,0.000000000000000,125.000000000000000
19.600000,-2,-89.581999999999994,-18.375000000000000,-52.613320000000002,180.000000000000000,0.000000000000000,125.000000000000000
19.604000,-2,-89.581999999999994,-18.375000000000000,-52.621650000000002,180.000000000000000,0.000000000000000,125.000000000000000
19.608000,-2,-89.581999999999994,-18.375000000000000,-52.629980000000003,180.000000000000000,0.000000000000000,125.000000000000000
19.612000,-2,-89.581999999999994,-18.375000000000000,-52.638320000000000,180.000000000000000,0.000000000000000,125.000000000000000
19.616000,-2,-89.581999999999994,-18.375000000000000,-52.646650000000001,180.000000000000000,0.000000000000000,125.000000000000000
19.620000,-2,-89.581999999999994,-18.375000000000000,-52.654980000000002,180.000000000000000,0.000000000000000,125.000000000000000
19.624000,-2,-89.581999999999994,-18.375000000000000,-52.663319999999999,180.000000000000000,0.000000000000000,125.000000000000000
19.628000,-2,-89.581999999999994,-18.375000000000000,-52.671650000000000,180.000000000000000,0.000000000000000,125.000000000000000
19.632000,-2,-89.581999999999994,-18.375000000000000,-52.679980000000000,180.000000000000000,0.000000000000000,125.000000000000000
19.636000,-2,-89.581999999999994,-18.375000000000000,-52.688319999999997,180.000000000000000,0.000000000000000,125.000000000000000
19.640000,-2,-89.581999999999994,-18.375000000000000,-52.696649999999998,180.000000000000000,0.000000000000000,125.000000000000000
19.644000,-2,-89.581999999999994,-18.375000000000000,-52.704979999999999,180.000000000000000,0.000000000000000,125.000000000000000
19.648000,-2,-89.581999999999994,-18.375000000000000,-52.713320000000003,180.000000000000000,0.000000000000000,125.000000000000000
19.652000,-2,-89.581999999999994,-18.375000000000000,-52.721649999999997,180.000000000000000,0.000000000000000,125.000000000000000
19.656000,-2,-89.581999999999994,-18.375000000000000,-52.729979999999998,180.000000000000000,0.000000000000000,125.000000000000000
19.660000,-2,-89.581999999999994,-18.375000000000000,-52.738320000000002,180.000000000000000,0.000000000000000,125.000000000000000
19.664000,-2,-89.581999999999994,-18.375000000000000,-52.746650000000002,180.000000000000000,0.000000000000000,125.000000000000000
19.668000,-2,-89.581999999999994,-18.375000000000000,-52.754980000000003,180.000000000000000,0.000000000000000,125.000000000000000
19.672000,-2,-89.581999999999994,-18.375000000000000,-52.763320000000000,180.000000000000000,0.000000000000000,125.000000000000000
19.676000,-2,-89.581999999999994,-18.375000000000000,-52.771650000000001,180.000000000000000,0.000000000000000,125.000000000000000
19.680000,-2,-89.581999999999994,-18.375000000000000,-52.779980000000002,180.000000000000000,0.000000000000000,125.000000000000000
19.684000,-2,-89.581999999999994,-18.375000000000000,-52.788319999999999,180.000000000000000,0.000000000000000,125.000000000000000
19.688000,-2,-89.581999999999994,-18.375000000000000,-52.796650000000000,180.000000000000000,0.000000000000000,125.000000000000000
19.692000,-2,-89.581999999999994,-18.375000000000000,-52.804980000000000,180.000000000000000,0.000000000000000,125.000000000000000
19.696000,-2,-89.581999999999994,-18.375000000000000,-52.813319999999997,180.000000000000000,0.000000000000000,125.000000000000000
19.700000,-2,-89.581999999999994,-18.375000000000000,-52.821649999999998,180.000000000000000,0.000000000000000,125.000000000000000
19.704000,-2,-89.581999999999994,-18.375000000000000,-52.829979999999999,180.000000000000000,0.000000000000000,125.000000000000000
19.708000,-2,-89.581999999999994,-18.375000000000000,-52.838320000000003,180.000000000000000,0.000000000000000,125.000000000000000
19.712000,-2,-89.581999999999994,-18.375000000000000,-52.846649999999997,180.000000000000000,0.000000000000000,125.000000000000000
19.716000,-2,-89.581999999999994,-18.375000000000000,-52.854979999999998,180.000000000000000,0.000000000000000,125.000000000000000
19.720000,-2,-89.581999999999994,-18.375000000000000,-52.863320000000002,180.000000000000000,0.000000000000000,125.000000000000000
19.724000,-2,-89.581999999999994,-18.375000000000000,-52.871650000000002,180.000000000000000,0.000000000000000,125.000000000000000
19.728000,-2,-89.581999999999994,-18.375000000000000,-52.879980000000003,180.000000000000000,0.000000000000000,125.000000000000000
19.732000,-2,-89.581999999999994,-18.375000000000000,-52.888320000000000,180.000000000000000,0.000000000000000,125.000000000000000
19.736000,-2,-89.581999999999994,-18.375000000000000,-52.896650000000001,180.000000000000000,0.000000000000000,125.000000000000000
19.740000,-2,-89.581999999999994,-18.375000000000000,-52.904980000000002,180.000000000000000,0.000000000000000,125.000000000000000
19.744000,-2,-89.581999999999994,-18.375000000000000,-52.913319999999999,180.000000000000000,0.000000000000000,125.000000000000000
19.748000,-2,-89.581999999999994,-18.375000000000000,-52.921650000000000,180.000000000000000,0.000000000000000,125.000000000000000
19.752000,-2,-89.581999999999994,-18.375000000000000,-52.929980000000000,180.000000000000000,0.000000000000000,125.000000000000000
19.756000,-2,-89.581999999999994,-18.375000000000000,-52.938319999999997,180.000000000000000,0.000000000000000,125.000000000000000
19.760000,-2,-89.581999999999994,-18.375000000000000,-52.946649999999998,180.000000000000000,0.000000000000000,125.000000000000000
19.764000,-2,-89.581999999999994,-18.375000000000000,-52.954979999999999,180.000000000000000,0.000000000000000,125.000000000000000
19.768000,-2,-89.581999999999994,-18.375000000000000,-52.963320000000003,180.000000000000000,0.000000000000000,125.000000000000000
19.772000,-2,-89.581999999999994,-18.375000000000000,-52.971649999999997,180.000000000000000,0.000000000000000,125.000000000000000
19.776000,-2,-89.581999999999994,-18.375000000000000,-52.979979999999998,180.000000000000000,0.000000000000000,125.000000000000000
19.780000,-2,-89.581999999999994,-18.375000000000000,-52.988320000000002,180.000000000000000,0.000000000000000,125.000000000000000
19.784000,-2,-89.581999999999994,-18.375000000000000,-52.996650000000002,180.000000000000000,0.000000000000000,125.000000000000000
19.788000,-2,-89.581999999999994,-18.375000000000000,-53.004980000000003,180.000000000000000,0.000000000000000,125.000000000000000
19.792000,-2,-89.581999999999994,-18.375000000000000,-53.013320000000000,180.000000000000000,0.000000000000000,125.000000000000000
19.796000,-2,-89.581999999999994,-18.375000000000000,-53.021650000000001,180.000000000000000,0.000000000000000,125.000000000000000
19.800000,-2,-89.581999999999994,-18.375000000000000,-53.029980000000002,180.000000000000000,0.000000000000000,125.000000000000000
19.804000,-2,-89.581999999999994,-18.375000000000000,-53.038319999999999,180.000000000000000,0.000000000000000,125.000000000000000
19.808000,-2,-89.581999999999994,-18.375000000000000,-53.046650000000000,180.000000000000000,0.000000000000000,125.000000000000000
19.812000,-2,-89.581999999999994,-18.375000000000000,-53.054980000000000,180.000000000000000,0.000000000000000,125.000000000000000
19.816000,-2,-89.581999999999994,-18.375000000000000,-53.063319999999997,180.000000000000000,0.000000000000000,125.000000000000000
19.820000,-2,-89.581999999999994,-18.375000000000000,-53.071649999999998,180.000000000000000,0.000000000000000,125.000000000000000
19.824000,-2,-89.581999999999994,-18.375000000000000,-53.079979999999999,180.000000000000000,0.000000000000000,125.000000000000000
19.828000,-2,-89.581999999999994,-18.375000000000000,-53.088320000000003,180.000000000000000,0.000000000000000,125.000000000000000
19.832000,-2,-89.581999999999994,-18.375000000000000,-53.096649999999997,180.000000000000000,0.000000000000000,125.000000000000000
19.836000,-2,-89.581999999999994,-18.375000000000000,-53.104979999999998,180.000000000000000,0.000000000000000,125.000000000000000
19.840000,-2,-89.581999999999994,-18.375000000000000,-53.113320000000002,180.000000000000000,0.000000000000000,125.000000000000000
19.844000,-2,-89.581999999999994,-18.375000000000000,-53.121650000000002,180.000000000000000,0.000000000000000,125.000000000000000
19.848000,-2,-89.581999999999994,-18.375000000000000,-53.129980000000003,180.000000000000000,0.000000000000000,125.000000000000000
19.852000,-2,-89.581999999999994,-18.375000000000000,-53.138320000000000,180.000000000000000,0.000000000000000,125.000000000000000
19.856000,-2,-89.581999999999994,-18.375000000000000,-53.146650000000001,180.000000000000000,0.000000000000000,125.000000000000000
19.860000,-2,-89.581999999999994,-18.375000000000000,-53.154980000000002,180.000000000000000,0.000000000000000,125.000000000000000
19.864000,-2,-89.581999999999994,-18.375000000000000,-53.163319999999999,180.000000000000000,0.000000000000000,125.000000000000000
19.868000,-2,-89.581999999999994,-18.375000000000000,-53.171650000000000,180.000000000000000,0.000000000000000,125.000000000000000
19.872000,-2,-89.581999999999994,-18.375000000000000,-53.179980000000000,180.000000000000000,0.000000000000000,125.000000000000000
19.876000,-2,-89.581999999999994,-18.375000000000000,-53.188319999999997,180.000000000000000,0.000000000000000,125.000000000000000
19.880000,-2,-89.581999999999994,-18.375000000000000,-53.196649999999998,180.000000000000000,0.000000000000000,125.000000000000000
19.884000,-2,-89.581999999999994,-18.375000000000000,-53.204979999999999,180.000000000000000,0.000000000000000,125.000000000000000
19.888000,-2,-89.581999999999994,-18.375000000000000,-53.213320000000003,180.000000000000000,0.000000000000000,125.000000000000000
19.892000,-2,-89.581999999999994,-18.375000000000000,-53.221649999999997,180.000000000000000,0.000000000000000,125.000000000000000
19.896000,-2,-89.581999999999994,-18.375000000000000,-53.229979999999998,180.000000000000000,0.000000000000000,125.000000000000000
19.900000,-2,-89.581999999999994,-18.375000000000000,-53.238320000000002,180.000000000000000,0.000000000000000,125.000000000000000
19.904000,-2,-89.581999999999994,-18.375000000000000,-53.246650000000002,180.000000000000000,0.000000000000000,125.000000000000000
19.908000,-2,-89.581999999999994,-18.375000000000000,-53.254980000000003,180.000000000000000,0.000000000000000,125.000000000000000
19.912000,-2,-89.581999999999994,-18.375000000000000,-53.263320000000000,180.000000000000000,0.000000000000000,125.000000000000000
19.916000,-2,-89.581999999999994,-18.375000000000000,-53.271650000000001,180.000000000000000,0.000000000000000,125.000000000000000
19.920000,-2,-89.581999999999994,-18.375000000000000,-53.279980000000002,180.000000000000000,0.000000000000000,125.000000000000000
19.924000,-2,-89.581999999999994,-18.375000000000000,-53.288319999999999,180.000000000000000,0.000000000000000,125.000000000000000
19.928000,-2,-89.581999999999994,-18.375000000000000,-53.296650000000000,180.000000000000000,0.000000000000000,125.000000000000000
19.932000,-2,-89.581999999999994,-18.375000000000000,-53.304980000000000,180.000000000000000,0.000000000000000,125.000000000000000
19.936000,-2,-89.581999999999994,-18.375000000000000,-53.313319999999997,180.000000000000000,0.000000000000000,125.000000000000000
19.940000,-2,-89.581999999999994,-18.375000000000000,-53.321649999999998,180.000000000000000,0.000000000000000,125.000000000000000
19.944000,-2,-89.581999999999994,-18.375000000000000,-53.329979999999999,180.000000000000000,0.000000000000000,125.000000000000000
19.948000,-2,-89.581999999999994,-18.375000000000000,-53.338320000000003,180.000000000000000,0.000000000000000,125.000000000000000
19.952000,-2,-89.581999999999994,-18.375000000000000,-53.346649999999997,180.000000000000000,0.000000000000000,125.000000000000000
19.956000,-2,-89.581999999999994,-18.375000000000000,-53.354979999999998,180.000000000000000,0.000000000000000,125.000000000000000
19.960000,-2,-89.581999999999994,-18.375000000000000,-53.363320000000002,180.000000000000000,0.000000000000000,125.000000000000000
19.964000,-2,-89.581999999999994,-18.375000000000000,-53.371650000000002,180.000000000000000,0.000000000000000,125.000000000000000
19.968000,-2,-89.581999999999994,-18.375000000000000,-53.379980000000003,180.000000000000000,0.000000000000000,125.000000000000000
19.972000,-2,-89.581999999999994,-18.375000000000000,-53.388320000000000,180.000000000000000,0.000000000000000,125.000000000000000
19.976000,-2,-89.581999999999994,-18.375000000000000,-53.396650000000001,180.000000000000000,0.000000000000000,125.000000000000000
19.980000,-2,-89.581999999999994,-18.375000000000000,-53.404980000000002,180.000000000000000,0.000000000000000,125.000000000000000
19.984000,-2,-89.581999999999994,-18.375000000000000,-53.413319999999999,180.000000000000000,0.000000000000000,125.000000000000000
19.988000,-2,-89.581999999999994,-18.375000000000000,-53.421650000000000,180.000000000000000,0.000000000000000,125.000000000000000
19.992000,-2,-89.581999999999994,-18.375000000000000,-53.429980000000000,180.000000000000000,0.000000000000000,125.000000000000000
19.996000,-2,-89.581999999999994,-18.375000000000000,-53.438319999999997,180.000000000000000,0.000000000000000,125.000000000000000
20.000000,-2,-89.581999999999994,-18.375000000000000,-53.446649999999998,180.000000000000000,0.000000000000000,125.000000000000000
20.004000,-2,-89.581999999999994,-18.375000000000000,-53.454979999999999,180.000000000000000,0.000000000000000,125.000000000000000
20.008000,-2,-89.581999999999994,-18.375000000000000,-53.463320000000003,180.000000000000000,0.000000000000000,125.000000000000000
20.012000,-2,-89.581999999999994,-18.375000000000000,-53.471649999999997,180.000000000000000,0.000000000000000,125.000000000000000
20.016000,-2,-89.581999999999994,-18.375000000000000,-53.479979999999998,180.000000000000000,0.000000000000000,125.000000000000000
20.020000,-2,-89.581999999999994,-18.375000000000000,-53.488320000000002,180.000000000000000,0.000000000000000,125.000000000000000
20.024000,-2,-89.581999999999994,-18.375000000000000,-53.496650000000002,180.000000000000000,0.000000000000000,125.000000000000000
20.028000,-2,-89.581999999999994,-18.375000000000000,-53.504980000000003,180.000000000000000,0.000000000000000,125.000000000000000
20.032000,-2,-89.581999999999994,-18.375000000000000,-53.513320000000000,180.000000000000000,0.000000000000000,125.000000000000000
20.036000,-2,-89.581999999999994,-18.375000000000000,-53.521650000000001,180.000000000000000,0.000000000000000,125.000000000000000
20.040000,-2,-89.581999999999994,-18.375000000000000,-53.529980000000002,180.000000000000000,0.000000000000000,125.000000000000000
20.044000,-2,-89.581999999999994,-18.375000000000000,-53.538319999999999,180.000000000000000,0.000000000000000,125.000000000000000
20.048000,-2,-89.581999999999994,-18.375000000000000,-53.546650000000000,180.000000000000000,0.000000000000000,125.000000000000000
20.052000,-2,-89.581999999999994,-18.375000000000000,-53.554980000000000,180.000000000000000,0.000000000000000,125.000000000000000
20.056000,-2,-89.581999999999994,-18.375000000000000,-53.563319999999997,180.000000000000000,0.000000000000000,125.000000000000000
20.060000,-2,-89.581999999999994,-18.375000000000000,-53.571649999999998,180.000000000000000,0.000000000000000,125.000000000000000
20.064000,-2,-89.581999999999994,-18.375000000000000,-53.579979999999999,180.000000000000000,0.000000000000000,125.000000000000000
20.068000,-2,-89.581999999999994,-18.375000000000000,-53.588320000000003,180.000000000000000,0.000000000000000,125.000000000000000
20.072000,-2,-89.581999999999994,-18.375000000000000,-53.596649999999997,180.000000000000000,0.000000000000000,125.000000000000000
20.076000,-2,-89.581999999999994,-18.375000000000000,-53.604979999999998,180.000000000000000,0.000000000000000,125.000000000000000
20.080000,-2,-89.581999999999994,-18.375000000000000,-53.613320000000002,180.000000000000000,0.000000000000000,125.000000000000000
20.084000,-2,-89.581999999999994,-18.375000000000000,-53.621650000000002,180.000000000000000,0.000000000000000,125.000000000000000
20.088000,-2,-89.581999999999994,-18.375000000000000,-53.629980000000003,180.000000000000000,0.000000000000000,125.000000000000000
20.092000,-2,-89.581999999999994,-18.375000000000000,-53.638320000000000,180.000000000000000,0.000000000000000,125.000000000000000
20.096000,-2,-89.581999999999994,-18.375000000000000,-53.646650000000001,180.000000000000000,0.000000000000000,125.000000000000000
20.100000,-2,-89.581999999999994,-18.375000000000000,-53.654980000000002,180.000000000000000,0.000000000000000,125.000000000000000
20.104000,-2,-89.581999999999994,-18.375000000000000,-53.663319999999999,180.000000000000000,0.000000000000000,125.000000000000000
20.108000,-2,-89.581999999999994,-18.375000000000000,-53.671650000000000,180.000000000000000,0.000000000000000,125.000000000000000
20.112000,-2,-89.581999999999994,-18.375000000000000,-53.679980000000000,180.000000000000000,0.000000000000000,125.000000000000000
20.116000,-2,-89.581999999999994,-18.375000000000000,-53.688319999999997,180.000000000000000,0.000000000000000,125.000000000000000
20.120000,-2,-89.581999999999994,-18.375000000000000,-53.696649999999998,180.000000000000000,0.000000000000000,125.000000000000000
20.124000,-2,-89.581999999999994,-18.375000000000000,-53.704979999999999,180.000000000000000,0.000000000000000,125.000000000000000
20.128000,-2,-89.581999999999994,-18.375000000000000,-53.713320000000003,180.000000000000000,0.000000000000000,125.000000000000000
20.132000,-2,-89.581999999999994,-18.375000000000000,-53.721649999999997,180.000000000000000,0.000000000000000,125.000000000000000
20.136000,-2,-89.581999999999994,-18.375000000000000,-53.729979999999998,180.000000000000000,0.000000000000000,125.000000000000000
20.140000,-2,-89.581999999999994,-18.375000000000000,-53.738320000000002,180.000000000000000,0.000000000000000,125.000000000000000
20.144000,-2,-89.581999999999994,-18.375000000000000,-53.746650000000002,180.000000000000000,0.000000000000000,125.000000000000000
20.148000,-2,-89.581999999999994,-18.375000000000000,-53.754980000000003,180.000000000000000,0.000000000000000,125.000000000000000
20.152000,-2,-89.581999999999994,-18.375000000000000,-53.763320000000000,180.000000000000000,0.000000000000000,125.000000000000000
20.156000,-2,-89.581999999999994,-18.375000000000000,-53.771650000000001,180.000000000000000,0.000000000000000,125.000000000000000
20.160000,-2,-89.581999999999994,-18.375000000000000,-53.779980000000002,180.000000000000000,0.000000000000000,125.000000000000000
20.164000,-2,-89.581999999999994,-18.375000000000000,-53.788319999999999,180.000000000000000,0.000000000000000,125.000000000000000
20.168000,-2,-89.581999999999994,-18.375000000000000,-53.796650000000000,180.000000000000000,0.000000000000000,125.000000000000000
20.172000,-2,-89.581999999999994,-18.375000000000000,-53.804980000000000,180.000000000000000,0.000000000000000,125.000000000000000
20.176000,-2,-89.581999999999994,-18.375000000000000,-53.813319999999997,180.000000000000000,0.000000000000000,125.000000000000000
20.180000,-2,-89.581999999999994,-18.375000000000000,-53.821649999999998,180.000000000000000,0.000000000000000,125.000000000000000
20.184000,-2,-89.581999999999994,-18.375000000000000,-53.829979999999999,180.000000000000000,0.000000000000000,125.000000000000000
20.188000,-2,-89.581999999999994,-18.375000000000000,-53.838320000000003,180.000000000000000,0.000000000000000,125.000000000000000
20.192000,-2,-89.581999999999994,-18.375000000000000,-53.846649999999997,180.000000000000000,0.000000000000000,125.000000000000000
20.196000,-2,-89.581999999999994,-18.375000000000000,-53.854979999999998,180.000000000000000,0.000000000000000,125.000000000000000
20.200000,-2,-89.581999999999994,-18.375000000000000,-53.863320000000002,180.000000000000000,0.000000000000000,125.000000000000000
20.204000,-2,-89.581999999999994,-18.375000000000000,-53.871650000000002,180.000000000000000,0.000000000000000,125.000000000000000
20.208000,-2,-89.581999999999994,-18.375000000000000,-53.879980000000003,180.000000000000000,0.000000000000000,125.000000000000000
20.212000,-2,-89.581999999999994,-18.375000000000000,-53.888320000000000,180.000000000000000,0.000000000000000,125.000000000000000
20.216000,-2,-89.581999999999994,-18.375000000000000,-53.896650000000001,180.000000000000000,0.000000000000000,125.000000000000000
20.220000,-2,-89.581999999999994,-18.375000000000000,-53.904980000000002,180.000000000000000,0.000000000000000,125.000000000000000
20.224000,-2,-89.581999999999994,-18.375000000000000,-53.913319999999999,180.000000000000000,0.000000000000000,125.000000000000000
20.228000,-2,-89.581999999999994,-18.375000000000000,-53.921650000000000,180.000000000000000,0.000000000000000,125.000000000000000
20.232000,-2,-89.581999999999994,-18.375000000000000,-53.929980000000000,180.000000000000000,0.000000000000000,125.000000000000000
20.236000,-2,-89.581999999999994,-18.375000000000000,-53.938319999999997,180.000000000000000,0.000000000000000,125.000000000000000
20.240000,-2,-89.581999999999994,-18.375000000000000,-53.946649999999998,180.000000000000000,0.000000000000000,125.000000000000000
20.244000,-2,-89.581999999999994,-18.375000000000000,-53.954979999999999,180.000000000000000,0.000000000000000,125.000000000000000
20.248000,-2,-89.581999999999994,-18.375000000000000,-53.963320000000003,180.000000000000000,0.000000000000000,125.000000000000000
20.252000,-2,-89.581999999999994,-18.375000000000000,-53.971649999999997,180.000000000000000,0.000000000000000,125.000000000000000
20.256000,-2,-89.581999999999994,-18.375000000000000,-53.979979999999998,180.000000000000000,0.000000000000000,125.000000000000000
20.260000,-2,-89.581999999999994,-18.375000000000000,-53.988320000000002,180.000000000000000,0.000000000000000,125.000000000000000
20.264000,-2,-89.581999999999994,-18.375000000000000,-53.996650000000002,180.000000000000000,0.000000000000000,125.000000000000000
20.268000,-2,-89.581999999999994,-18.375000000000000,-54.004980000000003,180.000000000000000,0.000000000000000,125.000000000000000
20.272000,-2,-89.581999999999994,-18.375000000000000,-54.013320000000000,180.000000000000000,0.000000000000000,125.000000000000000
20.276000,-2,-89.581999999999994,-18.375000000000000,-54.021650000000001,180.000000000000000,0.000000000000000,125.000000000000000
20.280000,-2,-89.581999999999994,-18.375000000000000,-54.029980000000002,180.000000000000000,0.000000000000000,125.000000000000000
20.284000,-2,-89.581999999999994,-18.375000000000000,-54.038319999999999,180.000000000000000,0.000000000000000,125.000000000000000
20.288000,-2,-89.581999999999994,-18.375000000000000,-54.046650000000000,180.000000000000000,0.000000000000000,125.000000000000000
20.292000,-2,-89.581999999999994,-18.375000000000000,-54.054980000000000,180.000000000000000,0.000000000000000,125.000000000000000
20.296000,-2,-89.581999999999994,-18.375000000000000,-54.063319999999997,180.000000000000000,0.000000000000000,125.000000000000000
20.300000,-2,-89.581999999999994,-18.375000000000000,-54.071649999999998,180.000000000000000,0.000000000000000,125.000000000000000
20.304000,-2,-89.581999999999994,-18.375000000000000,-54.079979999999999,180.000000000000000,0.000000000000000,125.000000000000000
20.308000,-2,-89.581999999999994,-18.375000000000000,-54.088320000000003,180.000000000000000,0.000000000000000,125.000000000000000
20.312000,-2,-89.581999999999994,-18.375000000000000,-54.096649999999997,180.000000000000000,0.000000000000000,125.000000000000000
20.316000,-2,-89.581999999999994,-18.375000000000000,-54.104979999999998,180.000000000000000,0.000000000000000,125.000000000000000
20.320000,-2,-89.581999999999994,-18.375000000000000,-54.113320000000002,180.000000000000000,0.000000000000000,125.000000000000000
20.324000,-2,-89.581999999999994,-18.375000000000000,-54.121650000000002,180.000000000000000,0.000000000000000,125.000000000000000
20.328000,-2,-89.581999999999994,-18.375000000000000,-54.129980000000003,180.000000000000000,0.000000000000000,125.000000000000000
20.332000,-2,-89.581999999999994,-18.375000000000000,-54.138320000000000,180.000000000000000,0.000000000000000,125.000000000000000
20.336000,-2,-89.581999999999994,-18.375000000000000,-54.146650000000001,180.000000000000000,0.000000000000000,125.000000000000000
20.340000,-2,-89.581999999999994,-18.375000000000000,-54.154980000000002,180.000000000000000,0.000000000000000,125.000000000000000
20.344000,-2,-89.581999999999994,-18.375000000000000,-54.163319999999999,180.000000000000000,0.000000000000000,125.000000000000000
20.348000,-2,-89.581999999999994,-18.375000000000000,-54.171650000000000,180.000000000000000,0.000000000000000,125.000000000000000
20.352000,-2,-89.581999999999994,-18.375000000000000,-54.179980000000000,180.000000000000000,0.000000000000000,125.000000000000000
20.356000,-2,-89.581999999999994,-18.375000000000000,-54.188319999999997,180.000000000000000,0.000000000000000,125.000000000000000
20.360000,-2,-89.581999999999994,-18.375000000000000,-54.196649999999998,180.000000000000000,0.000000000000000,125.000000000000000
20.364000,-2,-89.581999999999994,-18.375000000000000,-54.204979999999999,180.000000000000000,0.000000000000000,125.000000000000000
20.368000,-2,-89.581999999999994,-18.375000000000000,-54.213320000000003,180.000000000000000,0.000000000000000,125.000000000000000
20.372000,-2,-89.581999999999994,-18.375000000000000,-54.221649999999997,180.000000000000000,0.000000000000000,125.000000000000000
20.376000,-2,-89.581999999999994,-18.375000000000000,-54.229979999999998,180.000000000000000,0.000000000000000,125.000000000000000
20.380000,-2,-89.581999999999994,-18.375000000000000,-54.238320000000002,180.000000000000000,0.000000000000000,125.000000000000000
20.384000,-2,-89.581999999999994,-18.375000000000000,-54.246650000000002,180.000000000000000,0.000000000000000,125.000000000000000
20.388000,-2,-89.581999999999994,-18.375000000000000,-54.254980000000003,180.000000000000000,0.000000000000000,125.000000000000000
20.392000,-2,-89.581999999999994,-18.375000000000000,-54.263320000000000,180.000000000000000,0.000000000000000,125.000000000000000
20.396000,-2,-89.581999999999994,-18.375000000000000,-54.271650000000001,180.000000000000000,0.000000000000000,125.000000000000000
20.400000,-2,-89.581999999999994,-18.375000000000000,-54.279980000000002,180.000000000000000,0.000000000000000,125.000000000000000
20.404000,-2,-89.581999999999994,-18.375000000000000,-54.288319999999999,180.000000000000000,0.000000000000000,125.000000000000000
20.408000,-2,-89.581999999999994,-18.375000000000000,-54.296650000000000,180.000000000000000,0.000000000000000,125.000000000000000
20.412000,-2,-89.581999999999994,-18.375000000000000,-54.304980000000000,180.000000000000000,0.000000000000000,125.000000000000000
20.416000,-2,-89.581999999999994,-18.375000000000000,-54.313319999999997,180.000000000000000,0.000000000000000,125.000000000000000
20.420000,-2,-89.581999999999994,-18.375000000000000,-54.321649999999998,180.000000000000000,0.000000000000000,125.000000000000000
20.424000,-2,-89.581999999999994,-18.375000000000000,-54.329979999999999,180.000000000000000,0.000000000000000,125.000000000000000
20.428000,-2,-89.581999999999994,-18.375000000000000,-54.338320000000003,180.000000000000000,0.000000000000000,125.000000000000000
20.432000,-2,-89.581999999999994,-18.375000000000000,-54.346649999999997,180.000000000000000,0.000000000000000,125.000000000000000
20.436000,-2,-89.581999999999994,-18.375000000000000,-54.354979999999998,180.000000000000000,0.000000000000000,125.000000000000000
20.440000,-2,-89.581999999999994,-18.375000000000000,-54.363320000000002,180.000000000000000,0.000000000000000,125.000000000000000
20.444000,-2,-89.581999999999994,-18.375000000000000,-54.371650000000002,180.000000000000000,0.000000000000000,125.000000000000000
20.448000,-2,-89.581999999999994,-18.375000000000000,-54.379980000000003,180.000000000000000,0.000000000000000,125.000000000000000
20.452000,-2,-89.581999999999994,-18.375000000000000,-54.388320000000000,180.000000000000000,0.000000000000000,125.000000000000000
20.456000,-2,-89.581999999999994,-18.375000000000000,-54.396650000000001,180.000000000000000,0.000000000000000,125.000000000000000
20.460000,-2,-89.581999999999994,-18.375000000000000,-54.404980000000002,180.000000000000000,0.000000000000000,125.000000000000000
20.464000,-2,-89.581999999999994,-18.375000000000000,-54.413319999999999,180.000000000000000,0.000000000000000,125.000000000000000
20.468000,-2,-89.581999999999994,-18.375000000000000,-54.421650000000000,180.000000000000000,0.000000000000000,125.000000000000000
20.472000,-2,-89.581999999999994,-18.375000000000000,-54.429980000000000,180.000000000000000,0.000000000000000,125.000000000000000
20.476000,-2,-89.581999999999994,-18.375000000000000,-54.438319999999997,180.000000000000000,0.000000000000000,125.000000000000000
20.480000,-2,-89.581999999999994,-18.375000000000000,-54.446649999999998,180.000000000000000,0.000000000000000,125.000000000000000
20.484000,-2,-89.581999999999994,-18.375000000000000,-54.454979999999999,180.000000000000000,0.000000000000000,125.000000000000000
20.488000,-2,-89.581999999999994,-18.375000000000000,-54.463320000000003,180.000000000000000,0.000000000000000,125.000000000000000
20.492000,-2,-89.581999999999994,-18.375000000000000,-54.471649999999997,180.000000000000000,0.000000000000000,125.000000000000000
20.496000,-2,-89.581999999999994,-18.375000000000000,-54.479979999999998,180.000000000000000,0.000000000000000,125.000000000000000
20.500000,-2,-89.581999999999994,-18.375000000000000,-54.488320000000002,180.000000000000000,0.000000000000000,125.000000000000000
20.504000,-2,-89.581999999999994,-18.375000000000000,-54.496650000000002,180.000000000000000,0.000000000000000,125.000000000000000
20.508000,-2,-89.581999999999994,-18.375000000000000,-54.504980000000003,180.000000000000000,0.000000000000000,125.000000000000000
20.512000,-2,-89.581999999999994,-18.375000000000000,-54.513320000000000,180.000000000000000,0.000000000000000,125.000000000000000
20.516000,-2,-89.581999999999994,-18.375000000000000,-54.521650000000001,180.000000000000000,0.000000000000000,125.000000000000000
20.520000,-2,-89.581999999999994,-18.375000000000000,-54.529980000000002,180.000000000000000,0.000000000000000,125.000000000000000
20.524000,-2,-89.581999999999994,-18.375000000000000,-54.538319999999999,180.000000000000000,0.000000000000000,125.000000000000000
20.528000,-2,-89.581999999999994,-18.375000000000000,-54.546650000000000,180.000000000000000,0.000000000000000,125.000000000000000
20.532000,-2,-89.581999999999994,-18.375000000000000,-54.554980000000000,180.000000000000000,0.000000000000000,125.000000000000000
20.536000,-2,-89.581999999999994,-18.375000000000000,-54.563319999999997,180.000000000000000,0.000000000000000,125.000000000000000
20.540000,-2,-89.581999999999994,-18.375000000000000,-54.571649999999998,180.000000000000000,0.000000000000000,125.000000000000000
20.544000,-2,-89.581999999999994,-18.375000000000000,-54.579979999999999,180.000000000000000,0.000000000000000,125.000000000000000
20.548000,-2,-89.581999999999994,-18.375000000000000,-54.588320000000003,180.000000000000000,0.000000000000000,125.000000000000000
20.552000,-2,-89.581999999999994,-18.375000000000000,-54.596649999999997,180.000000000000000,0.000000000000000,125.000000000000000
20.556000,-2,-89.581999999999994,-18.375000000000000,-54.604979999999998,180.000000000000000,0.000000000000000,125.000000000000000
20.560000,-2,-89.581999999999994,-18.375000000000000,-54.613320000000002,180.000000000000000,0.000000000000000,125.000000000000000
20.564000,-2,-89.581999999999994,-18.375000000000000,-54.621650000000002,180.000000000000000,0.000000000000000,125.000000000000000
20.568000,-2,-89.581999999999994,-18.375000000000000,-54.629980000000003,180.000000000000000,0.000000000000000,125.000000000000000
20.572000,-2,-89.581999999999994,-18.375000000000000,-54.638320000000000,180.000000000000000,0.000000000000000,125.000000000000000
20.576000,-2,-89.581999999999994,-18.375000000000000,-54.646650000000001,180.000000000000000,0.000000000000000,125.000000000000000
20.580000,-2,-89.581999999999994,-18.375000000000000,-54.654980000000002,180.000000000000000,0.000000000000000,125.000000000000000
20.584000,-2,-89.581999999999994,-18.375000000000000,-54.663319999999999,180.000000000000000,0.000000000000000,125.000000000000000
20.588000,-2,-89.581999999999994,-18.375000000000000,-54.671650000000000,180.000000000000000,0.000000000000000,125.000000000000000
20.592000,-2,-89.581999999999994,-18.375000000000000,-54.679980000000000,180.000000000000000,0.000000000000000,125.000000000000000
20.596000,-2,-89.581999999999994,-18.375000000000000,-54.688319999999997,180.000000000000000,0.000000000000000,125.000000000000000
20.600000,-2,-89.581999999999994,-18.375000000000000,-54.696649999999998,180.000000000000000,0.000000000000000,125.000000000000000
20.604000,-2,-89.581999999999994,-18.375000000000000,-54.704979999999999,180.000000000000000,0.000000000000000,125.000000000000000
20.608000,-2,-89.581999999999994,-18.375000000000000,-54.713320000000003,180.000000000000000,0.000000000000000,125.000000000000000
20.612000,-2,-89.581999999999994,-18.375000000000000,-54.721649999999997,180.000000000000000,0.000000000000000,125.000000000000000
20.616000,-2,-89.581999999999994,-18.375000000000000,-54.729979999999998,180.000000000000000,0.000000000000000,125.000000000000000
20.620000,-2,-89.581999999999994,-18.375000000000000,-54.738320000000002,180.000000000000000,0.000000000000000,125.000000000000000
20.624000,-2,-89.581999999999994,-18.375000000000000,-54.746650000000002,180.000000000000000,0.000000000000000,125.000000000000000
20.628000,-2,-89.581999999999994,-18.375000000000000,-54.754980000000003,180.000000000000000,0.000000000000000,125.000000000000000
20.632000,-2,-89.581999999999994,-18.375000000000000,-54.763320000000000,180.000000000000000,0.000000000000000,125.000000000000000
20.636000,-2,-89.581999999999994,-18.375000000000000,-54.771650000000001,180.000000000000000,0.000000000000000,125.000000000000000
20.640000,-2,-89.581999999999994,-18.375000000000000,-54.779980000000002,180.000000000000000,0.000000000000000,125.000000000000000
20.644000,-2,-89.581999999999994,-18.375000000000000,-54.788319999999999,180.000000000000000,0.000000000000000,125.000000000000000
20.648000,-2,-89.581999999999994,-18.375000000000000,-54.796650000000000,180.000000000000000,0.000000000000000,125.000000000000000
20.652000,-2,-89.581999999999994,-18.375000000000000,-54.804980000000000,180.000000000000000,0.000000000000000,125.000000000000000
20.656000,-2,-89.581999999999994,-18.375000000000000,-54.813319999999997,180.000000000000000,0.000000000000000,125.000000000000000
20.660000,-2,-89.581999999999994,-18.375000000000000,-54.821649999999998,180.000000000000000,0.000000000000000,125.000000000000000
20.664000,-2,-89.581999999999994,-18.375000000000000,-54.829979999999999,180.000000000000000,0.000000000000000,125.000000000000000
20.668000,-2,-89.581999999999994,-18.375000000000000,-54.838320000000003,180.000000000000000,0.000000000000000,125.000000000000000
20.672000,-2,-89.581999999999994,-18.375000000000000,-54.846649999999997,180.000000000000000,0.000000000000000,125.000000000000000
20.676000,-2,-89.581999999999994,-18.375000000000000,-54.854979999999998,180.000000000000000,0.000000000000000,125.000000000000000
20.680000,-2,-89.581999999999994,-18.375000000000000,-54.863320000000002,180.000000000000000,0.000000000000000,125.000000000000000
20.684000,-2,-89.581999999999994,-18.375000000000000,-54.871650000000002,180.000000000000000,0.000000000000000,125.000000000000000
20.688000,-2,-89.581999999999994,-18.375000000000000,-54.879980000000003,180.000000000000000,0.000000000000000,125.000000000000000
20.692000,-2,-89.581999999999994,-18.375000000000000,-54.888320000000000,180.000000000000000,0.000000000000000,125.000000000000000
20.696000,-2,-89.581999999999994,-18.375000000000000,-54.896650000000001,180.000000000000000,0.000000000000000,125.000000000000000
20.700000,-2,-89.581999999999994,-18.375000000000000,-54.904980000000002,180.000000000000000,0.000000000000000,125.000000000000000
20.704000,-2,-89.581999999999994,-18.375000000000000,-54.913319999999999,180.000000000000000,0.000000000000000,125.000000000000000
20.708000,-2,-89.581999999999994,-18.375000000000000,-54.921650000000000,180.000000000000000,0.000000000000000,125.000000000000000
20.712000,-2,-89.581999999999994,-18.375000000000000,-54.929980000000000,180.000000000000000,0.000000000000000,125.000000000000000
20.716000,-2,-89.581999999999994,-18.375000000000000,-54.938319999999997,180.000000000000000,0.000000000000000,125.000000000000000
20.720000,-2,-89.581999999999994,-18.375000000000000,-54.946649999999998,180.000000000000000,0.000000000000000,125.000000000000000
20.724000,-2,-89.581999999999994,-18.375000000000000,-54.954979999999999,180.000000000000000,0.000000000000000,125.000000000000000
20.728000,-2,-89.581999999999994,-18.375000000000000,-54.963320000000003,180.000000000000000,0.000000000000000,125.000000000000000
20.732000,-2,-89.581999999999994,-18.375000000000000,-54.971649999999997,180.000000000000000,0.000000000000000,125.000000000000000
20.736000,-2,-89.581999999999994,-18.375000000000000,-54.979979999999998,180.000000000000000,0.000000000000000,125.000000000000000
20.740000,-2,-89.581999999999994,-18.375000000000000,-54.988320000000002,180.000000000000000,0.000000000000000,125.000000000000000
20.744000,-2,-89.581999999999994,-18.375000000000000,-54.996650000000002,180.000000000000000,0.000000000000000,125.000000000000000
20.748000,-2,-89.581999999999994,-18.375000000000000,-55.004980000000003,180.000000000000000,0.000000000000000,125.000000000000000
20.752000,-2,-89.581999999999994,-18.375000000000000,-55.013320000000000,180.000000000000000,0.000000000000000,125.000000000000000
20.756000,-2,-89.581999999999994,-18.375000000000000,-55.021650000000001,180.000000000000000,0.000000000000000,125.000000000000000
20.760000,-2,-89.581999999999994,-18.375000000000000,-55.029980000000002,180.000000000000000,0.000000000000000,125.000000000000000
20.764000,-2,-89.581999999999994,-18.375000000000000,-55.038319999999999,180.000000000000000,0.000000000000000,125.000000000000000
20.768000,-2,-89.581999999999994,-18.375000000000000,-55.046650000000000,180.000000000000000,0.000000000000000,125.000000000000000
20.772000,-2,-89.581999999999994,-18.375000000000000,-55.054980000000000,180.000000000000000,0.000000000000000,125.000000000000000
20.776000,-2,-89.581999999999994,-18.375000000000000,-55.063319999999997,180.000000000000000,0.000000000000000,125.000000000000000
20.780000,-2,-89.581999999999994,-18.375000000000000,-55.071649999999998,180.000000000000000,0.000000000000000,125.000000000000000
20.784000,-2,-89.581999999999994,-18.375000000000000,-55.079979999999999,180.000000000000000,0.000000000000000,125.000000000000000
20.788000,-2,-89.581999999999994,-18.375000000000000,-55.088320000000003,180.000000000000000,0.000000000000000,125.000000000000000
20.792000,-2,-89.581999999999994,-18.375000000000000,-55.096649999999997,180.000000000000000,0.000000000000000,125.000000000000000
20.796000,-2,-89.581999999999994,-18.375000000000000,-55.104979999999998,180.000000000000000,0.000000000000000,125.000000000000000
20.800000,-2,-89.581999999999994,-18.375000000000000,-55.113320000000002,180.000000000000000,0.000000000000000,125.000000000000000
20.804000,-2,-89.581999999999994,-18.375000000000000,-55.121650000000002,180.000000000000000,0.000000000000000,125.000000000000000
20.808000,-2,-89.581999999999994,-18.375000000000000,-55.129980000000003,180.000000000000000,0.000000000000000,125.000000000000000
20.812000,-2,-89.581999999999994,-18.375000000000000,-55.138320000000000,180.000000000000000,0.000000000000000,125.000000000000000
20.816000,-2,-89.581999999999994,-18.375000000000000,-55.146650000000001,180.000000000000000,0.000000000000000,125.000000000000000
20.820000,-2,-89.581999999999994,-18.375000000000000,-55.154980000000002,180.000000000000000,0.000000000000000,125.000000000000000
20.824000,-2,-89.581999999999994,-18.375000000000000,-55.163319999999999,180.000000000000000,0.000000000000000,125.000000000000000
20.828000,-2,-89.581999999999994,-18.375000000000000,-55.171650000000000,180.000000000000000,0.000000000000000,125.000000000000000
20.832000,-2,-89.581999999999994,-18.375000000000000,-55.179980000000000,180.000000000000000,0.000000000000000,125.000000000000000
20.836000,-2,-89.581999999999994,-18.375000000000000,-55.188319999999997,180.000000000000000,0.000000000000000,125.000000000000000
20.840000,-2,-89.581999999999994,-18.375000000000000,-55.196649999999998,180.000000000000000,0.000000000000000,125.000000000000000
20.844000,-2,-89.581999999999994,-18.375000000000000,-55.204979999999999,180.000000000000000,0.000000000000000,125.000000000000000
20.848000,-2,-89.581999999999994,-18.375000000000000,-55.213320000000003,180.000000000000000,0.000000000000000,125.000000000000000
20.852000,-2,-89.581999999999994,-18.375000000000000,-55.221370000000000,180.000000000000000,0.000000000000000,111.693800274543918
20.856000,-2,-89.581999999999994,-18.375000000000000,-55.227570000000000,180.000000000000000,0.000000000000000,69.609199786433734
20.860000,-2,-89.581999999999994,-18.375000000000000,-55.230440000000002,180.000000000000000,0.000000000000000,20.922898667884031
20.864000,-2,-89.581999999999994,-18.375000000000000,-55.231000000000002,180.000000000000000,0.000000000000000,0.607499155994211
20.868000,-2,-89.581999999999994,-18.375000000000000,-55.231000000000002,180.000000000000000,0.000000000000000,0.000000000000000
20.872000,-2,-89.581999999999994,-18.375000000000000,-55.231000000000002,180.000000000000000,0.000000000000000,0.000000000000000
20.876000,-2,-89.581999999999994,-18.375000000000000,-55.231000000000002,180.000000000000000,0.000000000000000,0.000000000000000
20.880000,-2,-89.581999999999994,-18.375000000000000,-55.231000000000002,180.000000000000000,0.000000000000000,0.000000000000000
20.884000,-2,-89.581999999999994,-18.375000000000000,-55.231000000000002,180.000000000000000,0.000000000000000,0.000000000000000
20.888000,-2,-89.581999999999994,-18.375000000000000,-55.231000000000002,180.000000000000000,0.000000000000000,0.000000000000000
20.892000,-2,-89.581999999999994,-18.375000000000000,-55.231000000000002,180.000000000000000,0.000000000000000,0.000000000000000
20.896000,-2,-89.581999999999994,-18.375000000000000,-55.230040000000002,180.000000000000000,0.000000000000000,43.199999999999996
20.900000,-2,-89.581999999999994,-18.375000000000000,-55.223320000000001,180.000000000000000,0.000000000000000,172.799999999999983
20.904000,-2,-89.581999999999994,-18.375000000000000,-55.205080000000002,180.000000000000000,0.000000000000000,388.799999999999955
20.908000,-2,-89.581999999999994,-18.375000000000000,-55.169559999999997,180.000000000000000,0.000000000000000,691.199999999999932
20.912000,-2,-89.581999999999994,-18.375000000000000,-55.110999999999997,180.000000000000000,0.000000000000000,1080.000000000000000
20.916000,-2,-89.581999999999994,-18.375000000000000,-55.023640000000000,180.000000000000000,0.000000000000000,1555.199999999999818
20.920000,-2,-89.581999999999994,-18.375000000000000,-54.901719999999997,180.000000000000000,0.000000000000000,2116.799999999999727
20.924000,-2,-89.581999999999994,-18.375000000000000,-54.739480000000000,180.000000000000000,0.000000000000000,2764.799999999999727
20.928000,-2,-89.581999999999994,-18.375000000000000,-54.531160000000000,180.000000000000000,0.000000000000000,3499.199999999999818
20.932000,-2,-89.581999999999994,-18.375000000000000,-54.271000000000001,180.000000000000000,0.000000000000000,4320.000000000000000
20.936000,-2,-89.581999999999994,-18.375000000000000,-53.953240000000001,180.000000000000000,0.000000000000000,5227.199999999999818
20.940000,-2,-89.581999999999994,-18.375000000000000,-53.572119999999998,180.000000000000000,0.000000000000000,6220.799999999999272
20.944000,-2,-89.581999999999994,-18.375000000000000,-53.121879999999997,180.000000000000000,0.000000000000000,7300.799999999999272
20.948000,-2,-89.581999999999994,-18.375000000000000,-52.596760000000003,180.000000000000000,0.000000000000000,8467.199999999998909
20.952000,-2,-89.581999999999994,-18.375000000000000,-51.991000000000000,180.000000000000000,0.000000000000000,9720.000000000000000
20.956000,-2,-89.581999999999994,-18.375000000000000,-51.298839999999998,180.000000000000000,0.000000000000000,11059.199999999998909
20.960000,-2,-89.581999999999994,-18.375000000000000,-50.514800000000001,180.000000000000000,0.000000000000000,12472.253243574050430
20.964000,-2,-89.581999999999994,-18.375000000000000,-49.636150000000001,180.000000000000000,0.000000000000000,13872.759730722153108
20.968000,-2,-89.581999999999994,-18.375000000000000,-48.667020000000001,180.000000000000000,0.000000000000000,15186.866217870256150
20.972000,-2,-89.581999999999994,-18.375000000000000,-47.613160000000001,180.000000000000000,0.000000000000000,16414.572705018359557
20.976000,-2,-89.581999999999994,-18.375000000000000,-46.480330000000002,180.000000000000000,0.000000000000000,17555.879192166463326
20.980000,-2,-89.581999999999994,-18.375000000000000,-45.274290000000001,180.000000000000000,0.000000000000000,18610.785679314565641
20.984000,-2,-89.581999999999994,-18.375000000000000,-44.000810000000001,180.000000000000000,0.000000000000000,19579.292166462666501
20.988000,-2,-89.581999999999994,-18.375000000000000,-42.665640000000003,180.000000000000000,0.000000000000000,20461.398653610769543
20.992000,-2,-89.581999999999994,-18.375000000000000,-41.274540000000002,180.000000000000000,0.000000000000000,21257.105140758871130
20.996000,-2,-89.581999999999994,-18.375000000000000,-39.833280000000002,180.000000000000000,0.000000000000000,21966.411627906971262
21.000000,-2,-89.581999999999994,-18.375000000000000,-38.347610000000003,180.000000000000000,0.000000000000000,22589.318115055069939
21.004000,-2,-89.581999999999994,-18.375000000000000,-36.823290000000000,180.000000000000000,0.000000000000000,23125.824602203170798
21.008000,-2,-89.581999999999994,-18.375000000000000,-35.266089999999998,180.000000000000000,0.000000000000000,23575.931089351273840
21.012000,-2,-89.581999999999994,-18.375000000000000,-33.681750000000001,180.000000000000000,0.000000000000000,23939.637576499375427
21.016000,-2,-89.581999999999994,-18.375000000000000,-32.076050000000002,180.000000000000000,0.000000000000000,24216.944063647475559
21.020000,-2,-89.581999999999994,-18.375000000000000,-30.454750000000001,180.000000000000000,0.000000000000000,24407.850550795574236
21.024000,-2,-89.581999999999994,-18.375000000000000,-28.823589999999999,180.000000000000000,0.000000000000000,24512.357037943675095
21.028000,-2,-89.581999999999994,-18.375000000000000,-27.188340000000000,180.000000000000000,0.000000000000000,24531.855402469453111
21.032000,-2,-89.581999999999994,-18.375000000000000,-25.554500000000001,180.000000000000000,0.000000000000000,24468.928061635331687
21.036000,-2,-89.581999999999994,-18.375000000000000,-23.927740000000000,180.000000000000000,0.000000000000000,24319.600720801205171
21.040000,-2,-89.581999999999994,-18.375000000000000,-22.313810000000000,180.000000000000000,0.000000000000000,24083.873379967084475
21.044000,-2,-89.581999999999994,-18.375000000000000,-20.718470000000000,180.000000000000000,0.000000000000000,23761.746039132958686
21.048000,-2,-89.581999999999994,-18.375000000000000,-19.147490000000001,180.000000000000000,0.000000000000000,23353.218698298835079
21.052000,-2,-89.581999999999994,-18.375000000000000,-17.606629999999999,180.000000000000000,0.000000000000000,22858.291357464713656
21.056000,-2,-89.581999999999994,-18.375000000000000,-16.101640000000000,180.000000000000000,0.000000000000000,22276.964016630587139
21.060000,-2,-89.581999999999994,-18.375000000000000,-14.638290000000000,180.000000000000000,0.000000000000000,21609.236675796466443
21.064000,-2,-89.581999999999994,-18.375000000000000,-13.222329999999999,180.000000000000000,0.000000000000000,20855.109334962340654
21.068000,-2,-89.581999999999994,-18.375000000000000,-11.859529999999999,180.000000000000000,0.000000000000000,20014.581994128217048
21.072000,-2,-89.581999999999994,-18.375000000000000,-10.555640000000000,180.000000000000000,0.000000000000000,19087.654653294095624
21.076000,-2,-89.581999999999994,-18.375000000000000,-9.316430000000000,180.000000000000000,0.000000000000000,18074.327312459969107
21.080000,-2,-89.581999999999994,-18.375000000000000,-8.147650000000001,180.000000000000000,0.000000000000000,16974.599971625848411
21.084000,-2,-89.581999999999994,-18.375000000000000,-7.055070000000000,180.000000000000000,0.000000000000000,15788.472630791722622
21.088000,-2,-89.581999999999994,-18.375000000000000,-6.044440000000000,180.000000000000000,0.000000000000000,14515.945289957599016
21.092000,-2,-89.581999999999994,-18.375000000000000,-5.121530000000000,180.000000000000000,0.000000000000000,13157.017949123475773
21.096000,-2,-89.581999999999994,-18.375000000000000,-4.291990000000000,180.000000000000000,0.000000000000000,11723.985248948947628
21.100000,-2,-89.581999999999994,-18.375000000000000,-3.556870000000000,180.000000000000000,0.000000000000000,10343.842475398467286
21.104000,-2,-89.581999999999994,-18.375000000000000,-2.910890000000000,180.000000000000000,0.000000000000000,9050.099701847986580
21.108000,-2,-89.581999999999994,-18.375000000000000,-2.348270000000000,180.000000000000000,0.000000000000000,7842.756928297505510
21.112000,-2,-89.581999999999994,-18.375000000000000,-1.863270000000000,180.000000000000000,0.000000000000000,6721.814154747024986
21.116000,-2,-89.581999999999994,-18.375000000000000,-1.450110000000000,180.000000000000000,0.000000000000000,5687.271381196545008
21.120000,-2,-89.581999999999994,-18.375000000000000,-1.103050000000000,180.000000000000000,0.000000000000000,4739.128607646063756
21.124000,-2,-89.581999999999994,-18.375000000000000,-0.816310000000000,180.000000000000000,0.000000000000000,3877.385834095583050
21.128000,-2,-89.581999999999994,-18.375000000000000,-0.584140000000000,180.000000000000000,0.000000000000000,3102.043060545102435
21.132000,-2,-89.581999999999994,-18.375000000000000,-0.400780000000000,180.000000000000000,0.000000000000000,2413.100286994622365
21.136000,-2,-89.581999999999994,-18.375000000000000,-0.260470000000000,180.000000000000000,0.000000000000000,1810.557513444141705
21.140000,-2,-89.581999999999994,-18.375000000000000,-0.157450000000000,180.000000000000000,0.000000000000000,1294.414739893661363
21.144000,-2,-89.581999999999994,-18.375000000000000,-0.085970000000000,180.000000000000000,0.000000000000000,864.671966343180884
21.148000,-2,-89.581999999999994,-18.375000000000000,-0.040250000000000,180.000000000000000,0.000000000000000,521.329192792700496
21.152000,-2,-89.581999999999994,-18.375000000000000,-0.014530000000000,180.000000000000000,0.000000000000000,264.386419242220086
21.156000,-2,-89.581999999999994,-18.375000000000000,-0.003070000000000,180.000000000000000,0.000000000000000,93.843645691739667
21.160000,-2,-89.581999999999994,-18.375000000000000,-0.000100000000000,180.000000000000000,0.000000000000000,9.700872141259241
21.164000,-2,-89.581999999999994,-18.375000000000000,0.000000000000000,180.000000000000000,0.000000000000000,0.000000000000000
21.168000,-2,-89.581999999999994,-18.375000000000000,0.000000000000000,180.000000000000000,0.000000000000000,0.000000000000000
21.172000,-2,-89.581999999999994,-18.375000000000000,0.000000000000000,180.000000000000000,0.000000000000000,0.000000000000000
21.176000,-2,-89.581999999999994,-18.375000000000000,0.000000000000000,180.000000000000000,0.000000000000000,0.000000000000000
21.180000,-2,-89.581999999999994,-18.375000000000000,0.000000000000000,180.000000000000000,0.000000000000000,0.000000000000000
21.184000,-2,-89.581999999999994,-18.375000000000000,0.000000000000000,180.000000000000000,0.000000000000000,0.000000000000000
21.188000,-2,-89.581999999999994,-18.375000000000000,0.000000000000000,180.000000000000000,0.000000000000000,0.000000000000000
21.192000,-2,-89.581999999999994,-18.375000000000000,0.000000000000000,180.000000000000000,0.000000000000000,0.000000000000000
21.196000,-2,-89.581999999999994,-18.375000000000000,0.000000000000000,180.000000000000000,0.000000000000000,0.000000000000000
21.200000,57,-89.581999999999994,-18.375000000000000,0.000000000000000,180.000000000000000,0.000000000000000,0.000000000000000
21.204000,57,-89.581999999999994,-18.375000000000000,0.000000000000000,180.000000000000000,0.000000000000000,0.000000000000000
21.208000,57,-89.581999999999994,-18.375000000000000,0.000000000000000,180.000000000000000,0.000000000000000,0.000000000000000
21.212000,57,-89.581999999999994,-18.375000000000000,0.000000000000000,180.000000000000000,0.000000000000000,0.000000000000000
21.216000,57,-89.581999999999994,-18.375000000000000,0.000000000000000,180.000000000000000,0.000000000000000,0.000000000000000
21.220000,57,-89.581999999999994,-18.375000000000000,0.000000000000000,180.000000000000000,0.000000000000000,0.000000000000000
21.224000,-2,-89.581999999999994,-18.375000000000000,0.000000000000000,180.000000000000000,0.000000000000000,0.000000000000000
21.228000,-2,-89.581999999999994,-18.375000000000000,0.000000000000000,180.000000000000000,0.000000000000000,0.000000000000000
21.232000,-2,-89.581999999999994,-18.375000000000000,0.000000000000000,180.000000000000000,0.000000000000000,0.000000000000000
21.236000,-2,-89.581999999999994,-18.375000000000000,0.000000000000000,180.000000000000000,0.000000000000000,0.000000000000000
21.240000,-2,-830.653000000000020,-545.351999999999975,270.000000000000000,180.000000000000000,0.000000000000000,0.000000000000000
21.244000,-2,-830.653000000000020,-545.351999999999975,270.000000000000000,180.000000000000000,0.000000000000000,0.000000000000000
21.248000,-2,-830.653000000000020,-545.351999999999975,270.000000000000000,180.000000000000000,0.000000000000000,0.000000000000000
21.252000,-2,-830.653000000000020,-545.351999999999975,270.000000000000000,180.000000000000000,0.000000000000000,0.000000000000000
21.256000,-2,-830.653000000000020,-545.351999999999975,270.000000000000000,180.000000000000000,0.000000000000000,0.000000000000000
21.260000,-2,-830.653000000000020,-545.351999999999975,270.000000000000000,180.000000000000000,0.000000000000000,0.000000000000000
21.264000,-2,-830.653000000000020,-545.351999999999975,270.000000000000000,180.000000000000000,0.000000000000000,0.000000000000000
21.268000,-2,-830.653000000000020,-545.351999999999975,270.000000000000000,180.000000000000000,0.000000000000000,0.000000000000000
21.272000,-2,-830.653000000000020,-545.351999999999975,270.000000000000000,180.000000000000000,0.000000000000000,0.000000000000000
21.276000,-2,-830.653000000000020,-545.351999999999975,270.000000000000000,180.000000000000000,0.000000000000000,0.000000000000000
21.280000,-2,-830.653000000000020,-545.351999999999975,270.000000000000000,180.000000000000000,0.000000000000000,0.000000000000000
21.284000,-2,-830.653000000000020,-545.351999999999975,270.000000000000000,180.000000000000000,0.000000000000000,0.000000000000000
21.288000,-2,-830.653000000000020,-545.351999999999975,270.000000000000000,180.000000000000000,0.000000000000000,0.000000000000000
21.292000,-2,-830.653000000000020,-545.351999999999975,270.000000000000000,180.000000000000000,0.000000000000000,0.000000000000000
21.296000,-2,-830.653000000000020,-545.351999999999975,270.000000000000000,180.000000000000000,0.000000000000000,0.000000000000000
21.300000,59,-830.653000000000020,-545.351999999999975,469.999039999999979,180.000000000000000,0.000000000000000,43.199999999999996
21.304000,59,-830.653000000000020,-545.351999999999975,469.992320000000007,180.000000000000000,0.000000000000000,172.799999999999983
21.308000,59,-830.653000000000020,-545.351999999999975,469.974080000000015,180.000000000000000,0.000000000000000,388.799999999999955
21.312000,59,-830.653000000000020,-545.351999999999975,469.938559999999995,180.000000000000000,0.000000000000000,691.199999999999932
21.316000,59,-830.653000000000020,-545.351999999999975,469.879999999999995,180.000000000000000,0.000000000000000,1080.000000000000000
21.320000,59,-830.653000000000020,-545.351999999999975,469.792640000000006,180.000000000000000,0.000000000000000,1555.199999999999818
21.324000,59,-830.653000000000020,-545.351999999999975,469.670720000000017,180.000000000000000,0.000000000000000,2116.799999999999727
21.328000,59,-830.653000000000020,-545.351999999999975,469.508480000000020,180.000000000000000,0.000000000000000,2764.799999999999727
21.332000,59,-830.653000000000020,-545.351999999999975,469.300160000000005,180.000000000000000,0.000000000000000,3499.199999999999818
21.336000,59,-830.653000000000020,-545.351999999999975,469.040000000000020,180.000000000000000,0.000000000000000,4320.000000000000000
21.340000,59,-830.653000000000020,-545.351999999999975,468.722239999999999,180.000000000000000,0.000000000000000,5227.199999999999818
21.344000,59,-830.653000000000020,-545.351999999999975,468.341119999999989,180.000000000000000,0.000000000000000,6220.799999999999272
21.348000,59,-830.653000000000020,-545.351999999999975,467.890879999999981,180.000000000000000,0.000000000000000,7300.799999999999272
21.352000,59,-830.653000000000020,-545.351999999999975,467.365760000000023,180.000000000000000,0.000000000000000,8467.199999999998909
21.356000,59,-830.653000000000020,-545.351999999999975,466.759999999999991,180.000000000000000,0.000000000000000,9720.000000000000000
21.360000,59,-830.653000000000020,-545.351999999999975,466.067839999999990,180.000000000000000,0.000000000000000,11059.199999999998909
21.364000,59,-830.653000000000020,-545.351999999999975,465.283520000000010,180.000000000000000,0.000000000000000,12484.799999999999272
21.368000,59,-830.653000000000020,-545.351999999999975,464.401279999999986,180.000000000000000,0.000000000000000,13996.799999999999272
21.372000,59,-830.653000000000020,-545.351999999999975,463.415360000000021,180.000000000000000,0.000000000000000,15595.199999999998909
21.376000,59,-830.653000000000020,-545.351999999999975,462.319999999999993,180.000000000000000,0.000000000000000,17280.000000000000000
21.380000,59,-830.653000000000020,-545.351999999999975,461.109440000000006,180.000000000000000,0.000000000000000,19051.200000000000728
21.384000,59,-830.653000000000020,-545.351999999999975,459.777919999999995,180.000000000000000,0.000000000000000,20908.799999999999272
21.388000,59,-830.653000000000020,-545.351999999999975,458.319680000000005,180.000000000000000,0.000000000000000,22852.799999999999272
21.392000,59,-830.653000000000020,-545.351999999999975,456.728959999999972,180.000000000000000,0.000000000000000,24883.199999999997090
21.396000,59,-830.653000000000020,-545.351999999999975,455.000000000000000,180.000000000000000,0.000000000000000,27000.000000000000000
21.400000,59,-830.653000000000020,-545.351999999999975,453.127040000000022,180.000000000000000,0.000000000000000,29203.199999999997090
21.404000,59,-830.653000000000020,-545.351999999999975,451.104319999999973,180.000000000000000,0.000000000000000,31492.799999999999272
21.408000,59,-830.653000000000020,-545.351999999999975,448.926289999999995,180.000000000000000,0.000000000000000,33859.199999999997090
21.412000,59,-830.653000000000020,-545.351999999999975,446.589009999999973,180.000000000000000,0.000000000000000,36259.199999999997090
21.416000,59,-830.653000000000020,-545.351999999999975,444.091729999999984,180.000000000000000,0.000000000000000,38659.199999999997090
21.420000,59,-830.653000000000020,-545.351999999999975,441.434450000000027,180.000000000000000,0.000000000000000,41059.199999999997090
21.424000,59,-830.653000000000020,-545.351999999999975,438.617169999999987,180.000000000000000,0.000000000000000,43459.199999999997090
21.428000,59,-830.653000000000020,-545.351999999999975,435.639889999999980,180.000000000000000,0.000000000000000,45859.199999999997090
21.432000,59,-830.653000000000020,-545.351999999999975,432.503249999999980,180.000000000000000,0.000000000000000,48230.709014298357943
21.436000,59,-830.653000000000020,-545.351999999999975,429.210730000000012,180.000000000000000,0.000000000000000,50530.527042895068007
21.440000,59,-830.653000000000020,-545.351999999999975,425.767760000000010,180.000000000000000,0.000000000000000,52743.945071491776616
21.444000,59,-830.653000000000020,-545.351999999999975,422.180119999999988,180.000000000000000,0.000000000000000,54870.963100088491046
21.448000,59,-830.653000000000020,-545.351999999999975,418.453550000000007,180.000000000000000,0.000000000000000,56911.581128685204021
21.452000,59,-830.653000000000020,-545.351999999999975,414.593830000000025,180.000000000000000,0.000000000000000,58865.799157281915541
21.456000,59,-830.653000000000020,-545.351999999999975,410.606699999999989,180.000000000000000,0.000000000000000,60733.617185878632881
21.460000,59,-830.653000000000020,-545.351999999999975,406.497929999999997,180.000000000000000,0.000000000000000,62515.035214475341490
21.464000,59,-830.653000000000020,-545.351999999999975,402.273280000000000,180.000000000000000,0.000000000000000,64210.053243072055920
21.468000,59,-830.653000000000020,-545.351999999999975,397.938510000000008,180.000000000000000,0.000000000000000,65818.671271668776171
21.472000,59,-830.653000000000020,-545.351999999999975,393.499379999999974,180.000000000000000,0.000000000000000,67340.889300265480415
21.476000,59,-830.653000000000020,-545.351999999999975,388.961650000000020,180.000000000000000,0.000000000000000,68776.707328862190479
21.480000,59,-830.653000000000020,-545.351999999999975,384.331070000000011,180.000000000000000,0.000000000000000,70126.125357458906365
21.484000,59,-830.653000000000020,-545.351999999999975,379.613420000000019,180.000000000000000,0.000000000000000,71389.143386055628071
21.488000,59,-830.653000000000020,-545.351999999999975,374.814439999999991,180.000000000000000,0.000000000000000,72565.761414652341045
21.492000,59,-830.653000000000020,-545.351999999999975,369.939900000000023,180.000000000000000,0.000000000000000,73655.979443249045289
21.496000,59,-830.653000000000020,-545.351999999999975,364.995560000000012,180.000000000000000,0.000000000000000,74659.797471845755354
21.500000,59,-830.653000000000020,-545.351999999999975,359.987180000000023,180.000000000000000,0.000000000000000,75577.215500442471239
21.504000,59,-830.653000000000020,-545.351999999999975,354.920520000000010,180.000000000000000,0.000000000000000,76408.233529039192945
21.508000,59,-830.653000000000020,-545.351999999999975,349.801339999999982,180.000000000000000,0.000000000000000,77152.851557635905920
21.512000,59,-830.653000000000020,-545.351999999999975,344.635389999999973,180.000000000000000,0.000000000000000,77811.069586232610163
21.516000,59,-830.653000000000020,-545.351999999999975,339.428449999999998,180.000000000000000,0.000000000000000,78382.887614829320228
21.520000,59,-830.653000000000020,-545.351999999999975,334.186260000000004,180.000000000000000,0.000000000000000,78868.305643426050665
21.524000,59,-830.653000000000020,-545.351999999999975,328.914589999999976,180.000000000000000,0.000000000000000,79267.323672022757819
21.528000,59,-830.653000000000020,-545.351999999999975,323.619210000000010,180.000000000000000,0.000000000000000,79579.941700619470794
21.532000,59,-830.653000000000020,-545.351999999999975,318.305859999999996,180.000000000000000,0.000000000000000,79806.159729216189589
21.536000,59,-830.653000000000020,-545.351999999999975,312.980300000000000,180.000000000000000,0.000000000000000,79945.977757812899654
21.540000,59,-830.653000000000020,-545.351999999999975,307.648309999999981,180.000000000000000,0.000000000000000,79999.395786409615539
21.544000,59,-830.653000000000020,-545.351999999999975,302.314979999999991,180.000000000000000,0.000000000000000,79999.999999999985448
21.548000,59,-830.653000000000020,-545.351999999999975,296.981650000000002,180.000000000000000,0.000000000000000,79999.999999999985448
21.552000,59,-830.653000000000020,-545.351999999999975,291.648309999999981,180.000000000000000,0.000000000000000,79999.999999999985448
21.556000,59,-830.653000000000020,-545.351999999999975,286.314979999999991,180.000000000000000,0.000000000000000,79999.999999999985448
21.560000,59,-830.653000000000020,-545.351999999999975,280.981650000000002,180.000000000000000,0.000000000000000,79999.999999999985448
21.564000,59,-830.653000000000020,-545.351999999999975,275.648309999999981,180.000000000000000,0.000000000000000,79999.999999999985448
21.568000,59,-830.653000000000020,-545.351999999999975,270.314979999999991,180.000000000000000,0.000000000000000,79999.999999999985448
21.572000,59,-830.653000000000020,-545.351999999999975,264.981650000000002,180.000000000000000,0.000000000000000,79999.999999999985448
21.576000,59,-830.653000000000020,-545.351999999999975,259.648309999999981,180.000000000000000,0.000000000000000,79999.999999999985448
21.580000,59,-830.653000000000020,-545.351999999999975,254.314979999999991,180.000000000000000,0.000000000000000,79999.999999999985448
21.584000,59,-830.653000000000020,-545.351999999999975,248.981650000000002,180.000000000000000,0.000000000000000,79999.999999999985448
21.588000,59,-830.653000000000020,-545.351999999999975,243.648310000000009,180.000000000000000,0.000000000000000,79999.999999999985448
21.592000,59,-830.653000000000020,-545.351999999999975,238.314979999999991,180.000000000000000,0.000000000000000,79999.999999999985448
21.596000,59,-830.653000000000020,-545.351999999999975,232.981650000000002,180.000000000000000,0.000000000000000,79999.999999999985448
21.600000,59,-830.653000000000020,-545.351999999999975,227.648310000000009,180.000000000000000,0.000000000000000,79999.999999999985448
21.604000,59,-830.653000000000020,-545.351999999999975,222.314979999999991,180.000000000000000,0.000000000000000,79999.999999999985448
21.608000,59,-830.653000000000020,-545.351999999999975,216.981650000000002,180.000000000000000,0.000000000000000,79999.999999999985448
21.612000,59,-830.653000000000020,-545.351999999999975,211.648310000000009,180.000000000000000,0.000000000000000,79999.999999999985448
21.616000,59,-830.653000000000020,-545.351999999999975,206.314979999999991,180.000000000000000,0.000000000000000,79999.999999999985448
21.620000,59,-830.653000000000020,-545.351999999999975,200.981650000000002,180.000000000000000,0.000000000000000,79999.999999999985448
21.624000,59,-830.653000000000020,-545.351999999999975,195.648310000000009,180.000000000000000,0.000000000000000,79999.999999999985448
21.628000,59,-830.653000000000020,-545.351999999999975,190.314979999999991,180.000000000000000,0.000000000000000,79999.999999999985448
21.632000,59,-830.653000000000020,-545.351999999999975,184.981650000000002,180.000000000000000,0.000000000000000,79999.999999999985448
21.636000,59,-830.653000000000020,-545.351999999999975,179.648310000000009,180.000000000000000,0.000000000000000,79999.999999999985448
21.640000,59,-830.653000000000020,-545.351999999999975,174.314979999999991,180.000000000000000,0.000000000000000,79999.999999999985448
21.644000,59,-830.653000000000020,-545.351999999999975,168.981650000000002,180.000000000000000,0.000000000000000,79999.999999999985448
21.648000,59,-830.653000000000020,-545.351999999999975,163.648310000000009,180.000000000000000,0.000000000000000,79999.999999999985448
21.652000,59,-830.653000000000020,-545.351999999999975,158.315290000000005,180.000000000000000,0.000000000000000,79979.788814019266283
21.656000,59,-830.653000000000020,-545.351999999999975,152.986230000000006,180.000000000000000,0.000000000000000,79877.491496504269890
21.660000,59,-830.653000000000020,-545.351999999999975,147.666879999999992,180.000000000000000,0.000000000000000,79688.794178989279317
21.664000,59,-830.653000000000020,-545.351999999999975,142.362979999999993,180.000000000000000,0.000000000000000,79413.696861474280013
21.668000,59,-830.653000000000020,-545.351999999999975,137.080299999999994,180.000000000000000,0.000000000000000,79052.199543959286530
21.672000,59,-830.653000000000020,-545.351999999999975,131.824610000000007,180.000000000000000,0.000000000000000,78604.302226444298867
21.676000,59,-830.653000000000020,-545.351999999999975,126.601650000000006,180.000000000000000,0.000000000000000,78070.004908929302474
21.680000,59,-830.653000000000020,-545.351999999999975,121.417190000000005,180.000000000000000,0.000000000000000,77449.307591414311901
21.684000,59,-830.653000000000020,-545.351999999999975,116.276989999999998,180.000000000000000,0.000000000000000,76742.210273899312597
21.688000,59,-830.653000000000020,-545.351999999999975,111.186819999999997,180.000000000000000,0.000000000000000,75948.712956384319114
21.692000,59,-830.653000000000020,-545.351999999999975,106.152420000000006,180.000000000000000,0.000000000000000,75068.815638869331451
21.696000,59,-830.653000000000020,-545.351999999999975,101.179559999999995,180.000000000000000,0.000000000000000,74102.518321354335058
21.700000,59,-830.653000000000020,-545.351999999999975,96.274000000000001,180.000000000000000,0.000000000000000,73049.821003839344485
21.704000,59,-830.653000000000020,-545.351999999999975,91.441509999999994,180.000000000000000,0.000000000000000,71910.723686324345181
21.708000,59,-830.653000000000020,-545.351999999999975,86.687830000000005,180.000000000000000,0.000000000000000,70685.226368809351698
21.712000,59,-830.653000000000020,-545.351999999999975,82.018730000000005,180.000000000000000,0.000000000000000,69373.329051294364035
21.716000,59,-830.653000000000020,-545.351999999999975,77.439970000000002,180.000000000000000,0.000000000000000,67975.031733779367642
21.720000,59,-830.653000000000020,-545.351999999999975,72.957310000000007,180.000000000000000,0.000000000000000,66490.334416264377069
21.724000,59,-830.653000000000020,-545.351999999999975,68.576509999999999,180.000000000000000,0.000000000000000,64919.237098749377765
21.728000,59,-830.653000000000020,-545.351999999999975,64.303330000000003,180.000000000000000,0.000000000000000,63261.739781234384282
21.732000,59,-830.653000000000020,-545.351999999999975,60.143529999999998,180.000000000000000,0.000000000000000,61517.842463719396619
21.736000,59,-830.653000000000020,-545.351999999999975,56.102870000000003,180.000000000000000,0.000000000000000,59687.545146204400226
21.740000,59,-830.653000000000020,-545.351999999999975,52.187109999999997,180.000000000000000,0.000000000000000,57770.847828689409653
21.744000,59,-830.653000000000020,-545.351999999999975,48.402009999999997,180.000000000000000,0.000000000000000,55767.750511174410349
21.748000,59,-830.653000000000020,-545.351999999999975,44.753329999999998,180.000000000000000,0.000000000000000,53678.253193659416866
21.752000,59,-830.653000000000020,-545.351999999999975,41.246830000000003,180.000000000000000,0.000000000000000,51502.355876144429203
21.756000,59,-830.653000000000020,-545.351999999999975,37.888269999999999,180.000000000000000,0.000000000000000,49240.058558629432810
21.760000,59,-830.653000000000020,-545.351999999999975,34.683410000000002,180.000000000000000,0.000000000000000,46891.361241114442237
21.764000,59,-830.653000000000020,-545.351999999999975,31.637300000000000,180.000000000000000,0.000000000000000,44491.741180139055359
21.768000,59,-830.653000000000020,-545.351999999999975,28.751180000000002,180.000000000000000,0.000000000000000,42091.741180139055359
21.772000,59,-830.653000000000020,-545.351999999999975,26.025069999999999,180.000000000000000,0.000000000000000,39691.741180139055359
21.776000,59,-830.653000000000020,-545.351999999999975,23.458950000000002,180.000000000000000,0.000000000000000,37291.741180139055359
21.780000,59,-830.653000000000020,-545.351999999999975,21.052830000000000,180.000000000000000,0.000000000000000,34891.741180139055359
21.784000,59,-830.653000000000020,-545.351999999999975,18.806680000000000,180.000000000000000,0.000000000000000,32497.053260281438270
21.788000,59,-830.653000000000020,-545.351999999999975,16.718240000000002,180.000000000000000,0.000000000000000,30170.550577796428115
21.792000,59,-830.653000000000020,-545.351999999999975,14.782019999999999,180.000000000000000,0.000000000000000,27930.447895311415778
21.796000,59,-830.653000000000020,-545.351999999999975,12.992260000000000,180.000000000000000,0.000000000000000,25776.745212826404895
21.800000,59,-830.653000000000020,-545.351999999999975,11.343200000000000,180.000000000000000,0.000000000000000,23709.442530341395468
21.804000,59,-830.653000000000020,-545.351999999999975,9.829079999999999,180.000000000000000,0.000000000000000,21728.539847856383858
21.808000,59,-830.653000000000020,-545.351999999999975,8.444140000000001,180.000000000000000,0.000000000000000,19834.037165371373703
21.812000,59,-830.653000000000020,-545.351999999999975,7.182620000000000,180.000000000000000,0.000000000000000,18025.934482886361366
21.816000,59,-830.653000000000020,-545.351999999999975,6.038760000000000,180.000000000000000,0.000000000000000,16304.231800401350483
21.820000,59,-830.653000000000020,-545.351999999999975,5.006800000000000,180.000000000000000,0.000000000000000,14668.929117916341056
21.824000,59,-830.653000000000020,-545.351999999999975,4.080980000000000,180.000000000000000,0.000000000000000,13120.026435431329446
21.828000,59,-830.653000000000020,-545.351999999999975,3.255540000000000,180.000000000000000,0.000000000000000,11657.523752946319291
21.832000,59,-830.653000000000020,-545.351999999999975,2.524730000000000,180.000000000000000,0.000000000000000,10281.421070461308773
21.836000,59,-830.653000000000020,-545.351999999999975,1.882770000000000,180.000000000000000,0.000000000000000,8991.718387976297890
21.840000,59,-830.653000000000020,-545.351999999999975,1.323910000000000,180.000000000000000,0.000000000000000,7788.415705491286644
21.844000,59,-830.653000000000020,-545.351999999999975,0.842390000000000,180.000000000000000,0.000000000000000,6671.513023006275034
21.848000,59,-830.653000000000020,-545.351999999999975,0.432450000000000,180.000000000000000,0.000000000000000,5641.010340521264879
21.852000,59,-830.653000000000020,-545.351999999999975,0.088340000000000,180.000000000000000,0.000000000000000,4696.907658036254361
21.856000,59,-830.653000000000020,-545.351999999999975,-0.195720000000000,180.000000000000000,0.000000000000000,3839.204975551243933
21.860000,59,-830.653000000000020,-545.351999999999975,-0.425480000000000,180.000000000000000,0.000000000000000,3067.902293066233597
21.864000,59,-830.653000000000020,-545.351999999999975,-0.606690000000000,180.000000000000000,0.000000000000000,2382.999610581223351
21.868000,59,-830.653000000000020,-545.351999999999975,-0.745130000000000,180.000000000000000,0.000000000000000,1784.496928096213196
21.872000,59,-830.653000000000020,-545.351999999999975,-0.846550000000000,180.000000000000000,0.000000000000000,1272.394245611202905
21.876000,59,-830.653000000000020,-545.351999999999975,-0.916700000000000,180.000000000000000,0.000000000000000,846.691563126192477
21.880000,59,-830.653000000000020,-545.351999999999975,-0.961360000000000,180.000000000000000,0.000000000000000,507.388880641182141
21.884000,59,-830.653000000000020,-545.351999999999975,-0.986270000000000,180.000000000000000,0.000000000000000,254.486198156171838
21.888000,59,-830.653000000000020,-545.351999999999975,-0.997210000000000,180.000000000000000,0.000000000000000,87.983515671161513
21.892000,59,-830.653000000000020,-545.351999999999975,-0.999930000000000,180.000000000000000,0.000000000000000,7.880833186151175
21.896000,59,-830.653000000000020,-545.351999999999975,-1.000000000000000,180.000000000000000,0.000000000000000,0.000000000000000
21.900000,59,-830.653000000000020,-545.351999999999975,-1.000000000000000,180.000000000000000,0.000000000000000,0.000000000000000
21.904000,59,-830.653000000000020,-545.351999999999975,-1.000000000000000,180.000000000000000,0.000000000000000,0.000000000000000
21.908000,59,-830.653000000000020,-545.351999999999975,-1.000000000000000,180.000000000000000,0.000000000000000,0.000000000000000
21.912000,59,-830.653000000000020,-545.351999999999975,-1.000000000000000,180.000000000000000,0.000000000000000,0.000000000000000
21.916000,59,-830.653000000000020,-545.351999999999975,-1.000000000000000,180.000000000000000,0.000000000000000,0.000000000000000
21.920000,59,-830.653000000000020,-545.351999999999975,-1.000000000000000,180.000000000000000,0.000000000000000,0.000000000000000
21.924000,59,-830.653000000000020,-545.351999999999975,-1.000000000000000,180.000000000000000,0.000000000000000,0.000000000000000
21.928000,60,-830.652040000000056,-545.351760000000013,-1.000000000000000,180.000000000000000,0.000000000000000,44.540509431354529
21.932000,60,-830.645319999999970,-545.350069999999960,-1.000000000000000,180.000000000000000,0.000000000000000,178.162037725418116
21.936000,60,-830.627079999999978,-545.345490000000041,-1.000000000000000,180.000000000000000,0.000000000000000,400.864584882190741
21.940000,60,-830.591559999999959,-545.336580000000026,-1.000000000000000,180.000000000000000,0.000000000000000,712.648150901672466
21.944000,60,-830.533000000000015,-545.321869999999990,-1.000000000000000,180.000000000000000,0.000000000000000,1113.512735783863263
21.948000,60,-830.445640000000026,-545.299939999999992,-1.000000000000000,180.000000000000000,0.000000000000000,1603.458339528762963
21.952000,60,-830.323719999999980,-545.269340000000057,-1.000000000000000,180.000000000000000,0.000000000000000,2182.484962136371905
21.956000,60,-830.161479999999983,-545.228610000000003,-1.000000000000000,180.000000000000000,0.000000000000000,2850.592603606689863
21.960000,60,-829.953160000000025,-545.176309999999944,-1.000000000000000,180.000000000000000,0.000000000000000,3607.781263939717064
21.964000,60,-829.692999999999984,-545.110999999999990,-1.000000000000000,180.000000000000000,0.000000000000000,4454.050943135453053
21.968000,60,-829.375239999999962,-545.031219999999962,-1.000000000000000,180.000000000000000,0.000000000000000,5389.401641193898286
21.972000,60,-828.994119999999953,-544.935550000000035,-1.000000000000000,180.000000000000000,0.000000000000000,6413.833358115051851
21.976000,60,-828.543879999999945,-544.822520000000054,-1.000000000000000,180.000000000000000,0.000000000000000,7527.346093898915569
21.980000,60,-828.018760000000043,-544.690690000000018,-1.000000000000000,180.000000000000000,0.000000000000000,8729.939848545487621
21.984000,60,-827.413000000000011,-544.538609999999949,-1.000000000000000,180.000000000000000,0.000000000000000,10021.614622054768915
21.988000,60,-826.720839999999953,-544.364850000000047,-1.000000000000000,180.000000000000000,0.000000000000000,11402.370414426759453
21.992000,60,-825.936519999999973,-544.167950000000019,-1.000000000000000,180.000000000000000,0.000000000000000,12872.207225661457414
21.996000,60,-825.054279999999949,-543.946469999999977,-1.000000000000000,180.000000000000000,0.000000000000000,14431.125055758866438
22.000000,60,-824.068359999999984,-543.698960000000056,-1.000000000000000,180.000000000000000,0.000000000000000,16079.123904718984704
22.004000,60,-822.972999999999956,-543.423980000000029,-1.000000000000000,180.000000000000000,0.000000000000000,17816.203772541812214
22.008000,60,-821.762439999999970,-543.120070000000055,-1.000000000000000,180.000000000000000,0.000000000000000,19642.364659227347147
22.012000,60,-820.430920000000015,-542.785799999999995,-1.000000000000000,180.000000000000000,0.000000000000000,21557.606564775593142
22.016000,60,-818.972679999999968,-542.419719999999984,-1.000000000000000,180.000000000000000,0.000000000000000,23561.929489186546562
22.020000,60,-817.381960000000049,-542.020369999999957,-1.000000000000000,180.000000000000000,0.000000000000000,25655.333432460207405
22.024000,60,-815.653000000000020,-541.586329999999975,-1.000000000000000,180.000000000000000,0.000000000000000,27837.818394596579310
22.028000,60,-813.781899999999951,-541.116599999999949,-1.000000000000000,180.000000000000000,0.000000000000000,30022.891501759957464
22.032000,60,-811.772289999999998,-540.612100000000055,-1.000000000000000,180.000000000000000,0.000000000000000,32121.471735087627167
22.036000,60,-809.629860000000008,-540.074250000000006,-1.000000000000000,180.000000000000000,0.000000000000000,34130.970949552589445
22.040000,60,-807.360379999999964,-539.504509999999982,-1.000000000000000,180.000000000000000,0.000000000000000,36051.389145154847938
22.044000,60,-804.969600000000014,-538.904310000000009,-1.000000000000000,180.000000000000000,0.000000000000000,37882.726321894391731
22.048000,60,-802.463280000000054,-538.275120000000015,-1.000000000000000,180.000000000000000,0.000000000000000,39624.982479771228100
22.052000,60,-799.847200000000043,-537.618360000000052,-1.000000000000000,180.000000000000000,0.000000000000000,41278.157618785357045
22.056000,60,-797.127089999999953,-536.935489999999959,-1.000000000000000,180.000000000000000,0.000000000000000,42842.251738936778565
22.060000,60,-794.308739999999943,-536.227960000000053,-1.000000000000000,180.000000000000000,0.000000000000000,44317.264840225478110
22.064000,60,-791.397879999999986,-535.497209999999995,-1.000000000000000,180.000000000000000,0.000000000000000,45703.196922651477507
22.068000,60,-788.400300000000016,-534.744680000000017,-1.000000000000000,180.000000000000000,0.000000000000000,47000.047986214769480
22.072000,60,-785.321730000000002,-533.971819999999980,-1.000000000000000,180.000000000000000,0.000000000000000,48207.818030915354029
22.076000,60,-782.167959999999994,-533.180079999999975,-1.000000000000000,180.000000000000000,0.000000000000000,49326.507056753223878
22.080000,60,-778.944730000000050,-532.370909999999981,-1.000000000000000,180.000000000000000,0.000000000000000,50356.115063728386303
22.084000,60,-775.657799999999952,-531.545740000000023,-1.000000000000000,180.000000000000000,0.000000000000000,51296.642051840848580
22.088000,60,-772.312940000000026,-530.706030000000055,-1.000000000000000,180.000000000000000,0.000000000000000,52148.088021090581606
22.092000,60,-768.915899999999965,-529.853219999999965,-1.000000000000000,180.000000000000000,0.000000000000000,52910.452971477621759
22.096000,60,-765.472459999999955,-528.988759999999957,-1.000000000000000,180.000000000000000,0.000000000000000,53583.736903001947212
22.100000,60,-761.988349999999969,-528.114100000000008,-1.000000000000000,180.000000000000000,0.000000000000000,54167.939815663565241
22.104000,60,-758.469349999999963,-527.230670000000032,-1.000000000000000,180.000000000000000,0.000000000000000,54663.061709462468571
22.108000,60,-754.921219999999948,-526.339929999999981,-1.000000000000000,180.000000000000000,0.000000000000000,55069.102584398671752
22.112000,60,-751.349709999999959,-525.443319999999972,-1.000000000000000,180.000000000000000,0.000000000000000,55386.062440472160233
22.116000,60,-747.760589999999979,-524.542289999999980,-1.000000000000000,180.000000000000000,0.000000000000000,55613.941277682941291
22.120000,60,-744.159610000000043,-523.638280000000009,-1.000000000000000,180.000000000000000,0.000000000000000,55752.739096031022200
22.124000,60,-740.552530000000047,-522.732740000000035,-1.000000000000000,180.000000000000000,0.000000000000000,55802.455895516388409
22.128000,60,-736.945100000000025,-521.827120000000036,-1.000000000000000,180.000000000000000,0.000000000000000,55763.897314749468933
22.132000,60,-733.343039999999974,-520.922839999999951,-1.000000000000000,180.000000000000000,0.000000000000000,55636.311821725139453
22.136000,60,-729.752110000000016,-520.021349999999984,-1.000000000000000,180.000000000000000,0.000000000000000,55419.645309838102548
22.140000,60,-726.178070000000048,-519.124109999999973,-1.000000000000000,180.000000000000000,0.000000000000000,55113.897779088350944
22.144000,60,-722.626669999999990,-518.232549999999947,-1.000000000000000,180.000000000000000,0.000000000000000,54719.069229475891916
22.148000,60,-719.103690000000029,-517.348119999999994,-1.000000000000000,180.000000000000000,0.000000000000000,54235.159661000725464
22.152000,60,-715.614879999999971,-516.472269999999980,-1.000000000000000,180.000000000000000,0.000000000000000,53662.169073662851588
22.156000,60,-712.165989999999965,-515.606449999999995,-1.000000000000000,180.000000000000000,0.000000000000000,53000.097467462270288
22.160000,60,-708.762799999999970,-514.752100000000041,-1.000000000000000,180.000000000000000,0.000000000000000,52248.944842398981564
22.164000,60,-705.411050000000046,-513.910660000000007,-1.000000000000000,180.000000000000000,0.000000000000000,51408.711198472978140
22.168000,60,-702.116520000000037,-513.083579999999984,-1.000000000000000,180.000000000000000,0.000000000000000,50479.396535684267292
22.172000,60,-698.884950000000003,-512.272309999999948,-1.000000000000000,180.000000000000000,0.000000000000000,49461.000854032841744
22.176000,60,-695.722120000000018,-511.478299999999990,-1.000000000000000,180.000000000000000,0.000000000000000,48353.524153518716048
22.180000,60,-692.633770000000027,-510.702990000000000,-1.000000000000000,180.000000000000000,0.000000000000000,47156.966434141882928
22.184000,60,-689.625679999999988,-509.947819999999979,-1.000000000000000,180.000000000000000,0.000000000000000,45871.327695902335108
22.188000,60,-686.703589999999963,-509.214249999999993,-1.000000000000000,180.000000000000000,0.000000000000000,44496.607938800072588
22.192000,60,-683.873270000000048,-508.503710000000012,-1.000000000000000,180.000000000000000,0.000000000000000,43032.807162835117197
22.196000,60,-681.140490000000000,-507.817659999999989,-1.000000000000000,180.000000000000000,0.000000000000000,41479.925368007439829
22.200000,60,-678.510989999999993,-507.157539999999983,-1.000000000000000,180.000000000000000,0.000000000000000,39837.962554317055037
22.204000,60,-675.990540000000010,-506.524789999999996,-1.000000000000000,180.000000000000000,0.000000000000000,38106.918721763962822
22.208000,60,-673.584910000000036,-505.920869999999979,-1.000000000000000,180.000000000000000,0.000000000000000,36286.793870348163182
22.212000,60,-671.299840000000017,-505.347210000000018,-1.000000000000000,180.000000000000000,0.000000000000000,34377.588000069656118
22.216000,60,-669.141100000000051,-504.805270000000007,-1.000000000000000,180.000000000000000,0.000000000000000,32379.301110928434355
22.220000,60,-667.114450000000033,-504.296490000000006,-1.000000000000000,180.000000000000000,0.000000000000000,30291.933202924505167
22.224000,60,-665.225649999999973,-503.822319999999991,-1.000000000000000,180.000000000000000,0.000000000000000,28115.484276057864918
22.228000,60,-663.479050000000029,-503.383840000000021,-1.000000000000000,180.000000000000000,0.000000000000000,25922.712629873269179
22.232000,60,-661.871399999999994,-502.980250000000012,-1.000000000000000,180.000000000000000,0.000000000000000,23818.196763704239856
22.236000,60,-660.396939999999972,-502.610099999999989,-1.000000000000000,180.000000000000000,0.000000000000000,21802.761916397921595
22.240000,60,-659.049930000000018,-502.271939999999972,-1.000000000000000,180.000000000000000,0.000000000000000,19876.408087954310759
22.244000,60,-657.824600000000032,-501.964319999999987,-1.000000000000000,180.000000000000000,0.000000000000000,18039.135278373410983
22.248000,60,-656.715180000000032,-501.685810000000004,-1.000000000000000,180.000000000000000,0.000000000000000,16290.943487655216813
22.252000,60,-655.715929999999958,-501.434950000000015,-1.000000000000000,180.000000000000000,0.000000000000000,14631.832715799731886
22.256000,60,-654.821069999999963,-501.210300000000018,-1.000000000000000,180.000000000000000,0.000000000000000,13061.802962806958021
22.260000,60,-654.024850000000015,-501.010420000000011,-1.000000000000000,180.000000000000000,0.000000000000000,11580.854228676893399
22.264000,60,-653.321509999999989,-500.833849999999984,-1.000000000000000,180.000000000000000,0.000000000000000,10188.986513409538020
22.268000,60,-652.705280000000016,-500.679149999999993,-1.000000000000000,180.000000000000000,0.000000000000000,8886.199817004890065
22.272000,60,-652.170420000000036,-500.544870000000003,-1.000000000000000,180.000000000000000,0.000000000000000,7672.494139462951352
22.276000,60,-651.711149999999975,-500.429579999999987,-1.000000000000000,180.000000000000000,0.000000000000000,6547.869480783722793
22.280000,60,-651.321720000000028,-500.331810000000019,-1.000000000000000,180.000000000000000,0.000000000000000,5512.325840967202566
22.284000,60,-650.996369999999956,-500.250130000000013,-1.000000000000000,180.000000000000000,0.000000000000000,4565.863220013391583
22.288000,60,-650.729339999999979,-500.183100000000024,-1.000000000000000,180.000000000000000,0.000000000000000,3708.481617922289388
22.292000,60,-650.514869999999974,-500.129259999999988,-1.000000000000000,180.000000000000000,0.000000000000000,2940.181034693896436
22.296000,60,-650.347200000000043,-500.087159999999983,-1.000000000000000,180.000000000000000,0.000000000000000,2260.961470328212727
22.300000,60,-650.220559999999978,-500.055369999999982,-1.000000000000000,180.000000000000000,0.000000000000000,1670.822924825237351
22.304000,60,-650.129209999999944,-500.032440000000008,-1.000000000000000,180.000000000000000,0.000000000000000,1169.765398184971673
22.308000,60,-650.067369999999983,-500.016909999999996,-1.000000000000000,180.000000000000000,0.000000000000000,757.788890407414897
22.312000,60,-650.029289999999946,-500.007349999999974,-1.000000000000000,180.000000000000000,0.000000000000000,434.893401492567136
22.316000,60,-650.009210000000053,-500.002310000000023,-1.000000000000000,180.000000000000000,0.000000000000000,201.078931440428448
22.320000,60,-650.001369999999952,-500.000339999999994,-1.000000000000000,180.000000000000000,0.000000000000000,56.345480250998840
22.324000,60,-650.000000000000000,-500.000000000000000,-1.000000000000000,180.000000000000000,0.000000000000000,0.693047924278289
22.328000,60,-650.000000000000000,-500.000000000000000,-1.000000000000000,180.000000000000000,0.000000000000000,0.000000000000000
22.332000,60,-650.000000000000000,-500.000000000000000,-1.000000000000000,180.000000000000000,0.000000000000000,0.000000000000000
22.336000,60,-650.000000000000000,-500.000000000000000,-1.000000000000000,180.000000000000000,0.000000000000000,0.000000000000000
22.340000,60,-650.000000000000000,-500.000000000000000,-1.000000000000000,180.000000000000000,0.000000000000000,0.000000000000000
22.344000,60,-650.000000000000000,-500.000000000000000,-1.000000000000000,180.000000000000000,0.000000000000000,0.000000000000000
22.348000,60,-650.000000000000000,-500.000000000000000,-1.000000000000000,180.000000000000000,0.000000000000000,0.000000000000000
22.352000,60,-650.000000000000000,-500.000000000000000,-1.000000000000000,180.000000000000000,0.000000000000000,0.000000000000000
22.356000,60,-650.000000000000000,-500.000000000000000,-1.000000000000000,180.000000000000000,0.000000000000000,0.000000000000000
22.360000,60,-650.000000000000000,-500.000000000000000,-1.000000000000000,180.000000000000000,0.000000000000000,0.000000000000000
22.364000,60,-650.000000000000000,-500.000000000000000,-1.000000000000000,180.000000000000000,0.000000000000000,0.000000000000000
22.368000,60,-650.000000000000000,-500.000000000000000,-1.000000000000000,180.000000000000000,0.000000000000000,0.000000000000000
22.372000,60,-650.000000000000000,-500.000000000000000,-1.000000000000000,180.000000000000000,0.000000000000000,0.000000000000000
22.376000,62,-650.000000000000000,-500.000000000000000,-201.000000000000000,180.000000000000000,0.000000000000000,0.000000000000000
22.380000,62,-650.000000000000000,-500.000000000000000,-201.000000000000000,180.000000000000000,0.000000000000000,0.000000000000000
22.384000,62,-650.000000000000000,-500.000000000000000,-201.000000000000000,180.000000000000000,0.000000000000000,0.000000000000000
22.388000,62,-650.000000000000000,-500.000000000000000,-201.000000000000000,180.000000000000000,0.000000000000000,0.000000000000000
22.392000,62,-650.000000000000000,-500.000000000000000,-201.000000000000000,180.000000000000000,0.000000000000000,0.000000000000000
22.396000,62,-650.000000000000000,-500.000000000000000,-201.000000000000000,180.000000000000000,0.000000000000000,0.000000000000000
22.400000,-2,-650.000000000000000,-500.000000000000000,-201.000000000000000,180.000000000000000,0.000000000000000,0.000000000000000
22.404000,-2,-650.000000000000000,-500.000000000000000,-201.000000000000000,180.000000000000000,0.000000000000000,0.000000000000000
22.408000,-2,-650.000000000000000,-500.000000000000000,-201.000000000000000,180.000000000000000,0.000000000000000,0.000000000000000
22.412000,-2,-650.000000000000000,-500.000000000000000,-201.000000000000000,180.000000000000000,0.000000000000000,0.000000000000000
22.416000,-2,-650.000000000000000,-500.000000000000000,-201.000000000000000,180.000000000000000,0.000000000000000,0.000000000000000
22.420000,-2,-650.000000000000000,-500.000000000000000,-201.000000000000000,180.000000000000000,0.000000000000000,0.000000000000000
22.424000,-2,-650.000000000000000,-500.000000000000000,-201.000000000000000,180.000000000000000,0.000000000000000,0.000000000000000
22.428000,-2,-650.000000000000000,-500.000000000000000,-201.000000000000000,180.000000000000000,0.000000000000000,0.000000000000000
22.432000,-2,-650.000000000000000,-500.000000000000000,-201.000000000000000,180.000000000000000,0.000000000000000,0.000000000000000
22.436000,-2,-650.000000000000000,-500.000000000000000,-201.000000000000000,180.000000000000000,0.000000000000000,0.000000000000000
22.440000,-2,-650.000000000000000,-500.000000000000000,-201.000000000000000,180.000000000000000,0.000000000000000,0.000000000000000
22.444000,-2,-650.000000000000000,-500.000000000000000,-201.000000000000000,180.000000000000000,0.000000000000000,0.000000000000000
22.448000,-2,-650.000000000000000,-500.000000000000000,-201.000000000000000,180.000000000000000,0.000000000000000,0.000000000000000
22.452000,-2,-650.000000000000000,-500.000000000000000,-201.000000000000000,180.000000000000000,0.000000000000000,0.000000000000000
22.456000,-2,-650.000000000000000,-500.000000000000000,-201.000000000000000,180.000000000000000,0.000000000000000,0.000000000000000
22.460000,-2,-650.000000000000000,-500.000000000000000,-201.000000000000000,180.000000000000000,0.000000000000000,0.000000000000000
22.464000,-2,-650.000000000000000,-500.000000000000000,-201.000000000000000,180.000000000000000,0.000000000000000,0.000000000000000
22.468000,-2,-650.000000000000000,-500.000000000000000,-201.000000000000000,180.000000000000000,0.000000000000000,0.000000000000000
22.472000,-2,-650.000000000000000,-500.000000000000000,-201.000000000000000,180.000000000000000,0.000000000000000,0.000000000000000
22.476000,-2,-650.000000000000000,-500.000000000000000,-201.000000000000000,180.000000000000000,0.000000000000000,0.000000000000000
22.480000,-2,-650.000000000000000,-500.000000000000000,-201.000000000000000,180.000460000000004,0.000000000000000,0.000000000000000
22.484000,-2,-650.000000000000000,-500.000000000000000,-201.000000000000000,180.003690000000006,0.000000000000000,0.000000000000000
22.488000,-2,-650.000000000000000,-500.000000000000000,-201.000000000000000,180.012439999999998,0.000000000000000,0.000000000000000
22.492000,-2,-650.000000000000000,-500.000000000000000,-201.000000000000000,180.029490000000010,0.000000000000000,0.000000000000000
22.496000,-2,-650.000000000000000,-500.000000000000000,-201.000000000000000,180.057600000000008,0.000000000000000,0.000000000000000
22.500000,-2,-650.000000000000000,-500.000000000000000,-201.000000000000000,180.099529999999987,0.000000000000000,0.000000000000000
22.504000,-2,-650.000000000000000,-500.000000000000000,-201.000000000000000,180.158050000000003,0.000000000000000,0.000000000000000
22.508000,-2,-650.000000000000000,-500.000000000000000,-201.000000000000000,180.235929999999996,0.000000000000000,0.000000000000000
22.512000,-2,-650.000000000000000,-500.000000000000000,-201.000000000000000,180.335919999999987,0.000000000000000,0.000000000000000
22.516000,-2,-650.000000000000000,-500.000000000000000,-201.000000000000000,180.460800000000006,0.000000000000000,0.000000000000000
22.520000,-2,-650.000000000000000,-500.000000000000000,-201.000000000000000,180.613319999999987,0.000000000000000,0.000000000000000
22.524000,-2,-650.000000000000000,-500.000000000000000,-201.000000000000000,180.796259999999990,0.000000000000000,0.000000000000000
22.528000,-2,-650.000000000000000,-500.000000000000000,-201.000000000000000,181.012380000000007,0.000000000000000,0.000000000000000
22.532000,-2,-650.000000000000000,-500.000000000000000,-201.000000000000000,181.264440000000008,0.000000000000000,0.000000000000000
22.536000,-2,-650.000000000000000,-500.000000000000000,-201.000000000000000,181.555200000000013,0.000000000000000,0.000000000000000
22.540000,-2,-650.000000000000000,-500.000000000000000,-201.000000000000000,181.887439999999998,0.000000000000000,0.000000000000000
22.544000,-2,-650.000000000000000,-500.000000000000000,-201.000000000000000,182.263759999999991,0.000000000000000,0.000000000000000
22.548000,-2,-650.000000000000000,-500.000000000000000,-201.000000000000000,182.685849999999988,0.000000000000000,0.000000000000000
22.552000,-2,-650.000000000000000,-500.000000000000000,-201.000000000000000,183.154020000000003,0.000000000000000,0.000000000000000
22.556000,-2,-650.000000000000000,-500.000000000000000,-201.000000000000000,183.668280000000010,0.000000000000000,0.000000000000000
22.560000,-2,-650.000000000000000,-500.000000000000000,-201.000000000000000,184.228610000000003,0.000000000000000,0.000000000000000
22.564000,-2,-650.000000000000000,-500.000000000000000,-201.000000000000000,184.835019999999986,0.000000000000000,0.000000000000000
22.568000,-2,-650.000000000000000,-500.000000000000000,-201.000000000000000,185.487509999999986,0.000000000000000,0.000000000000000
22.572000,-2,-650.000000000000000,-500.000000000000000,-201.000000000000000,186.186090000000007,0.000000000000000,0.000000000000000
22.576000,-2,-650.000000000000000,-500.000000000000000,-201.000000000000000,186.930739999999986,0.000000000000000,0.000000000000000
22.580000,-2,-650.000000000000000,-500.000000000000000,-201.000000000000000,187.721470000000011,0.000000000000000,0.000000000000000
22.584000,-2,-650.000000000000000,-500.000000000000000,-201.000000000000000,188.558279999999996,0.000000000000000,0.000000000000000
22.588000,-2,-650.000000000000000,-500.000000000000000,-201.000000000000000,189.441180000000003,0.000000000000000,0.000000000000000
22.592000,-2,-650.000000000000000,-500.000000000000000,-201.000000000000000,190.370149999999995,0.000000000000000,0.000000000000000
22.596000,-2,-650.000000000000000,-500.000000000000000,-201.000000000000000,191.345200000000006,0.000000000000000,0.000000000000000
22.600000,-2,-650.000000000000000,-500.000000000000000,-201.000000000000000,192.366340000000008,0.000000000000000,0.000000000000000
22.604000,-2,-650.000000000000000,-500.000000000000000,-201.000000000000000,193.433549999999997,0.000000000000000,0.000000000000000
22.608000,-2,-650.000000000000000,-500.000000000000000,-201.000000000000000,194.546840000000003,0.000000000000000,0.000000000000000
22.612000,-2,-650.000000000000000,-500.000000000000000,-201.000000000000000,195.706209999999999,0.000000000000000,0.000000000000000
22.616000,-2,-650.000000000000000,-500.000000000000000,-201.000000000000000,196.911669999999987,0.000000000000000,0.000000000000000
22.620000,-2,-650.000000000000000,-500.000000000000000,-201.000000000000000,198.163199999999989,0.000000000000000,0.000000000000000
22.624000,-2,-650.000000000000000,-500.000000000000000,-201.000000000000000,199.460810000000009,0.000000000000000,0.000000000000000
22.628000,-2,-650.000000000000000,-500.000000000000000,-201.000000000000000,200.804509999999993,0.000000000000000,0.000000000000000
22.632000,-2,-650.000000000000000,-500.000000000000000,-201.000000000000000,202.194279999999992,0.000000000000000,0.000000000000000
22.636000,-2,-650.000000000000000,-500.000000000000000,-201.000000000000000,203.630130000000008,0.000000000000000,0.000000000000000
22.640000,-2,-650.000000000000000,-500.000000000000000,-201.000000000000000,205.112060000000014,0.000000000000000,0.000000000000000
22.644000,-2,-650.000000000000000,-500.000000000000000,-201.000000000000000,206.640080000000012,0.000000000000000,0.000000000000000
22.648000,-2,-650.000000000000000,-500.000000000000000,-201.000000000000000,208.214169999999996,0.000000000000000,0.000000000000000
22.652000,-2,-650.000000000000000,-500.000000000000000,-201.000000000000000,209.834339999999997,0.000000000000000,0.000000000000000
22.656000,-2,-650.000000000000000,-500.000000000000000,-201.000000000000000,211.500599999999991,0.000000000000000,0.000000000000000
22.660000,-2,-650.000000000000000,-500.000000000000000,-201.000000000000000,213.212930000000000,0.000000000000000,0.000000000000000
22.664000,-2,-650.000000000000000,-500.000000000000000,-201.000000000000000,214.971339999999998,0.000000000000000,0.000000000000000
22.668000,-2,-650.000000000000000,-500.000000000000000,-201.000000000000000,216.775830000000013,0.000000000000000,0.000000000000000
22.672000,-2,-650.000000000000000,-500.000000000000000,-201.000000000000000,218.626409999999993,0.000000000000000,0.000000000000000
22.676000,-2,-650.000000000000000,-500.000000000000000,-201.000000000000000,220.523059999999987,0.000000000000000,0.000000000000000
22.680000,-2,-650.000000000000000,-500.000000000000000,-201.000000000000000,222.465789999999998,0.000000000000000,0.000000000000000
22.684000,-2,-650.000000000000000,-500.000000000000000,-201.000000000000000,224.454599999999999,0.000000000000000,0.000000000000000
22.688000,-2,-650.000000000000000,-500.000000000000000,-201.000000000000000,226.489499999999992,0.000000000000000,0.000000000000000
22.692000,-2,-650.000000000000000,-500.000000000000000,-201.000000000000000,228.570470000000000,0.000000000000000,0.000000000000000
22.696000,-2,-650.000000000000000,-500.000000000000000,-201.000000000000000,230.697399999999988,0.000000000000000,0.000000000000000
22.700000,-2,-650.000000000000000,-500.000000000000000,-201.000000000000000,232.869310000000013,0.000000000000000,0.000000000000000
22.704000,-2,-650.000000000000000,-500.000000000000000,-201.000000000000000,235.083769999999987,0.000000000000000,0.000000000000000
22.708000,-2,-650.000000000000000,-500.000000000000000,-201.000000000000000,237.338020000000000,0.000000000000000,0.000000000000000
22.712000,-2,-650.000000000000000,-500.000000000000000,-201.000000000000000,239.629300000000001,0.000000000000000,0.000000000000000
22.716000,-2,-650.000000000000000,-500.000000000000000,-201.000000000000000,241.954829999999987,0.000000000000000,0.000000000000000
22.720000,-2,-650.000000000000000,-500.000000000000000,-201.000000000000000,244.311859999999996,0.000000000000000,0.000000000000000
22.724000,-2,-650.000000000000000,-500.000000000000000,-201.000000000000000,246.697620000000001,0.000000000000000,0.000000000000000
22.728000,-2,-650.000000000000000,-500.000000000000000,-201.000000000000000,249.109340000000003,0.000000000000000,0.000000000000000
22.732000,-2,-650.000000000000000,-500.000000000000000,-201.000000000000000,251.544260000000008,0.000000000000000,0.000000000000000
22.736000,-2,-650.000000000000000,-500.000000000000000,-201.000000000000000,253.999619999999993,0.000000000000000,0.000000000000000
22.740000,-2,-650.000000000000000,-500.000000000000000,-201.000000000000000,256.472649999999987,0.000000000000000,0.000000000000000
22.744000,-2,-650.000000000000000,-500.000000000000000,-201.000000000000000,258.960579999999993,0.000000000000000,0.000000000000000
22.748000,-2,-650.000000000000000,-500.000000000000000,-201.000000000000000,261.460649999999987,0.000000000000000,0.000000000000000
22.752000,-2,-650.000000000000000,-500.000000000000000,-201.000000000000000,263.970100000000002,0.000000000000000,0.000000000000000
22.756000,-2,-650.000000000000000,-500.000000000000000,-201.000000000000000,266.486159999999984,0.000000000000000,0.000000000000000
22.760000,-2,-650.000000000000000,-500.000000000000000,-201.000000000000000,269.006059999999991,0.000000000000000,0.000000000000000
22.764000,-2,-650.000000000000000,-500.000000000000000,-201.000000000000000,271.527060000000006,0.000000000000000,0.000000000000000
22.768000,-2,-650.000000000000000,-500.000000000000000,-201.000000000000000,274.046400000000006,0.000000000000000,0.000000000000000
22.772000,-2,-650.000000000000000,-500.000000000000000,-201.000000000000000,276.561320000000023,0.000000000000000,0.000000000000000
22.776000,-2,-650.000000000000000,-500.000000000000000,-201.000000000000000,279.069070000000011,0.000000000000000,0.000000000000000
22.780000,-2,-650.000000000000000,-500.000000000000000,-201.000000000000000,281.566880000000026,0.000000000000000,0.000000000000000
22.784000,-2,-650.000000000000000,-500.000000000000000,-201.000000000000000,284.051969999999983,0.000000000000000,0.000000000000000
22.788000,-2,-650.000000000000000,-500.000000000000000,-201.000000000000000,286.521599999999978,0.000000000000000,0.000000000000000
22.792000,-2,-650.000000000000000,-500.000000000000000,-201.000000000000000,288.972980000000007,0.000000000000000,0.000000000000000
22.796000,-2,-650.000000000000000,-500.000000000000000,-201.000000000000000,291.403360000000021,0.000000000000000,0.000000000000000
22.800000,-2,-650.000000000000000,-500.000000000000000,-201.000000000000000,293.809979999999996,0.000000000000000,0.000000000000000
22.804000,-2,-650.000000000000000,-500.000000000000000,-201.000000000000000,296.190060000000017,0.000000000000000,0.000000000000000
22.808000,-2,-650.000000000000000,-500.000000000000000,-201.000000000000000,298.540840000000003,0.000000000000000,0.000000000000000
22.812000,-2,-650.000000000000000,-500.000000000000000,-201.000000000000000,300.859559999999988,0.000000000000000,0.000000000000000
22.816000,-2,-650.000000000000000,-500.000000000000000,-201.000000000000000,303.143460000000005,0.000000000000000,0.000000000000000
22.820000,-2,-650.000000000000000,-500.000000000000000,-201.000000000000000,305.389760000000024,0.000000000000000,0.000000000000000
22.824000,-2,-650.000000000000000,-500.000000000000000,-201.000000000000000,307.595709999999997,0.000000000000000,0.000000000000000
22.828000,-2,-650.000000000000000,-500.000000000000000,-201.000000000000000,309.758539999999982,0.000000000000000,0.000000000000000
22.832000,-2,-650.000000000000000,-500.000000000000000,-201.000000000000000,311.875850000000014,0.000000000000000,0.000000000000000
22.836000,-2,-650.000000000000000,-500.000000000000000,-201.000000000000000,313.947080000000028,0.000000000000000,0.000000000000000
22.840000,-2,-650.000000000000000,-500.000000000000000,-201.000000000000000,315.972230000000025,0.000000000000000,0.000000000000000
22.844000,-2,-650.000000000000000,-500.000000000000000,-201.000000000000000,317.951300000000003,0.000000000000000,0.000000000000000
22.848000,-2,-650.000000000000000,-500.000000000000000,-201.000000000000000,319.884290000000021,0.000000000000000,0.000000000000000
22.852000,-2,-650.000000000000000,-500.000000000000000,-201.000000000000000,321.771200000000022,0.000000000000000,0.000000000000000
22.856000,-2,-650.000000000000000,-500.000000000000000,-201.000000000000000,323.612030000000004,0.000000000000000,0.000000000000000
22.860000,-2,-650.000000000000000,-500.000000000000000,-201.000000000000000,325.406780000000026,0.000000000000000,0.000000000000000
22.864000,-2,-650.000000000000000,-500.000000000000000,-201.000000000000000,327.155449999999973,0.000000000000000,0.000000000000000
22.868000,-2,-650.000000000000000,-500.000000000000000,-201.000000000000000,328.858040000000017,0.000000000000000,0.000000000000000
22.872000,-2,-650.000000000000000,-500.000000000000000,-201.000000000000000,330.514560000000017,0.000000000000000,0.000000000000000
22.876000,-2,-650.000000000000000,-500.000000000000000,-201.000000000000000,332.124990000000025,0.000000000000000,0.000000000000000
22.880000,-2,-650.000000000000000,-500.000000000000000,-201.000000000000000,333.689340000000016,0.000000000000000,0.000000000000000
22.884000,-2,-650.000000000000000,-500.000000000000000,-201.000000000000000,335.207609999999988,0.000000000000000,0.000000000000000
22.888000,-2,-650.000000000000000,-500.000000000000000,-201.000000000000000,336.679800000000000,0.000000000000000,0.000000000000000
22.892000,-2,-650.000000000000000,-500.000000000000000,-201.000000000000000,338.105909999999994,0.000000000000000,0.000000000000000
22.896000,-2,-650.000000000000000,-500.000000000000000,-201.000000000000000,339.485940000000028,0.000000000000000,0.000000000000000
22.900000,-2,-650.000000000000000,-500.000000000000000,-201.000000000000000,340.819889999999987,0.000000000000000,0.000000000000000
22.904000,-2,-650.000000000000000,-500.000000000000000,-201.000000000000000,342.107759999999985,0.000000000000000,0.000000000000000
22.908000,-2,-650.000000000000000,-500.000000000000000,-201.000000000000000,343.349550000000022,0.000000000000000,0.000000000000000
22.912000,-2,-650.000000000000000,-500.000000000000000,-201.000000000000000,344.545259999999985,0.000000000000000,0.000000000000000
22.916000,-2,-650.000000000000000,-500.000000000000000,-201.000000000000000,345.694889999999987,0.000000000000000,0.000000000000000
22.920000,-2,-650.000000000000000,-500.000000000000000,-201.000000000000000,346.798440000000028,0.000000000000000,0.000000000000000
22.924000,-2,-650.000000000000000,-500.000000000000000,-201.000000000000000,347.855909999999994,0.000000000000000,0.000000000000000
22.928000,-2,-650.000000000000000,-500.000000000000000,-201.000000000000000,348.867309999999975,0.000000000000000,0.000000000000000
22.932000,-2,-650.000000000000000,-500.000000000000000,-201.000000000000000,349.832620000000020,0.000000000000000,0.000000000000000
22.936000,-2,-650.000000000000000,-500.000000000000000,-201.000000000000000,350.751849999999990,0.000000000000000,0.000000000000000
22.940000,-2,-650.000000000000000,-500.000000000000000,-201.000000000000000,351.625000000000000,0.000000000000000,0.000000000000000
22.944000,-2,-650.000000000000000,-500.000000000000000,-201.000000000000000,352.452069999999992,0.000000000000000,0.000000000000000
22.948000,-2,-650.000000000000000,-500.000000000000000,-201.000000000000000,353.233060000000023,0.000000000000000,0.000000000000000
22.952000,-2,-650.000000000000000,-500.000000000000000,-201.000000000000000,353.967969999999980,0.000000000000000,0.000000000000000
22.956000,-2,-650.000000000000000,-500.000000000000000,-201.000000000000000,354.656799999999976,0.000000000000000,0.000000000000000
22.960000,-2,-650.000000000000000,-500.000000000000000,-201.000000000000000,355.299550000000011,0.000000000000000,0.000000000000000
22.964000,-2,-650.000000000000000,-500.000000000000000,-201.000000000000000,355.896220000000028,0.000000000000000,0.000000000000000
22.968000,-2,-650.000000000000000,-500.000000000000000,-201.000000000000000,356.446810000000028,0.000000000000000,0.000000000000000
22.972000,-2,-650.000000000000000,-500.000000000000000,-201.000000000000000,356.951320000000010,0.000000000000000,0.000000000000000
22.976000,-2,-650.000000000000000,-500.000000000000000,-201.000000000000000,357.409749999999974,0.000000000000000,0.000000000000000
22.980000,-2,-650.000000000000000,-500.000000000000000,-201.000000000000000,357.822099999999978,0.000000000000000,0.000000000000000
22.984000,-2,-650.000000000000000,-500.000000000000000,-201.000000000000000,358.188690000000008,0.000000000000000,0.000000000000000
22.988000,-2,-650.000000000000000,-500.000000000000000,-201.000000000000000,358.511649999999975,0.000000000000000,0.000000000000000
22.992000,-2,-650.000000000000000,-500.000000000000000,-201.000000000000000,358.793740000000014,0.000000000000000,0.000000000000000
22.996000,-2,-650.000000000000000,-500.000000000000000,-201.000000000000000,359.037719999999979,0.000000000000000,0.000000000000000
23.000000,-2,-650.000000000000000,-500.000000000000000,-201.000000000000000,359.246370000000013,0.000000000000000,0.000000000000000
23.004000,-2,-650.000000000000000,-500.000000000000000,-201.000000000000000,359.422439999999995,0.000000000000000,0.000000000000000
23.008000,-2,-650.000000000000000,-500.000000000000000,-201.000000000000000,359.568699999999978,0.000000000000000,0.000000000000000
23.012000,-2,-650.000000000000000,-500.000000000000000,-201.000000000000000,359.687909999999988,0.000000000000000,0.000000000000000
23.016000,-2,-650.000000000000000,-500.000000000000000,-201.000000000000000,359.782840000000022,0.000000000000000,0.000000000000000
23.020000,-2,-650.000000000000000,-500.000000000000000,-201.000000000000000,359.856260000000020,0.000000000000000,0.000000000000000
23.024000,-2,-650.000000000000000,-500.000000000000000,-201.000000000000000,359.910930000000008,0.000000000000000,0.000000000000000
23.028000,-2,-650.000000000000000,-500.000000000000000,-201.000000000000000,359.949610000000007,0.000000000000000,0.000000000000000
23.032000,-2,-650.000000000000000,-500.000000000000000,-201.000000000000000,359.975070000000017,0.000000000000000,0.000000000000000
23.036000,-2,-650.000000000000000,-500.000000000000000,-201.000000000000000,359.990079999999978,0.000000000000000,0.000000000000000
23.040000,-2,-650.000000000000000,-500.000000000000000,-201.000000000000000,359.997389999999996,0.000000000000000,0.000000000000000
23.044000,-2,-650.000000000000000,-500.000000000000000,-201.000000000000000,359.999779999999987,0.000000000000000,0.000000000000000
23.048000,-2,-650.000000000000000,-500.000000000000000,-201.000000000000000,0.000000000000000,0.000000000000000,0.000000000000000
23.052000,-2,-650.000000000000000,-500.000000000000000,-201.000000000000000,0.000000000000000,0.000000000000000,0.000000000000000
23.056000,-2,-650.000000000000000,-500.000000000000000,-201.000000000000000,0.000000000000000,0.000000000000000,0.000000000000000
23.060000,-2,-650.000000000000000,-500.000000000000000,-201.000000000000000,0.000000000000000,0.000000000000000,0.000000000000000
23.064000,-2,-650.000000000000000,-500.000000000000000,-201.000000000000000,0.000000000000000,0.000000000000000,0.000000000000000
23.068000,-2,-650.000000000000000,-500.000000000000000,-201.000000000000000,0.000000000000000,0.000000000000000,0.000000000000000
23.072000,-2,-650.000000000000000,-500.000000000000000,-201.000000000000000,0.000000000000000,0.000000000000000,0.000000000000000
23.076000,-2,-650.000000000000000,-500.000000000000000,-201.000000000000000,0.000000000000000,0.000000000000000,0.000000000000000
23.080000,-2,-650.000000000000000,-500.000000000000000,-201.000000000000000,0.000000000000000,0.000000000000000,0.000000000000000
23.084000,-2,-650.000000000000000,-500.000000000000000,-201.000000000000000,0.000000000000000,0.000000000000000,0.000000000000000
23.088000,-2,-650.000000000000000,-500.000000000000000,-201.000000000000000,0.000000000000000,0.000000000000000,0.000000000000000
23.092000,-2,-650.000000000000000,-500.000000000000000,-201.000000000000000,0.000000000000000,0.000000000000000,0.000000000000000
23.096000,-2,-650.000000000000000,-500.000000000000000,-201.000000000000000,0.000000000000000,0.000000000000000,0.000000000000000
23.100000,-2,-650.000000000000000,-500.000000000000000,-201.000000000000000,0.000000000000000,0.000000000000000,0.000000000000000
23.104000,-2,-650.000000000000000,-500.000000000000000,-201.000000000000000,0.000000000000000,0.000000000000000,0.000000000000000
23.108000,-2,-650.000000000000000,-500.000000000000000,-201.000000000000000,0.000000000000000,0.000000000000000,0.000000000000000
23.112000,-2,-650.000000000000000,-500.000000000000000,-201.000000000000000,0.000000000000000,0.000000000000000,0.000000000000000
23.116000,-2,-650.000000000000000,-500.000000000000000,-201.000000000000000,0.000000000000000,0.000000000000000,0.000000000000000
23.120000,-2,-650.000000000000000,-500.000000000000000,-201.000000000000000,0.000000000000000,0.000000000000000,0.000000000000000
23.124000,-2,-650.000000000000000,-500.000000000000000,-201.000000000000000,0.000000000000000,0.000000000000000,0.000000000000000
23.128000,-2,-650.000000000000000,-500.000000000000000,-201.000000000000000,0.000000000000000,0.000000000000000,0.000000000000000
23.132000,-2,-650.000000000000000,-500.000000000000000,-201.000000000000000,0.000000000000000,0.000000000000000,0.000000000000000
23.136000,-2,-650.000000000000000,-500.000000000000000,-201.000000000000000,0.000000000000000,0.000000000000000,0.000000000000000
23.140000,-2,-650.000000000000000,-500.000000000000000,-201.000000000000000,0.000000000000000,0.000000000000000,0.000000000000000
23.144000,-2,-650.000000000000000,-500.000000000000000,-201.000000000000000,0.000000000000000,0.000000000000000,0.000000000000000
23.148000,-2,-650.000000000000000,-500.000000000000000,-201.000000000000000,0.000000000000000,0.000000000000000,0.000000000000000
23.152000,-2,-650.000000000000000,-500.000000000000000,-201.000000000000000,0.000000000000000,0.000000000000000,0.000000000000000
23.156000,-2,-650.000000000000000,-500.000000000000000,-201.000000000000000,0.000000000000000,0.000000000000000,0.000000000000000
23.160000,-2,-650.000000000000000,-500.000000000000000,-201.000000000000000,0.000000000000000,0.000000000000000,0.000000000000000
23.164000,-2,-650.000000000000000,-500.000000000000000,-201.000000000000000,0.000000000000000,0.000000000000000,0.000000000000000
23.168000,-2,-650.000000000000000,-500.000000000000000,-201.000000000000000,0.000000000000000,0.000000000000000,0.000000000000000
23.172000,-2,-650.000000000000000,-500.000000000000000,-201.000000000000000,0.000000000000000,0.000000000000000,0.000000000000000
23.176000,-2,-650.000000000000000,-500.000000000000000,-201.000000000000000,0.000000000000000,0.000000000000000,0.000000000000000
23.180000,-2,-650.000000000000000,-500.000000000000000,-201.000000000000000,0.000000000000000,0.000000000000000,0.000000000000000
23.184000,-2,-650.000000000000000,-500.000000000000000,-201.000000000000000,0.000000000000000,0.000000000000000,0.000000000000000
23.188000,-2,-650.000000000000000,-500.000000000000000,-201.000000000000000,0.000000000000000,0.000000000000000,0.000000000000000
23.192000,-2,-650.000000000000000,-500.000000000000000,-201.000000000000000,0.000000000000000,0.000000000000000,0.000000000000000
23.196000,-2,-650.000000000000000,-500.000000000000000,-201.000000000000000,0.000000000000000,0.000000000000000,0.000000000000000
23.200000,-2,-650.000000000000000,-500.000000000000000,-201.000000000000000,0.000000000000000,0.000000000000000,0.000000000000000
23.204000,-2,-650.000000000000000,-500.000000000000000,-201.000000000000000,0.000000000000000,0.000000000000000,0.000000000000000
23.208000,-2,-650.000000000000000,-500.000000000000000,-201.000000000000000,0.000000000000000,0.000000000000000,0.000000000000000
23.212000,-2,-650.000000000000000,-500.000000000000000,-201.000000000000000,0.000000000000000,0.000000000000000,0.000000000000000
23.216000,-2,-650.000000000000000,-500.000000000000000,-201.000000000000000,0.000000000000000,0.000000000000000,0.000000000000000
23.220000,-2,-650.000000000000000,-500.000000000000000,-201.000000000000000,0.000000000000000,0.000000000000000,0.000000000000000
23.224000,-2,-650.000000000000000,-500.000000000000000,-201.000000000000000,0.000000000000000,0.000000000000000,0.000000000000000
23.228000,-2,-650.000000000000000,-500.000000000000000,-201.000000000000000,0.000000000000000,0.000000000000000,0.000000000000000
23.232000,-2,-650.000000000000000,-500.000000000000000,-201.000000000000000,0.000000000000000,0.000000000000000,0.000000000000000
23.236000,-2,-650.000000000000000,-500.000000000000000,-201.000000000000000,0.000000000000000,0.000000000000000,0.000000000000000
23.240000,-2,-650.000000000000000,-500.000000000000000,-201.000000000000000,0.000000000000000,0.000000000000000,0.000000000000000
23.244000,65,-650.000000000000000,-500.000000000000000,-201.000000000000000,0.000000000000000,0.000000000000000,0.000000000000000
23.248000,65,-650.000000000000000,-500.000000000000000,-201.000000000000000,0.000000000000000,0.000000000000000,0.000000000000000
23.252000,65,-650.000000000000000,-500.000000000000000,-201.000000000000000,0.000000000000000,0.000000000000000,0.000000000000000
23.256000,65,-650.000000000000000,-500.000000000000000,-201.000000000000000,0.000000000000000,0.000000000000000,0.000000000000000
23.260000,65,-650.000000000000000,-500.000000000000000,-201.000000000000000,0.000000000000000,0.000000000000000,0.000000000000000
23.264000,65,-650.000000000000000,-500.000000000000000,-201.000000000000000,0.000000000000000,0.000000000000000,0.000000000000000
23.268000,2,-650.000000000000000,-500.000000000000000,-201.000000000000000,0.000000000000000,0.000000000000000,0.000000000000000
23.272000,2,-650.000000000000000,-500.000000000000000,-201.000000000000000,0.000000000000000,0.000000000000000,0.000000000000000
23.276000,2,-650.000000000000000,-500.000000000000000,-201.000000000000000,0.000000000000000,0.000000000000000,0.000000000000000
23.280000,2,-650.000000000000000,-500.000000000000000,-201.000000000000000,0.000000000000000,0.000000000000000,0.000000000000000
23.284000,2,-650.000000000000000,-500.000000000000000,-201.000000000000000,0.000000000000000,0.000000000000000,0.000000000000000
23.288000,2,-650.000000000000000,-500.000000000000000,-201.000000000000000,0.000000000000000,0.000000000000000,0.000000000000000
23.292000,2,-650.000000000000000,-500.000000000000000,-201.000000000000000,0.000000000000000,0.000000000000000,0.000000000000000
23.296000,2,-650.000000000000000,-500.000000000000000,-201.000000000000000,0.000000000000000,0.000000000000000,0.000000000000000
23.300000,2,-650.000000000000000,-500.000000000000000,-201.000000000000000,0.000000000000000,0.000000000000000,0.000000000000000
23.304000,2,-650.000000000000000,-500.000000000000000,-201.000000000000000,0.000000000000000,0.000000000000000,0.000000000000000
23.308000,2,-650.000000000000000,-500.000000000000000,-201.000000000000000,0.000000000000000,0.000000000000000,0.000000000000000
23.312000,2,-650.000000000000000,-500.000000000000000,-201.000000000000000,0.000000000000000,0.000000000000000,0.000000000000000
23.316000,0,-650.000000000000000,-500.000000000000000,-201.000000000000000,0.000000000000000,0.000000000000000,0.000000000000000
23.320000,0,-650.000000000000000,-500.000000000000000,-201.000000000000000,0.000000000000000,0.000000000000000,0.000000000000000
23.324000,0,-650.000000000000000,-500.000000000000000,-201.000000000000000,0.000000000000000,0.000000000000000,0.000000000000000
23.328000,0,-650.000000000000000,-500.000000000000000,-201.000000000000000,0.000000000000000,0.000000000000000,0.000000000000000
23.332000,0,-650.000000000000000,-500.000000000000000,-201.000000000000000,0.000000000000000,0.000000000000000,0.000000000000000
23.336000,0,-650.000000000000000,-500.000000000000000,-201.000000000000000,0.000000000000000,0.000000000000000,0.000000000000000
23.340000,0,-650.000000000000000,-500.000000000000000,-201.000000000000000,0.000000000000000,0.000000000000000,0.000000000000000
23.344000,0,-650.000000000000000,-500.000000000000000,-201.000000000000000,0.000000000000000,0.000000000000000,0.000000000000000
23.348000,0,-650.000000000000000,-500.000000000000000,-201.000000000000000,0.000000000000000,0.000000000000000,0.000000000000000
23.352000,1,-650.000000000000000,-500.000000000000000,-201.000000000000000,0.000000000000000,0.000000000000000,0.000000000000000
23.356000,1,-650.000000000000000,-500.000000000000000,-201.000000000000000,0.000000000000000,0.000000000000000,0.000000000000000
23.360000,1,-650.000000000000000,-500.000000000000000,-201.000000000000000,0.000000000000000,0.000000000000000,0.000000000000000
23.364000,1,-650.000000000000000,-500.000000000000000,-201.000000000000000,0.000000000000000,0.000000000000000,0.000000000000000
23.368000,1,-650.000000000000000,-500.000000000000000,-201.000000000000000,0.000000000000000,0.000000000000000,0.000000000000000
23.372000,1,-650.000000000000000,-500.000000000000000,-201.000000000000000,0.000000000000000,0.000000000000000,0.000000000000000
23.376000,1,-650.000000000000000,-500.000000000000000,-201.000000000000000,0.000000000000000,0.000000000000000,0.000000000000000
23.380000,1,-650.000000000000000,-500.000000000000000,-201.000000000000000,0.000000000000000,0.000000000000000,0.000000000000000
23.384000,0,-650.000000000000000,-500.000000000000000,-201.000000000000000,0.000000000000000,0.000000000000000,0.000000000000000
23.388000,0,-650.000000000000000,-500.000000000000000,-201.000000000000000,0.000000000000000,0.000000000000000,0.000000000000000
23.392000,0,-650.000000000000000,-500.000000000000000,-201.000000000000000,0.000000000000000,0.000000000000000,0.000000000000000
23.396000,0,-650.000000000000000,-500.000000000000000,-201.000000000000000,0.000000000000000,0.000000000000000,0.000000000000000
23.400000,0,-650.000000000000000,-500.000000000000000,-201.000000000000000,0.000000000000000,0.000000000000000,0.000000000000000
23.404000,-2,-650.000000000000000,-500.000000000000000,-201.000000000000000,0.000000000000000,0.000000000000000,0.000000000000000
23.408000,-2,-650.000000000000000,-500.000000000000000,-201.000000000000000,0.000000000000000,0.000000000000000,0.000000000000000
23.412000,-2,-650.000000000000000,-500.000000000000000,-201.000000000000000,0.000000000000000,0.000000000000000,0.000000000000000
23.416000,-2,-650.000000000000000,-500.000000000000000,-201.000000000000000,0.000000000000000,0.000000000000000,0.000000000000000
23.420000,-2,-650.000000000000000,-500.000000000000000,-201.000000000000000,0.000000000000000,0.000000000000000,0.000000000000000
23.424000,-2,-650.000000000000000,-500.000000000000000,-201.000000000000000,0.000000000000000,0.000000000000000,0.000000000000000
23.428000,-2,-650.000000000000000,-500.000000000000000,-201.000000000000000,0.000000000000000,0.000000000000000,0.000000000000000
23.432000,-2,-650.000000000000000,-500.000000000000000,-201.000000000000000,0.000000000000000,0.000000000000000,0.000000000000000
23.436000,-2,-650.000000000000000,-500.000000000000000,-201.000000000000000,0.000000000000000,0.000000000000000,0.000000000000000
23.440000,-2,-650.000000000000000,-500.000000000000000,-201.000000000000000,0.000000000000000,0.000000000000000,0.000000000000000
23.444000,-2,-650.000000000000000,-500.000000000000000,-201.000000000000000,0.000000000000000,0.000000000000000,0.000000000000000
23.448000,-2,-650.000000000000000,-500.000000000000000,-201.000000000000000,0.000000000000000,0.000000000000000,0.000000000000000
23.452000,-2,-650.000000000000000,-500.000000000000000,-201.000000000000000,0.000000000000000,0.000000000000000,0.000000000000000
23.456000,-2,-650.000000000000000,-500.000000000000000,-201.000000000000000,0.000000000000000,0.000000000000000,0.000000000000000
23.460000,-2,-650.000000000000000,-500.000000000000000,-201.000000000000000,0.000000000000000,0.000000000000000,0.000000000000000
23.464000,-2,-650.000000000000000,-500.000000000000000,-201.000000000000000,0.000000000000000,0.000000000000000,0.000000000000000
23.468000,-2,-650.000000000000000,-500.000000000000000,-201.000000000000000,0.000000000000000,0.000000000000000,0.000000000000000
23.472000,-2,-650.000000000000000,-500.000000000000000,-201.000000000000000,0.000000000000000,0.000000000000000,0.000000000000000
23.476000,-2,-650.000000000000000,-500.000000000000000,-201.000000000000000,0.000000000000000,0.000000000000000,0.000000000000000
23.480000,-2,-650.000000000000000,-500.000000000000000,-201.000000000000000,0.000000000000000,0.000000000000000,0.000000000000000
23.484000,-2,-650.000000000000000,-500.000000000000000,-201.000000000000000,0.000000000000000,0.000000000000000,0.000000000000000
23.488000,-2,-650.000000000000000,-500.000000000000000,-201.000000000000000,0.000000000000000,0.000000000000000,0.000000000000000
23.492000,-2,-650.000000000000000,-500.000000000000000,-201.000000000000000,0.000000000000000,0.000000000000000,0.000000000000000
23.496000,-2,-650.000000000000000,-500.000000000000000,-201.000000000000000,0.000000000000000,0.000000000000000,0.000000000000000
23.500000,-2,-650.000000000000000,-500.000000000000000,-201.000000000000000,0.000000000000000,0.000000000000000,0.000000000000000
23.504000,-2,-650.000000000000000,-500.000000000000000,-201.000000000000000,0.000000000000000,0.000000000000000,0.000000000000000
23.508000,-2,-650.000000000000000,-500.000000000000000,-201.000000000000000,0.000000000000000,0.000000000000000,0.000000000000000
23.512000,-2,-650.000000000000000,-500.000000000000000,-201.000000000000000,0.000000000000000,0.000000000000000,0.000000000000000
23.516000,-2,-650.000000000000000,-500.000000000000000,-201.000000000000000,0.000000000000000,0.000000000000000,0.000000000000000
23.520000,-2,-650.000000000000000,-500.000000000000000,-201.000000000000000,0.000000000000000,0.000000000000000,0.000000000000000
23.524000,-2,-650.000000000000000,-500.000000000000000,-201.000000000000000,0.000000000000000,0.000000000000000,0.000000000000000
23.528000,-2,-650.000000000000000,-500.000000000000000,-201.000000000000000,0.000000000000000,0.000000000000000,0.000000000000000
23.532000,-2,-650.000000000000000,-500.000000000000000,-201.000000000000000,0.000000000000000,0.000000000000000,0.000000000000000
23.536000,-2,-650.000000000000000,-500.000000000000000,-201.000000000000000,0.000000000000000,0.000000000000000,0.000000000000000
23.540000,0,-650.000000000000000,-500.000000000000000,-201.000000000000000,0.000000000000000,0.000000000000000,0.000000000000000
23.544000,0,-650.000000000000000,-500.000000000000000,-201.000000000000000,0.000000000000000,0.000000000000000,0.000000000000000
23.548000,0,-650.000000000000000,-500.000000000000000,-201.000000000000000,0.000000000000000,0.000000000000000,0.000000000000000
23.552000,0,-650.000000000000000,-500.000000000000000,-201.000000000000000,0.000000000000000,0.000000000000000,0.000000000000000
23.556000,0,-650.000000000000000,-500.000000000000000,-201.000000000000000,0.000000000000000,0.000000000000000,0.000000000000000
23.560000,0,-650.000000000000000,-500.000000000000000,-201.000000000000000,0.000000000000000,0.000000000000000,0.000000000000000
23.564000,0,-650.000000000000000,-500.000000000000000,-201.000000000000000,0.000000000000000,0.000000000000000,0.000000000000000
23.568000,0,-650.000000000000000,-500.000000000000000,-201.000000000000000,0.000000000000000,0.000000000000000,0.000000000000000
23.572000,0,-650.000000000000000,-500.000000000000000,-201.000000000000000,0.000000000000000,0.000000000000000,0.000000000000000
23.576000,1,-650.000000000000000,-500.000000000000000,-201.000000000000000,0.000000000000000,0.000000000000000,0.000000000000000
23.580000,1,-650.000000000000000,-500.000000000000000,-201.000000000000000,0.000000000000000,0.000000000000000,0.000000000000000
23.584000,1,-650.000000000000000,-500.000000000000000,-201.000000000000000,0.000000000000000,0.000000000000000,0.000000000000000
23.588000,1,-650.000000000000000,-500.000000000000000,-201.000000000000000,0.000000000000000,0.000000000000000,0.000000000000000
23.592000,1,-650.000000000000000,-500.000000000000000,-201.000000000000000,0.000000000000000,0.000000000000000,0.000000000000000
23.596000,1,-650.000000000000000,-500.000000000000000,-201.000000000000000,0.000000000000000,0.000000000000000,0.000000000000000
23.600000,1,-650.000000000000000,-500.000000000000000,-201.000000000000000,0.000000000000000,0.000000000000000,0.000000000000000
23.604000,1,-650.000000000000000,-500.000000000000000,-201.000000000000000,0.000000000000000,0.000000000000000,0.000000000000000
23.608000,0,-650.000000000000000,-500.000000000000000,-201.000000000000000,0.000000000000000,0.000000000000000,0.000000000000000
23.612000,0,-650.000000000000000,-500.000000000000000,-201.000000000000000,0.000000000000000,0.000000000000000,0.000000000000000
23.616000,0,-650.000000000000000,-500.000000000000000,-201.000000000000000,0.000000000000000,0.000000000000000,0.000000000000000
23.620000,0,-650.000000000000000,-500.000000000000000,-201.000000000000000,0.000000000000000,0.000000000000000,0.000000000000000
23.624000,0,-650.000000000000000,-500.000000000000000,-201.000000000000000,0.000000000000000,0.000000000000000,0.000000000000000
23.628000,0,-650.000000000000000,-500.000000000000000,-201.000000000000000,0.000000000000000,0.000000000000000,0.000000000000000
23.632000,0,-650.000000000000000,-500.000000000000000,-201.000000000000000,0.000000000000000,0.000000000000000,0.000000000000000
23.636000,0,-650.000000000000000,-500.000000000000000,-201.000000000000000,0.000000000000000,0.000000000000000,0.000000000000000
23.640000,0,-650.000000000000000,-500.000000000000000,-201.000000000000000,0.000000000000000,0.000000000000000,0.000000000000000
23.644000,0,-650.000000000000000,-500.000000000000000,-201.000000000000000,0.000000000000000,0.000000000000000,0.000000000000000
23.648000,0,-650.000000000000000,-500.000000000000000,-201.000000000000000,0.000000000000000,0.000000000000000,0.000000000000000
23.652000,0,-650.000000000000000,-500.000000000000000,-201.000000000000000,0.000000000000000,0.000000000000000,0.000000000000000
23.656000,0,-650.000000000000000,-500.000000000000000,-201.000000000000000,0.000000000000000,0.000000000000000,0.000000000000000
23.660000,0,-650.000000000000000,-500.000000000000000,-201.000000000000000,0.000000000000000,0.000000000000000,0.000000000000000
23.664000,0,-650.000000000000000,-500.000000000000000,-201.000000000000000,0.000000000000000,0.000000000000000,0.000000000000000
23.668000,0,-650.000000000000000,-500.000000000000000,-201.000000000000000,0.000000000000000,0.000000000000000,0.000000000000000
23.672000,0,-650.000000000000000,-500.000000000000000,-201.000000000000000,0.000000000000000,0.000000000000000,0.000000000000000
23.676000,0,-650.000000000000000,-500.000000000000000,-201.000000000000000,0.000000000000000,0.000000000000000,0.000000000000000
23.680000,0,-650.000000000000000,-500.000000000000000,-201.000000000000000,0.000000000000000,0.000000000000000,0.000000000000000
23.684000,0,-650.000000000000000,-500.000000000000000,-201.000000000000000,0.000000000000000,0.000000000000000,0.000000000000000
23.688000,0,-650.000000000000000,-500.000000000000000,-201.000000000000000,0.000000000000000,0.000000000000000,0.000000000000000
23.692000,0,-650.000000000000000,-500.000000000000000,-201.000000000000000,0.000000000000000,0.000000000000000,0.000000000000000
23.696000,0,-650.000000000000000,-500.000000000000000,-201.000000000000000,0.000000000000000,0.000000000000000,0.000000000000000
23.700000,0,-650.000000000000000,-500.000000000000000,-201.000000000000000,0.000000000000000,0.000000000000000,0.000000000000000
23.704000,0,-650.000000000000000,-500.000000000000000,-201.000000000000000,0.000000000000000,0.000000000000000,0.000000000000000
23.708000,0,-650.000000000000000,-500.000000000000000,-201.000000000000000,0.000000000000000,0.000000000000000,0.000000000000000
23.712000,0,-650.000000000000000,-500.000000000000000,-201.000000000000000,0.000000000000000,0.000000000000000,0.000000000000000
23.716000,0,-650.000000000000000,-500.000000000000000,-201.000000000000000,0.000000000000000,0.000000000000000,0.000000000000000
23.720000,0,-650.000000000000000,-500.000000000000000,-201.000000000000000,0.000000000000000,0.000000000000000,0.000000000000000
23.724000,0,-650.000000000000000,-500.000000000000000,-201.000000000000000,0.000000000000000,0.000000000000000,0.000000000000000
23.728000,0,-650.000000000000000,-500.000000000000000,-201.000000000000000,0.000000000000000,0.000000000000000,0.000000000000000
23.732000,0,-650.000000000000000,-500.000000000000000,-201.000000000000000,0.000000000000000,0.000000000000000,0.000000000000000
23.736000,0,-650.000000000000000,-500.000000000000000,-201.000000000000000,0.000000000000000,0.000000000000000,0.000000000000000
23.740000,0,-650.000000000000000,-500.000000000000000,-201.000000000000000,0.000000000000000,0.000000000000000,0.000000000000000
23.744000,0,-650.000000000000000,-500.000000000000000,-201.000000000000000,0.000000000000000,0.000000000000000,0.000000000000000
23.748000,0,-650.000000000000000,-500.000000000000000,-201.000000000000000,0.000000000000000,0.000000000000000,0.000000000000000
23.752000,0,-650.000000000000000,-500.000000000000000,-201.000000000000000,0.000000000000000,0.000000000000000,0.000000000000000
23.756000,0,-650.000000000000000,-500.000000000000000,-201.000000000000000,0.000000000000000,0.000000000000000,0.000000000000000
23.760000,0,-650.000000000000000,-500.000000000000000,-201.000000000000000,0.000000000000000,0.000000000000000,0.000000000000000
23.764000,0,-650.000000000000000,-500.000000000000000,-201.000000000000000,0.000000000000000,0.000000000000000,0.000000000000000
23.768000,0,-650.000000000000000,-500.000000000000000,-201.000000000000000,0.000000000000000,0.000000000000000,0.000000000000000
23.772000,0,-650.000000000000000,-500.000000000000000,-201.000000000000000,0.000000000000000,0.000000000000000,0.000000000000000
23.776000,0,-650.000000000000000,-500.000000000000000,-201.000000000000000,0.000000000000000,0.000000000000000,0.000000000000000
23.780000,0,-650.000000000000000,-500.000000000000000,-201.000000000000000,0.000000000000000,0.000000000000000,0.000000000000000
23.784000,0,-650.000000000000000,-500.000000000000000,-201.000000000000000,0.000000000000000,0.000000000000000,0.000000000000000
23.788000,0,-650.000000000000000,-500.000000000000000,-201.000000000000000,0.000000000000000,0.000000000000000,0.000000000000000
23.792000,0,-650.000000000000000,-500.000000000000000,-201.000000000000000,0.000000000000000,0.000000000000000,0.000000000000000
23.796000,0,-650.000000000000000,-500.000000000000000,-201.000000000000000,0.000000000000000,0.000000000000000,0.000000000000000
23.800000,0,-650.000000000000000,-500.000000000000000,-201.000000000000000,0.000000000000000,0.000000000000000,0.000000000000000
23.804000,0,-650.000000000000000,-500.000000000000000,-201.000000000000000,0.000000000000000,0.000000000000000,0.000000000000000
23.808000,0,-650.000000000000000,-500.000000000000000,-201.000000000000000,0.000000000000000,0.000000000000000,0.000000000000000
23.812000,0,-650.000000000000000,-500.000000000000000,-201.000000000000000,0.000000000000000,0.000000000000000,0.000000000000000
23.816000,0,-650.000000000000000,-500.000000000000000,-201.000000000000000,0.000000000000000,0.000000000000000,0.000000000000000
23.820000,0,-650.000000000000000,-500.000000000000000,-201.000000000000000,0.000000000000000,0.000000000000000,0.000000000000000
