Block_ID,N_Number,Cmd_F,Cmd_S,Is_G01,Is_G02,Is_G03,Is_Traori,Is_Cycle800,Is_MCALL_Sub,C832_Tol,C832_Mode,Tgt_X,Tgt_Y,Tgt_Z,Tgt_B,Tgt_C,Delta_3D,Delta_Rot,Tool_Vector_Delta,Kinematic_Blend_Ratio,Sharpness_Angle,Is_Motion_Block,Is_Reversal_X,Is_Reversal_Y,Is_Reversal_Z,Theo_Duration,Duration_Sec,Target_Feedrate
1,1,1000.0,0.0,1,0,0,0,0,0,0.1,0,0.0,0.0,0.0,0.0,0.0,0.0,0.0,0.0,0.0,0.0,0,0,0,0,0.0,0.0,1000.0
2,2,1000.0,0.0,1,0,0,0,0,0,0.1,0,0.0,0.0,0.0,0.0,0.0,0.0,0.0,0.0,0.0,0.0,0,0,0,0,0.0,0.0,1000.0
3,3,1000.0,0.0,1,0,0,0,0,0,0.1,0,0.0,0.0,0.0,0.0,0.0,0.0,0.0,0.0,0.0,0.0,0,0,0,0,0.0,0.0,1000.0
4,4,1000.0,0.0,1,0,0,0,0,0,0.1,0,0.0,0.0,0.0,0.0,0.0,0.0,0.0,0.0,0.0,0.0,0,0,0,0,0.0,0.0,1000.0
5,5,1000.0,0.0,1,0,0,0,0,0,0.1,0,0.0,0.0,0.0,0.0,0.0,0.0,0.0,0.0,0.0,0.0,0,0,0,0,0.0,0.0,1000.0
6,6,1000.0,0.0,1,0,0,0,0,0,0.1,0,0.0,0.0,0.0,0.0,0.0,0.0,0.0,0.0,0.0,0.0,0,0,0,0,0.0,0.0,1000.0
7,7,1000.0,0.0,1,0,0,0,0,0,0.1,0,0.0,0.0,0.0,0.0,0.0,0.0,0.0,0.0,0.0,0.0,0,0,0,0,0.0,0.0,1000.0
8,8,1000.0,0.0,1,0,0,0,0,0,0.1,0,0.0,0.0,0.0,0.0,0.0,0.0,0.0,0.0,0.0,0.0,0,0,0,0,0.0,0.0,1000.0
9,9,1000.0,0.0,1,0,0,0,0,0,0.1,0,0.0,0.0,0.0,0.0,0.0,0.0,0.0,0.0,0.0,0.0,0,0,0,0,0.0,0.0,1000.0
10,10,1000.0,0.0,1,0,0,0,0,0,0.1,0,0.0,0.0,0.0,0.0,0.0,0.0,0.0,0.0,0.0,0.0,0,0,0,0,0.0,0.0,1000.0
11,11,1000.0,0.0,1,0,0,0,0,0,0.1,0,0.0,0.0,0.0,0.0,0.0,0.0,0.0,0.0,0.0,0.0,0,0,0,0,0.0,0.0,1000.0
12,12,1000.0,0.0,1,0,0,0,0,0,0.1,0,0.0,0.0,0.0,0.0,0.0,0.0,0.0,0.0,0.0,0.0,0,0,0,0,0.0,0.0,1000.0
13,13,1000.0,0.0,1,0,0,0,0,0,0.1,0,0.0,0.0,0.0,0.0,0.0,0.0,0.0,0.0,0.0,0.0,0,0,0,0,0.0,0.0,1000.0
14,14,1000.0,0.0,1,0,0,0,0,0,0.1,0,0.0,0.0,0.0,0.0,0.0,0.0,0.0,0.0,0.0,0.0,0,0,0,0,0.0,0.0,1000.0
15,15,1000.0,0.0,1,0,0,0,0,0,0.1,0,0.0,0.0,0.0,0.0,0.0,0.0,0.0,0.0,0.0,0.0,0,0,0,0,0.0,0.0,1000.0
16,16,1000.0,0.0,1,0,0,0,0,0,0.1,0,0.0,0.0,0.0,0.0,0.0,0.0,0.0,0.0,0.0,0.0,0,0,0,0,0.0,0.0,1000.0
17,17,1000.0,0.0,1,0,0,0,0,0,0.1,0,0.0,0.0,0.0,0.0,0.0,0.0,0.0,0.0,0.0,0.0,0,0,0,0,0.0,0.0,1000.0
18,18,20000.0,0.0,0,0,0,0,0,0,0.1,0,0.0,0.0,-1.0,0.0,0.0,1.0,0.0,0.0,0.0,0.0,1,0,0,0,0.003,0.004,15000.0
19,19,20000.0,0.0,0,0,0,0,0,0,0.1,0,-650.0,-500.0,-1.0,0.0,0.0,820.0609733428363,0.0,0.0,0.0,1.5707963267948966,1,0,0,0,2.460182920028509,2.460182920028509,20000.0
20,20,20000.0,0.0,0,0,0,0,0,0,0.1,0,-650.0,-500.0,-1.0,0.0,0.0,0.0,0.0,0.0,0.0,0.0,0,0,0,0,0.0,0.00013333333333333334,20000.0
21,21,20000.0,0.0,0,0,0,0,0,0,0.1,0,-650.0,-500.0,-1.0,0.0,0.0,0.0,0.0,0.0,0.0,0.0,0,0,0,0,0.0,0.00013333333333333334,20000.0
22,22,20000.0,0.0,0,0,0,0,0,0,0.1,0,-650.0,-500.0,-1.0,0.0,0.0,0.0,0.0,0.0,0.0,0.0,0,0,0,0,0.0,0.00013333333333333334,20000.0
23,23,20000.0,0.0,0,0,0,0,0,0,0.1,0,-650.0,-500.0,-1.0,0.0,0.0,0.0,0.0,0.0,0.0,0.0,0,0,0,0,0.0,0.00013333333333333334,20000.0
24,24,20000.0,0.0,0,0,0,0,0,0,0.1,0,-650.0,-500.0,-1.0,0.0,0.0,0.0,0.0,0.0,0.0,0.0,0,0,0,0,0.0,0.00013333333333333334,20000.0
25,25,20000.0,0.0,0,0,0,0,0,0,0.1,0,-650.0,-500.0,-1.0,0.0,0.0,0.0,0.0,0.0,0.0,0.0,0,0,0,0,0.0,0.00013333333333333334,20000.0
26,26,20000.0,0.0,0,0,0,0,0,0,0.1,0,-650.0,-500.0,-1.0,0.0,0.0,0.0,0.0,0.0,0.0,0.0,0,0,0,0,0.0,0.00013333333333333334,20000.0
27,27,20000.0,0.0,0,0,0,0,0,0,0.1,0,-650.0,-500.0,-1.0,0.0,0.0,0.0,0.0,0.0,0.0,0.0,0,0,0,0,0.0,0.00013333333333333334,20000.0
28,28,20000.0,0.0,0,0,0,0,0,0,0.1,0,-650.0,-500.0,-1.0,0.0,0.0,0.0,0.0,0.0,0.0,0.0,0,0,0,0,0.0,0.00013333333333333334,20000.0
29,29,20000.0,0.0,0,0,0,0,0,0,0.1,0,-650.0,-500.0,-1.0,0.0,0.0,0.0,0.0,0.0,0.0,0.0,0,0,0,0,0.0,0.00013333333333333334,20000.0
30,30,20000.0,0.0,0,0,0,0,0,0,0.1,0,-650.0,-500.0,-1.0,0.0,0.0,0.0,0.0,0.0,0.0,0.0,0,0,0,0,0.0,0.00013333333333333334,20000.0
31,31,20000.0,0.0,0,0,0,0,0,0,0.1,0,-650.0,-500.0,-1.0,0.0,0.0,0.0,0.0,0.0,0.0,0.0,0,0,0,0,0.0,0.00013333333333333334,20000.0
32,32,20000.0,0.0,0,0,0,0,0,0,0.1,0,-650.0,-500.0,-1.0,0.0,0.0,0.0,0.0,0.0,0.0,0.0,0,0,0,0,0.0,0.00013333333333333334,20000.0
33,33,20000.0,0.0,0,0,0,0,0,0,0.1,0,-650.0,-500.0,-1.0,0.0,0.0,0.0,0.0,0.0,0.0,0.0,0,0,0,0,0.0,0.00013333333333333334,20000.0
34,34,20000.0,0.0,0,0,0,0,0,0,0.1,0,-650.0,-500.0,-1.0,0.0,0.0,0.0,0.0,0.0,0.0,0.0,0,0,0,0,0.0,0.00013333333333333334,20000.0
35,35,20000.0,0.0,0,0,0,0,0,0,0.1,0,-650.0,-500.0,-1.0,0.0,0.0,0.0,0.0,0.0,0.0,0.0,0,0,0,0,0.0,0.00013333333333333334,20000.0
36,36,20000.0,0.0,0,0,0,0,0,0,0.1,0,-650.0,-500.0,-1.0,0.0,0.0,0.0,0.0,0.0,0.0,0.0,0,0,0,0,0.0,0.00013333333333333334,20000.0
37,37,20000.0,0.0,0,0,0,0,0,0,0.1,0,-650.0,-500.0,-1.0,0.0,0.0,0.0,0.0,0.0,0.0,0.0,0,0,0,0,0.0,0.00013333333333333334,20000.0
38,38,20000.0,0.0,0,0,0,0,0,0,0.1,0,-650.0,-500.0,-1.0,0.0,0.0,0.0,0.0,0.0,0.0,0.0,0,0,0,0,0.0,0.00013333333333333334,20000.0
39,39,20000.0,0.0,0,0,0,0,0,0,0.1,0,-650.0,-500.0,-1.0,0.0,0.0,0.0,0.0,0.0,0.0,0.0,0,0,0,0,0.0,0.00013333333333333334,20000.0
40,40,20000.0,0.0,0,0,0,0,0,0,0.1,0,-650.0,-500.0,-1.0,0.0,0.0,0.0,0.0,0.0,0.0,0.0,0,0,0,0,0.0,0.00013333333333333334,20000.0
41,41,20000.0,0.0,0,0,0,0,0,0,0.1,0,-650.0,-500.0,-1.0,0.0,0.0,0.0,0.0,0.0,0.0,0.0,0,0,0,0,0.0,0.00013333333333333334,20000.0
42,42,20000.0,0.0,0,0,0,0,0,0,0.1,0,-650.0,-500.0,-1.0,0.0,0.0,0.0,0.0,0.0,0.0,0.0,0,0,0,0,0.0,0.00013333333333333334,20000.0
43,43,20000.0,0.0,0,0,0,0,0,0,0.1,0,-650.0,-500.0,-1.0,0.0,0.0,0.0,0.0,0.0,0.0,0.0,0,0,0,0,0.0,0.00013333333333333334,20000.0
44,44,20000.0,0.0,0,0,0,0,0,0,0.1,0,-650.0,-500.0,-1.0,0.0,0.0,0.0,0.0,0.0,0.0,0.0,0,0,0,0,0.0,0.00013333333333333334,20000.0
45,45,20000.0,0.0,0,0,0,0,0,0,0.1,0,-650.0,-500.0,-1.0,0.0,0.0,0.0,0.0,0.0,0.0,0.0,0,0,0,0,0.0,0.00013333333333333334,20000.0
46,46,20000.0,0.0,0,0,0,0,0,0,0.1,0,-650.0,-500.0,-1.0,0.0,0.0,0.0,0.0,0.0,0.0,0.0,0,0,0,0,0.0,0.00013333333333333334,20000.0
47,47,20000.0,0.0,0,0,0,0,1,0,0.1,0,-650.0,-500.0,-1.0,0.0,0.0,0.0,0.0,0.0,0.0,0.0,0,0,0,0,0.0,0.00013333333333333334,20000.0
48,48,20000.0,2050.0,0,0,0,0,1,0,0.1,0,-650.0,-500.0,-1.0,0.0,0.0,0.0,0.0,0.0,0.0,0.0,0,0,0,0,0.0,0.00013333333333333334,20000.0
49,49,20000.0,2050.0,0,0,0,0,1,0,0.1,0,-650.0,-500.0,-1.0,0.0,0.0,0.0,0.0,0.0,0.0,0.0,0,0,0,0,0.0,0.00013333333333333334,20000.0
50,50,20000.0,2050.0,0,0,0,0,1,0,0.1,0,-92.931,-198.901,-1.0,0.0,0.0,633.2349315712139,0.0,0.0,0.0,2.981421779884475,1,1,1,0,1.8997047947136418,1.8997047947136418,20000.0
51,51,20000.0,2050.0,0,0,0,0,1,0,0.1,0,-92.931,-198.901,215.0,0.0,0.0,216.0,0.0,0.0,0.0,1.5707963267948966,1,0,0,0,0.648,0.648,20000.0
52,52,20000.0,2050.0,0,0,0,0,1,0,0.1,0,-92.931,-198.901,137.425,0.0,0.0,77.57499999999999,0.0,0.0,0.0,3.141592653589793,1,0,0,1,0.23272499999999996,0.23272499999999996,20000.0
53,53,1500.0,2050.0,1,0,0,0,1,0,0.1,0,-92.931,-198.901,127.425,0.0,0.0,10.000000000000014,0.0,0.0,0.0,0.0,1,0,0,0,0.4000000000000005,0.4000000000000005,1500.0
54,54,500.0,2050.0,1,0,0,0,1,0,0.1,0,-92.931,-198.901,122.425,0.0,0.0,5.0,0.0,0.0,0.0,0.0,1,0,0,0,0.6,0.6,500.0
55,55,1500.0,2050.0,1,0,0,0,1,0,0.1,0,-92.931,-205.901,122.425,0.0,0.0,7.0,0.0,0.0,0.0,1.5707963267948966,1,0,0,0,0.28,0.28,1500.0
56,56,1500.0,2050.0,1,0,0,0,1,0,0.1,0,-92.931,-218.157,122.425,0.0,0.0,12.256,0.0,0.0,0.0,0.0,1,0,0,0,0.49024,0.49024,1500.0
57,57,1500.0,2050.0,1,0,0,0,1,0,0.1,0,-28.531,-218.157,122.425,0.0,0.0,64.4,0.0,0.0,0.0,1.5707963267948966,1,0,0,0,2.576,2.576,1500.0
58,58,1500.0,2050.0,1,0,0,0,1,0,0.1,0,-27.831,-218.137,122.425,0.0,0.0,0.7002856560004634,0.0,0.0,0.0,0.02856365783877898,1,0,0,0,0.02801142624001854,18.533725048532858,2.267063919962162
59,59,1500.0,2050.0,1,0,0,0,1,0,0.1,0,-27.644,-218.125,122.425,0.0,0.0,0.1873846311734248,0.0,0.0,0.0,0.03551959802359253,1,0,0,0,0.007495385246936992,4.959312250266477,2.267063919962162
60,60,1500.0,2050.0,1,0,0,0,1,0,0.1,0,-27.244,-218.116,122.425,0.0,0.0,0.40010123718878776,0.0,0.0,0.0,0.04158705158451736,1,0,0,0,0.016004049487551512,10.58905927616189,2.267063919962162
61,61,1500.0,2050.0,1,0,0,0,1,0,0.1,0,-26.845,-218.147,122.425,0.0,0.0,0.4002024487681195,0.0,0.0,0.0,0.10003467263006911,1,0,1,0,0.01600809795072478,10.591737936744167,2.267063919962162
62,62,1500.0,2050.0,1,0,0,0,1,0,0.1,0,-26.451,-218.217,122.425,0.0,0.0,0.40016996389034715,0.0,0.0,0.0,0.09829180772955524,1,0,0,0,0.016006798555613884,10.59087819359834,2.267063919962162
63,63,1500.0,2050.0,1,0,0,0,1,0,0.1,0,-26.066,-218.327,122.425,0.0,0.0,0.40040604391042595,0.0,0.0,0.0,0.1024693829232973,1,0,0,0,0.016016241756417037,10.597126275569034,2.267063919962162
64,64,1500.0,2050.0,1,0,0,0,1,0,0.1,0,-25.694,-218.474,122.425,0.0,0.0,0.3999912499042915,0.0,0.0,0.0,0.09802846944122909,1,0,0,0,0.015999649996171664,10.586148358206879,2.267063919962162
65,65,1500.0,2050.0,1,0,0,0,1,0,0.1,0,-25.338,-218.658,122.425,0.0,0.0,0.40073931676340135,0.0,0.0,0.0,0.100711537030746,1,0,0,0,0.016029572670536056,10.605946658180416,2.267063919962162
66,66,1500.0,2050.0,1,0,0,0,1,0,0.1,0,-25.003,-218.876,122.425,0.0,0.0,0.3996861268545711,0.0,0.0,0.0,0.09985999391652114,1,0,0,0,0.015987445074182843,10.578072986876577,2.267063919962162
67,67,1500.0,2050.0,1,0,0,0,1,0,0.1,0,-24.691,-219.127,122.425,0.0,0.0,0.400431017779596,0.0,0.0,0.0,0.10057138525143561,1,0,0,0,0.01601724071118384,10.597787232737911,2.267063919962162
68,68,1500.0,2050.0,1,0,0,0,1,0,0.1,0,-24.518,-219.291,122.425,0.0,0.0,0.23837994882119432,0.0,0.0,0.0,0.08122723374714182,1,0,0,0,0.009535197952847772,6.308951769436822,2.267063919962162
69,69,1500.0,2050.0,1,0,0,0,1,0,0.1,0,-24.25,-219.588,122.425,0.0,0.0,0.40004124787326445,0.0,0.0,0.0,0.07798231561422243,1,0,0,0,0.01600164991493058,10.587471601946044,2.267063919962162
70,70,1500.0,2050.0,1,0,0,0,1,0,0.1,0,-24.013,-219.911,122.425,0.0,0.0,0.4006220163695501,0.0,0.0,0.0,0.1010985134664451,1,0,0,0,0.016024880654782005,10.602842191840008,2.267063919962162
71,71,1500.0,2050.0,1,0,0,0,1,0,0.1,0,-23.809,-220.255,122.425,0.0,0.0,0.3999399954993201,0.0,0.0,0.0,0.09774347123191074,1,0,0,0,0.015997599819972806,10.584791861695596,2.267063919962162
72,72,1500.0,2050.0,1,0,0,0,1,0,0.1,0,-23.641,-220.618,122.425,0.0,0.0,0.3999912499042955,0.0,0.0,0.0,0.10181830396631648,1,0,0,0,0.015999649996171823,10.586148358206987,2.267063919962162
73,73,1500.0,2050.0,1,0,0,0,1,0,0.1,0,-23.509,-220.996,122.425,0.0,0.0,0.40038481489688177,0.0,0.0,0.0,0.09748783819773583,1,0,0,0,0.016015392595875273,0.29600000000000004,81.15908410071927
74,74,1500.0,2050.0,1,0,0,0,1,0,0.1,0,-23.416,-221.385,122.425,0.0,0.0,0.39996249824200475,0.0,0.0,0.0,0.10129785594548263,1,0,0,0,0.01599849992968019,0.292,82.18407498123386
75,75,1500.0,2050.0,1,0,0,0,1,0,0.1,0,-23.363,-221.782,122.425,0.0,0.0,0.4005221591872487,0.0,0.0,0.0,0.10195322840976175,1,0,0,0,0.016020886367489946,0.292,82.29907380559905
76,76,1500.0,2050.0,1,0,0,0,1,0,0.1,0,-23.349,-222.182,122.425,0.0,0.0,0.40024492501464876,0.0,0.0,0.0,0.09773080274234355,1,0,0,0,0.01600979700058595,0.3,80.04898500292975
77,77,1500.0,2050.0,1,0,0,0,1,0,0.1,0,-23.392,-223.12,122.425,0.0,0.0,0.9389850904034798,0.0,0.0,0.0,0.08079586413340695,1,1,0,0,0.03755940361613919,0.536,105.11027131382235
78,78,1500.0,2050.0,1,0,0,0,1,0,0.1,0,-23.394,-254.244,122.425,0.0,0.0,31.12400006425909,0.0,0.0,0.0,0.04574588621230979,1,0,0,0,1.2449600025703635,1.2449600025703635,1500.0
79,79,1500.0,2050.0,1,0,0,0,1,0,0.1,0,-161.731,-254.244,122.425,0.0,0.0,138.337,0.0,0.0,0.0,1.5707320677023235,1,0,0,0,5.53348,5.53348,1500.0
80,80,1500.0,2050.0,1,0,0,0,1,0,0.1,0,-161.731,-222.677,122.425,0.0,0.0,31.567000000000007,0.0,0.0,0.0,1.5707963267948966,1,0,0,0,1.2626800000000002,1.2626800000000002,1500.0
81,81,1500.0,2050.0,1,0,0,0,1,0,0.1,0,-161.772,-222.285,122.425,0.0,0.0,0.39413830060017835,0.0,0.0,0.0,0.10421292820364646,1,0,0,0,0.015765532024007135,0.08,295.60372545013377
82,82,1500.0,2050.0,1,0,0,0,1,0,0.1,0,-161.774,-221.891,122.425,0.0,0.0,0.39400507610943836,0.0,0.0,0.0,0.0991368296703237,1,0,0,0,0.015760203044377533,0.07200000000000001,328.33756342453194
83,83,1500.0,2050.0,1,0,0,0,1,0,0.1,0,-161.735,-221.498,122.425,0.0,0.0,0.39493037361033595,0.0,0.0,0.0,0.10398889326968247,1,1,0,0,0.01579721494441344,0.052000000000000005,455.6888926273107
84,84,1500.0,2050.0,1,0,0,0,1,0,0.1,0,-161.657,-221.112,122.425,0.0,0.0,0.3938019806958786,0.0,0.0,0.0,0.10047479435112372,1,0,0,0,0.015752079227835142,0.052000000000000005,454.3869008029368
85,85,1500.0,2050.0,1,0,0,0,1,0,0.1,0,-161.541,-220.735,122.425,0.0,0.0,0.39444264475331386,0.0,0.0,0.0,0.09911134249874212,1,0,0,0,0.015777705790132553,0.044,537.8763337545189
86,86,1500.0,2050.0,1,0,0,0,1,0,0.1,0,-161.386,-220.372,122.425,0.0,0.0,0.3947074866277558,0.0,0.0,0.0,0.10506218349490522,1,0,0,0,0.01578829946511023,0.04800000000000001,493.38435828469466
87,87,1500.0,2050.0,1,0,0,0,1,0,0.1,0,-161.196,-220.027,122.425,0.0,0.0,0.39385911186618233,0.0,0.0,0.0,0.09983826931548039,1,0,0,0,0.015754364474647294,0.04000000000000001,590.7886677992734
88,88,1500.0,2050.0,1,0,0,0,1,0,0.1,0,-160.972,-219.702,122.425,0.0,0.0,0.3947163538542429,0.0,0.0,0.0,0.10006228270166435,1,0,0,0,0.015788654154169718,0.02,1184.1490615627288
89,89,1500.0,2050.0,1,0,0,0,1,0,0.1,0,-160.716,-219.402,122.425,0.0,0.0,0.3943805269026438,0.0,0.0,0.0,0.1029643885577563,1,0,0,0,0.015775221076105753,0.016,1478.9269758849143
90,90,1500.0,2050.0,1,0,0,0,1,0,0.1,0,-160.614,-219.298,122.425,0.0,0.0,0.14567086187703315,0.0,0.0,0.0,0.069263674907393,1,0,0,0,0.005826834475081326,0.008,1092.5314640777488
91,91,1500.0,2050.0,1,0,0,0,1,0,0.1,0,-160.322,-219.032,122.425,0.0,0.0,0.3949936708353644,0.0,0.0,0.0,0.056269738101508,1,0,0,0,0.015799746833414573,0.015799746833414573,1500.0
92,92,1500.0,2050.0,1,0,0,0,1,0,0.1,0,-160.005,-218.798,122.425,0.0,0.0,0.39401142115427157,0.0,0.0,0.0,0.10294981539193009,1,0,0,0,0.01576045684617086,0.01576045684617086,1500.0
93,93,1500.0,2050.0,1,0,0,0,1,0,0.1,0,-159.666,-218.597,122.425,0.0,0.0,0.394109121944667,0.0,0.0,0.0,0.10068942711823145,1,0,0,0,0.01576436487778668,0.01576436487778668,1500.0
94,94,1500.0,2050.0,1,0,0,0,1,0,0.1,0,-159.308,-218.431,122.425,0.0,0.0,0.3946137351892378,0.0,0.0,0.0,0.10101993039297522,1,0,0,0,0.01578454940756951,0.01578454940756951,1500.0
95,95,1500.0,2050.0,1,0,0,0,1,0,0.1,0,-158.936,-218.302,122.425,0.0,0.0,0.39373214245219335,0.0,0.0,0.0,0.1003795209759368,1,0,0,0,0.015749285698087735,0.015749285698087735,1500.0
96,96,1500.0,2050.0,1,0,0,0,1,0,0.1,0,-158.552,-218.212,122.425,0.0,0.0,0.3944058823090901,0.0,0.0,0.0,0.10357857697404423,1,0,0,0,0.0157762352923636,0.0157762352923636,1500.0
97,97,1500.0,2050.0,1,0,0,0,1,0,0.1,0,-158.161,-218.161,122.425,0.0,0.0,0.3943120591612585,0.0,0.0,0.0,0.10051705012096199,1,0,0,0,0.01577248236645034,0.01577248236645034,1500.0
98,98,1500.0,2050.0,1,0,0,0,1,0,0.1,0,-157.767,-218.149,122.425,0.0,0.0,0.39418269875782763,0.0,0.0,0.0,0.09925509658671389,1,0,0,0,0.015767307950313107,0.015767307950313107,1500.0
99,99,1500.0,2050.0,1,0,0,0,1,0,0.1,0,-157.331,-218.157,122.425,0.0,0.0,0.4360733883189919,0.0,0.0,0.0,0.04879400568231243,1,0,1,0,0.017442935532759676,0.017442935532759676,1500.0
100,100,1500.0,2050.0,1,0,0,0,1,0,0.1,0,-92.931,-218.157,122.425,0.0,0.0,64.39999999999999,0.0,0.0,0.0,0.018346565113141186,1,0,0,0,2.5759999999999996,2.5759999999999996,1500.0
101,101,1500.0,2050.0,1,0,0,0,1,0,0.1,0,-92.388,-218.177,122.425,0.0,0.0,0.543368199290307,0.0,0.0,0.0,0.03681577012372794,1,0,0,0,0.02173472797161228,0.02173472797161228,1500.0
102,102,1500.0,2050.0,1,0,0,0,1,0,0.1,0,-91.849,-218.237,122.425,0.0,0.0,0.542329235796856,0.0,0.0,0.0,0.07404507556374812,1,0,0,0,0.02169316943187424,0.02169316943187424,1500.0
103,103,1500.0,2050.0,1,0,0,0,1,0,0.1,0,-91.315,-218.336,122.425,0.0,0.0,0.5430994384088517,0.0,0.0,0.0,0.0724511383395774,1,0,0,0,0.021723977536354067,0.021723977536354067,1500.0
104,104,1500.0,2050.0,1,0,0,0,1,0,0.1,0,-90.791,-218.475,122.425,0.0,0.0,0.5421226798428523,0.0,0.0,0.0,0.07598337424401085,1,0,0,0,0.021684907193714093,0.021684907193714093,1500.0
105,105,1500.0,2050.0,1,0,0,0,1,0,0.1,0,-90.278,-218.651,122.425,0.0,0.0,0.5423513621260635,0.0,0.0,0.0,0.07120132879259039,1,0,0,0,0.02169405448504254,0.02169405448504254,1500.0
106,106,1500.0,2050.0,1,0,0,0,1,0,0.1,0,-89.779,-218.865,122.425,0.0,0.0,0.5429521157524011,0.0,0.0,0.0,0.07463693718526776,1,0,0,0,0.021718084630096043,0.021718084630096043,1500.0
107,107,1500.0,2050.0,1,0,0,0,1,0,0.1,0,-89.297,-219.115,122.425,0.0,0.0,0.5429769792541846,0.0,0.0,0.0,0.07333991649089526,1,0,0,0,0.021719079170167386,0.021719079170167386,1500.0
108,108,1500.0,2050.0,1,0,0,0,1,0,0.1,0,-72.166,-229.384,122.425,0.0,0.0,19.973069919268784,0.0,0.0,0.0,0.06153380795100294,1,0,0,0,0.7989227967707514,0.7989227967707514,1500.0
109,109,1500.0,2050.0,1,0,0,0,1,0,0.1,0,-71.691,-229.646,122.425,0.0,0.0,0.5424656671163576,0.0,0.0,0.0,0.03595270240016151,1,0,0,0,0.0216986266846543,0.0216986266846543,1500.0
110,110,1500.0,2050.0,1,0,0,0,1,0,0.1,0,-71.197,-229.872,122.425,0.0,0.0,0.5432421191329077,0.0,0.0,0.0,0.07498961990480812,1,0,0,0,0.021729684765316306,0.021729684765316306,1500.0
111,111,1500.0,2050.0,1,0,0,0,1,0,0.1,0,-70.689,-230.061,122.425,0.0,0.0,0.5420193723475272,0.0,0.0,0.0,0.07288558331075662,1,0,0,0,0.02168077489390109,0.02168077489390109,1500.0
112,112,1500.0,2050.0,1,0,0,0,1,0,0.1,0,-70.168,-230.212,122.425,0.0,0.0,0.542440780177874,0.0,0.0,0.0,0.07408137235558632,1,0,0,0,0.02169763120711496,0.02169763120711496,1500.0
113,113,1500.0,2050.0,1,0,0,0,1,0,0.1,0,-69.637,-230.325,122.425,0.0,0.0,0.5428904125143547,0.0,0.0,0.0,0.07241989157587908,1,0,0,0,0.021715616500574186,0.021715616500574186,1500.0
114,114,1500.0,2050.0,1,0,0,0,1,0,0.1,0,-69.099,-230.398,122.425,0.0,0.0,0.5429300139060259,0.0,0.0,0.0,0.07481409011254414,1,0,0,0,0.02171720055624104,0.02171720055624104,1500.0
115,115,1500.0,2050.0,1,0,0,0,1,0,0.1,0,-68.557,-230.431,122.425,0.0,0.0,0.5430036832287629,0.0,0.0,0.0,0.07405354875704373,1,0,0,0,0.021720147329150518,0.021720147329150518,1500.0
116,116,1500.0,2050.0,1,0,0,0,1,0,0.1,0,-35.67,-230.433,122.425,0.0,0.0,32.8870000608143,0.0,0.0,0.0,0.06074972597059054,1,0,0,0,1.315480002432572,1.315480002432572,1500.0
117,117,1500.0,2050.0,1,0,0,0,1,0,0.1,0,-35.67,-241.968,122.425,0.0,0.0,11.534999999999997,0.0,0.0,0.0,1.570735512491448,1,0,0,0,0.46139999999999987,0.46139999999999987,1500.0
118,118,1500.0,2050.0,1,0,0,0,1,0,0.1,0,-149.455,-241.968,122.425,0.0,0.0,113.78500000000001,0.0,0.0,0.0,1.5707963267948966,1,0,0,0,4.5514,4.5514,1500.0
119,119,1500.0,2050.0,1,0,0,0,1,0,0.1,0,-149.455,-230.433,122.425,0.0,0.0,11.534999999999997,0.0,0.0,0.0,1.5707963267948966,1,0,0,0,0.46139999999999987,0.46139999999999987,1500.0
120,120,1500.0,2050.0,1,0,0,0,1,0,0.1,0,-68.379,-230.433,122.425,0.0,0.0,81.07600000000001,0.0,0.0,0.0,1.5707963267948966,1,0,0,0,3.24304,3.24304,1500.0
121,121,1500.0,2050.0,1,0,0,0,1,0,0.1,0,-61.379,-230.433,122.425,0.0,0.0,7.000000000000007,0.0,0.0,0.0,0.0,1,0,0,0,0.2800000000000003,0.2800000000000003,1500.0
122,122,20000.0,2050.0,0,0,0,0,1,0,0.1,0,-61.379,-230.433,127.425,0.0,0.0,5.0,0.0,0.0,0.0,1.5707963267948966,1,0,0,0,0.015,67.38,4.452359750667854
123,123,20000.0,2050.0,0,0,0,0,1,0,0.1,0,-173.987,-259.5,127.425,0.0,0.0,116.29897743746504,0.0,0.0,0.0,1.5707963267948966,1,0,0,0,0.3488969323123951,0.5720000000000001,12199.193437496331
124,124,500.0,2050.0,1,0,0,0,1,0,0.1,0,-173.987,-259.5,122.425,0.0,0.0,5.0,0.0,0.0,0.0,1.5707963267948966,1,0,0,0,0.6,0.6,500.0
125,125,1500.0,2050.0,1,0,0,0,1,0,0.1,0,-173.987,-266.5,122.425,0.0,0.0,7.0,0.0,0.0,0.0,1.5707963267948966,1,0,0,0,0.28,0.5640000000000001,744.6808510638298
126,126,1500.0,2050.0,1,0,0,0,1,0,0.1,0,-11.138,-266.5,122.425,0.0,0.0,162.849,0.0,0.0,0.0,1.5707963267948966,1,0,0,0,6.51396,6.51396,1500.0
127,127,1500.0,2050.0,1,0,0,0,1,0,0.1,0,-11.138,-259.5,122.425,0.0,0.0,7.0,0.0,0.0,0.0,1.5707963267948966,1,0,0,0,0.28,1.3880000000000003,302.59365994236305
128,128,20000.0,2050.0,0,0,0,0,1,0,0.1,0,-11.138,-259.5,127.425,0.0,0.0,5.0,0.0,0.0,0.0,1.5707963267948966,1,0,0,0,0.015,0.092,3260.8695652173915
129,129,20000.0,2050.0,0,0,0,0,1,0,0.1,0,92.312,-198.901,127.425,0.0,0.0,119.89220700696104,0.0,0.0,0.0,1.5707963267948966,1,0,0,0,0.3596766210208831,0.3596766210208831,20000.0
130,130,500.0,2050.0,1,0,0,0,1,0,0.1,0,92.312,-198.901,122.425,0.0,0.0,5.0,0.0,0.0,0.0,1.5707963267948966,1,0,0,0,0.6,0.6,500.0
131,131,1500.0,2050.0,1,0,0,0,1,0,0.1,0,92.312,-205.901,122.425,0.0,0.0,7.0,0.0,0.0,0.0,1.5707963267948966,1,0,0,0,0.28,0.28,1500.0
132,132,1500.0,2050.0,1,0,0,0,1,0,0.1,0,92.312,-218.157,122.425,0.0,0.0,12.256,0.0,0.0,0.0,0.0,1,0,0,0,0.49024,0.62,1186.0645161290324
133,133,1500.0,2050.0,1,0,0,0,1,0,0.1,0,156.712,-218.157,122.425,0.0,0.0,64.39999999999999,0.0,0.0,0.0,1.5707963267948966,1,0,0,0,2.5759999999999996,2.5759999999999996,1500.0
134,134,1500.0,2050.0,1,0,0,0,1,0,0.1,0,157.917,-218.124,122.425,0.0,0.0,1.2054517825280409,0.0,0.0,0.0,0.02737904884019795,1,0,0,0,0.048218071301121636,0.048218071301121636,1500.0
135,135,1500.0,2050.0,1,0,0,0,1,0,0.1,0,158.315,-218.158,122.425,0.0,0.0,0.3994496213541782,0.0,0.0,0.0,0.11259927981231048,1,0,1,0,0.01597798485416713,0.04,599.1744320312673
136,136,1500.0,2050.0,1,0,0,0,1,0,0.1,0,158.709,-218.231,122.425,0.0,0.0,0.400705627612098,0.0,0.0,0.0,0.0979814705944209,1,0,0,0,0.01602822510448392,0.044,546.4167649255882
137,137,1500.0,2050.0,1,0,0,0,1,0,0.1,0,159.093,-218.343,122.425,0.0,0.0,0.3999999999999852,0.0,0.0,0.0,0.10059240764179221,1,0,0,0,0.01599999999999941,0.036000000000000004,666.666666666642
138,138,1500.0,2050.0,1,0,0,0,1,0,0.1,0,159.464,-218.493,122.425,0.0,0.0,0.4001762111870327,0.0,0.0,0.0,0.10042454783470585,1,0,0,0,0.01600704844748131,0.01600704844748131,1500.0
139,139,1500.0,2050.0,1,0,0,0,1,0,0.1,0,159.818,-218.679,122.425,0.0,0.0,0.39988998487085436,0.0,0.0,0.0,0.09956046008817876,1,0,0,0,0.015995599394834175,0.016,1499.5874432657038
140,140,1500.0,2050.0,1,0,0,0,1,0,0.1,0,160.152,-218.9,122.425,0.0,0.0,0.4004959425512133,0.0,0.0,0.0,0.10076089637662607,1,0,0,0,0.016019837702048532,0.016019837702048532,1500.0
141,141,1500.0,2050.0,1,0,0,0,1,0,0.1,0,160.462,-219.153,122.425,0.0,0.0,0.4001362268028156,0.0,0.0,0.0,0.09995862058026196,1,0,0,0,0.016005449072112626,0.016005449072112626,1500.0
142,142,1500.0,2050.0,1,0,0,0,1,0,0.1,0,160.635,-219.318,122.425,0.0,0.0,0.23906902768867275,0.0,0.0,0.0,0.07723530853033432,1,0,0,0,0.00956276110754691,0.00956276110754691,1500.0
143,143,1500.0,2050.0,1,0,0,0,1,0,0.1,0,160.901,-219.617,122.425,0.0,0.0,0.40019620188102406,0.0,0.0,0.0,0.08200501965462306,1,0,0,0,0.016007848075240964,0.016007848075240964,1500.0
144,144,1500.0,2050.0,1,0,0,0,1,0,0.1,0,161.136,-219.941,122.425,0.0,0.0,0.40025117114132347,0.0,0.0,0.0,0.09954689664838118,1,0,0,0,0.01601004684565294,0.01601004684565294,1500.0
145,145,1500.0,2050.0,1,0,0,0,1,0,0.1,0,161.337,-220.287,122.425,0.0,0.0,0.40014622327344274,0.0,0.0,0.0,0.10123490219822882,1,0,0,0,0.01600584893093771,0.01600584893093771,1500.0
146,146,1500.0,2050.0,1,0,0,0,1,0,0.1,0,161.503,-220.651,122.425,0.0,0.0,0.40006499471961066,0.0,0.0,0.0,0.09840686507654409,1,0,0,0,0.016002599788784426,0.016002599788784426,1500.0
147,147,1500.0,2050.0,1,0,0,0,1,0,0.1,0,161.632,-221.03,122.425,0.0,0.0,0.4003523448164103,0.0,0.0,0.0,0.09979911498611752,1,0,0,0,0.01601409379265641,0.01601409379265641,1500.0
148,148,1500.0,2050.0,1,0,0,0,1,0,0.1,0,161.722,-221.42,122.425,0.0,0.0,0.40024992192377745,0.0,0.0,0.0,0.1012707375586713,1,0,0,0,0.016009996876951097,0.016009996876951097,1500.0
149,149,1500.0,2050.0,1,0,0,0,1,0,0.1,0,161.773,-221.817,122.425,0.0,0.0,0.4002624139236839,0.0,0.0,0.0,0.09903512794304176,1,0,0,0,0.016010496556947355,0.016010496556947355,1500.0
150,150,1500.0,2050.0,1,0,0,0,1,0,0.1,0,161.784,-222.217,122.425,0.0,0.0,0.40015122141511006,0.0,0.0,0.0,0.10027064925870639,1,0,0,0,0.0160060488566044,0.0160060488566044,1500.0
151,151,1500.0,2050.0,1,0,0,0,1,0,0.1,0,161.734,-223.154,122.425,0.0,0.0,0.9383330965067614,0.0,0.0,0.0,0.0808043012695697,1,1,0,0,0.03753332386027046,0.03753332386027046,1500.0
152,152,1500.0,2050.0,1,0,0,0,1,0,0.1,0,161.731,-254.244,122.425,0.0,0.0,31.090000144741076,0.0,0.0,0.0,0.05321473636818464,1,0,0,0,1.243600005789643,1.243600005789643,1500.0
153,153,1500.0,2050.0,1,0,0,0,1,0,0.1,0,23.419,-254.244,122.425,0.0,0.0,138.31199999999998,0.0,0.0,0.0,1.570699832745662,1,0,0,0,5.532479999999999,5.532479999999999,1500.0
154,154,1500.0,2050.0,1,0,0,0,1,0,0.1,0,23.419,-223.984,122.425,0.0,0.0,30.25999999999999,0.0,0.0,0.0,1.5707963267948966,1,0,0,0,1.2103999999999997,1.2103999999999997,1500.0
155,155,1500.0,2050.0,1,0,0,0,1,0,0.1,0,23.399,-223.285,122.425,0.0,0.0,0.699286064497225,0.0,0.0,0.0,0.02860449917015909,1,0,0,0,0.027971442579889,0.027971442579889,1500.0
156,156,1500.0,2050.0,1,0,0,0,1,0,0.1,0,23.342,-222.613,122.425,0.0,0.0,0.6744130781650044,0.0,0.0,0.0,0.056014382178469616,1,0,0,0,0.026976523126600174,0.026976523126600174,1500.0
157,157,1500.0,2050.0,1,0,0,0,1,0,0.1,0,23.317,-222.213,122.425,0.0,0.0,0.4007804885470405,0.0,0.0,0.0,0.02220007135268673,1,0,0,0,0.01603121954188162,0.01603121954188162,1500.0
158,158,1500.0,2050.0,1,0,0,0,1,0,0.1,0,23.332,-221.812,122.425,0.0,0.0,0.40128045055794287,0.0,0.0,0.0,0.09980786147388142,1,1,0,0,0.016051218022317716,0.016051218022317716,1500.0
159,159,1500.0,2050.0,1,0,0,0,1,0,0.1,0,23.387,-221.415,122.425,0.0,0.0,0.4007917164812862,0.0,0.0,0.0,0.10027373061964485,1,0,0,0,0.016031668659251447,0.016031668659251447,1500.0
160,160,1500.0,2050.0,1,0,0,0,1,0,0.1,0,23.481,-221.026,122.425,0.0,0.0,0.40019620188100974,0.0,0.0,0.0,0.09943725617048355,1,0,0,0,0.01600784807524039,0.01600784807524039,1500.0
161,161,1500.0,2050.0,1,0,0,0,1,0,0.1,0,23.614,-220.648,122.425,0.0,0.0,0.40071560987814114,0.0,0.0,0.0,0.10122358424119161,1,0,0,0,0.016028624395125646,0.016028624395125646,1500.0
162,162,1500.0,2050.0,1,0,0,0,1,0,0.1,0,23.783,-220.285,122.425,0.0,0.0,0.40041228752374697,0.0,0.0,0.0,0.09739828709894986,1,0,0,0,0.01601649150094988,0.01601649150094988,1500.0
163,163,1500.0,2050.0,1,0,0,0,1,0,0.1,0,23.988,-219.94,122.425,0.0,0.0,0.4013103537164205,0.0,0.0,0.0,0.10042411240403665,1,0,0,0,0.016052414148656817,0.016052414148656817,1500.0
164,164,1500.0,2050.0,1,0,0,0,1,0,0.1,0,24.226,-219.618,122.425,0.0,0.0,0.4004097900901045,0.0,0.0,0.0,0.10036219377571456,1,0,0,0,0.01601639160360418,0.01601639160360418,1500.0
165,165,1500.0,2050.0,1,0,0,0,1,0,0.1,0,24.387,-219.434,122.425,0.0,0.0,0.24449335369289596,0.0,0.0,0.0,0.08232178383368928,1,0,0,0,0.009779734147715838,0.009779734147715838,1500.0
166,166,1500.0,2050.0,1,0,0,0,1,0,0.1,0,24.673,-219.154,122.425,0.0,0.0,0.40024492501467074,0.0,0.0,0.0,0.07716847343161487,1,0,0,0,0.01600979700058683,0.01600979700058683,1500.0
167,167,1500.0,2050.0,1,0,0,0,1,0,0.1,0,24.986,-218.904,122.425,0.0,0.0,0.40058582101717166,0.0,0.0,0.0,0.10083663845559707,1,0,0,0,0.016023432840686868,0.016023432840686868,1500.0
168,168,1500.0,2050.0,1,0,0,0,1,0,0.1,0,25.323,-218.686,122.425,0.0,0.0,0.4013639246369748,0.0,0.0,0.0,0.09977943174542536,1,0,0,0,0.01605455698547899,0.01605455698547899,1500.0
169,169,1500.0,2050.0,1,0,0,0,1,0,0.1,0,25.679,-218.503,122.425,0.0,0.0,0.40028115119251667,0.0,0.0,0.0,0.09936145510103138,1,0,0,0,0.01601124604770067,0.01601124604770067,1500.0
170,170,1500.0,2050.0,1,0,0,0,1,0,0.1,0,26.052,-218.356,122.425,0.0,0.0,0.4009214386884272,0.0,0.0,0.0,0.09940885860849676,1,0,0,0,0.016036857547537087,0.016036857547537087,1500.0
171,171,1500.0,2050.0,1,0,0,0,1,0,0.1,0,26.438,-218.248,122.425,0.0,0.0,0.4008241509689758,0.0,0.0,0.0,0.10259496355154638,1,0,0,0,0.016032966038759033,0.016032966038759033,1500.0
172,172,1500.0,2050.0,1,0,0,0,1,0,0.1,0,26.832,-218.178,122.425,0.0,0.0,0.40016996389034565,0.0,0.0,0.0,0.09698623019785042,1,0,0,0,0.016006798555613825,0.016006798555613825,1500.0
173,173,1500.0,2050.0,1,0,0,0,1,0,0.1,0,27.232,-218.148,122.425,0.0,0.0,0.40112342240263027,0.0,0.0,0.0,0.10097042837093416,1,0,0,0,0.01604493689610521,0.01604493689610521,1500.0
174,174,1500.0,2050.0,1,0,0,0,1,0,0.1,0,27.912,-218.157,122.425,0.0,0.0,0.6800595562154831,0.0,0.0,0.0,0.0880943690875496,1,0,1,0,0.027202382248619324,0.027202382248619324,1500.0
175,175,1500.0,2050.0,1,0,0,0,1,0,0.1,0,92.312,-218.157,122.425,0.0,0.0,64.4,0.0,0.0,0.0,0.01323452137677331,1,0,0,0,2.576,2.576,1500.0
176,176,1500.0,2050.0,1,0,0,0,1,0,0.1,0,92.854,-218.177,122.425,0.0,0.0,0.5423688781631935,0.0,0.0,0.0,0.03688363436798407,1,0,0,0,0.02169475512652774,0.02169475512652774,1500.0
177,177,1500.0,2050.0,1,0,0,0,1,0,0.1,0,93.394,-218.237,122.425,0.0,0.0,0.5433231082882515,0.0,0.0,0.0,0.07377358680590888,1,0,0,0,0.021732924331530058,0.021732924331530058,1500.0
178,178,1500.0,2050.0,1,0,0,0,1,0,0.1,0,93.927,-218.336,122.425,0.0,0.0,0.5421162237011589,0.0,0.0,0.0,0.07299101374479439,1,0,0,0,0.021684648948046354,0.021684648948046354,1500.0
179,179,1500.0,2050.0,1,0,0,0,1,0,0.1,0,94.452,-218.475,122.425,0.0,0.0,0.5430893112555116,0.0,0.0,0.0,0.07517501032486461,1,0,0,0,0.021723572450220465,0.021723572450220465,1500.0
180,180,1500.0,2050.0,1,0,0,0,1,0,0.1,0,94.965,-218.651,122.425,0.0,0.0,0.5423513621260769,0.0,0.0,0.0,0.07167344182009332,1,0,0,0,0.02169405448504308,0.02169405448504308,1500.0
181,181,1500.0,2050.0,1,0,0,0,1,0,0.1,0,95.464,-218.865,122.425,0.0,0.0,0.5429521157523881,0.0,0.0,0.0,0.07463693718528414,1,0,0,0,0.021718084630095526,0.021718084630095526,1500.0
182,182,1500.0,2050.0,1,0,0,0,1,0,0.1,0,95.945,-219.115,122.425,0.0,0.0,0.5420894760092606,0.0,0.0,0.0,0.07418926840085746,1,0,0,0,0.021683579040370424,0.021683579040370424,1500.0
183,183,1500.0,2050.0,1,0,0,0,1,0,0.1,0,113.076,-229.384,122.425,0.0,0.0,19.973069919268784,0.0,0.0,0.0,0.060684456041030295,1,0,0,0,0.7989227967707514,0.7989227967707514,1500.0
184,184,1500.0,2050.0,1,0,0,0,1,0,0.1,0,113.552,-229.646,122.425,0.0,0.0,0.5433415132308711,0.0,0.0,0.0,0.036841609149743854,1,0,0,0,0.021733660529234845,0.021733660529234845,1500.0
185,185,1500.0,2050.0,1,0,0,0,1,0,0.1,0,114.045,-229.872,122.425,0.0,0.0,0.5423329235810855,0.0,0.0,0.0,0.0733336182877327,1,0,0,0,0.021693316943243418,0.021693316943243418,1500.0
186,186,1500.0,2050.0,1,0,0,0,1,0,0.1,0,114.554,-230.061,122.425,0.0,0.0,0.5429567201904749,0.0,0.0,0.0,0.07429489520011287,1,0,0,0,0.021718268807618995,0.021718268807618995,1500.0
187,187,1500.0,2050.0,1,0,0,0,1,0,0.1,0,115.075,-230.212,122.425,0.0,0.0,0.5424407801778877,0.0,0.0,0.0,0.07343915533373156,1,0,0,0,0.021697631207115507,0.021697631207115507,1500.0
188,188,1500.0,2050.0,1,0,0,0,1,0,0.1,0,115.606,-230.325,122.425,0.0,0.0,0.5428904125143408,0.0,0.0,0.0,0.07241989157586834,1,0,0,0,0.02171561650057363,0.02171561650057363,1500.0
189,189,1500.0,2050.0,1,0,0,0,1,0,0.1,0,116.144,-230.398,122.425,0.0,0.0,0.54293001390604,0.0,0.0,0.0,0.07481409011255453,1,0,0,0,0.0217172005562416,0.0217172005562416,1500.0
190,190,1500.0,2050.0,1,0,0,0,1,0,0.1,0,116.685,-230.431,122.425,0.0,0.0,0.5420055350270858,0.0,0.0,0.0,0.07394142246933115,1,0,0,0,0.02168022140108343,0.02168022140108343,1500.0
191,191,1500.0,2050.0,1,0,0,0,1,0,0.1,0,149.455,-230.433,122.425,0.0,0.0,32.77000006103144,0.0,0.0,0.0,0.06086163513063823,1,0,0,0,1.3108000024412576,1.3108000024412576,1500.0
192,192,1500.0,2050.0,1,0,0,0,1,0,0.1,0,149.455,-241.968,122.425,0.0,0.0,11.534999999999997,0.0,0.0,0.0,1.5707352953637859,1,0,0,0,0.46139999999999987,0.46139999999999987,1500.0
193,193,1500.0,2050.0,1,0,0,0,1,0,0.1,0,35.695,-241.968,122.425,0.0,0.0,113.76000000000002,0.0,0.0,0.0,1.5707963267948966,1,0,0,0,4.5504000000000016,4.5504000000000016,1500.0
194,194,1500.0,2050.0,1,0,0,0,1,0,0.1,0,35.695,-230.433,122.425,0.0,0.0,11.534999999999997,0.0,0.0,0.0,1.5707963267948966,1,0,0,0,0.46139999999999987,0.46139999999999987,1500.0
195,195,1500.0,2050.0,1,0,0,0,1,0,0.1,0,116.864,-230.433,122.425,0.0,0.0,81.16900000000001,0.0,0.0,0.0,1.5707963267948966,1,0,0,0,3.2467600000000005,3.2467600000000005,1500.0
196,196,1500.0,2050.0,1,0,0,0,1,0,0.1,0,123.864,-230.433,122.425,0.0,0.0,7.0,0.0,0.0,0.0,0.0,1,0,0,0,0.28,0.28,1500.0
197,197,20000.0,2050.0,0,0,0,0,1,0,0.1,0,123.864,-230.433,127.425,0.0,0.0,5.0,0.0,0.0,0.0,1.5707963267948966,1,0,0,0,0.015,0.015,20000.0
198,198,20000.0,2050.0,0,0,0,0,1,0,0.1,0,11.163,-259.5,127.425,0.0,0.0,116.38902822001738,0.0,0.0,0.0,1.5707963267948966,1,0,0,0,0.34916708466005214,0.34916708466005214,20000.0
199,199,500.0,2050.0,1,0,0,0,1,0,0.1,0,11.163,-259.5,122.425,0.0,0.0,5.0,0.0,0.0,0.0,1.5707963267948966,1,0,0,0,0.6,0.6,500.0
200,200,1500.0,2050.0,1,0,0,0,1,0,0.1,0,11.163,-266.5,122.425,0.0,0.0,7.0,0.0,0.0,0.0,1.5707963267948966,1,0,0,0,0.28,0.28,1500.0
201,201,1500.0,2050.0,1,0,0,0,1,0,0.1,0,173.987,-266.5,122.425,0.0,0.0,162.82399999999998,0.0,0.0,0.0,1.5707963267948966,1,0,0,0,6.512959999999999,6.512959999999999,1500.0
202,202,1500.0,2050.0,1,0,0,0,1,0,0.1,0,173.987,-259.5,122.425,0.0,0.0,7.0,0.0,0.0,0.0,1.5707963267948966,1,0,0,0,0.28,0.28,1500.0
203,203,1500.0,2050.0,1,0,0,0,1,0,0.1,0,175.912,-259.5,132.269,0.0,0.0,10.03045168474482,0.0,0.0,0.0,1.5707963267948966,1,0,0,0,0.40121806738979277,0.40121806738979277,1500.0
204,204,20000.0,2050.0,0,0,0,0,1,0,0.1,0,175.912,-259.5,132.425,0.0,0.0,0.1560000000000059,0.0,0.0,0.0,0.19311364252547486,1,0,0,0,0.00046800000000001777,0.004,2340.0000000000887
205,205,20000.0,2050.0,0,0,0,0,1,0,0.1,0,-165.236,-90.86,132.425,0.0,0.0,380.5540796049886,0.0,0.0,0.0,1.5707963267948966,1,0,0,0,1.1416622388149658,1.1416622388149658,20000.0
206,206,20000.0,2050.0,0,0,0,0,1,0,0.1,0,-165.236,-90.86,87.425,0.0,0.0,45.000000000000014,0.0,0.0,0.0,1.5707963267948966,1,0,0,0,0.13500000000000004,0.13500000000000004,20000.0
207,207,1500.0,2050.0,1,0,0,0,1,0,0.1,0,-165.236,-90.86,77.425,0.0,0.0,10.0,0.0,0.0,0.0,0.0,1,0,0,0,0.4,0.4,1500.0
208,208,500.0,2050.0,1,0,0,0,1,0,0.1,0,-165.236,-90.86,72.425,0.0,0.0,5.0,0.0,0.0,0.0,0.0,1,0,0,0,0.6,0.6,500.0
209,209,1500.0,2050.0,1,0,0,0,1,0,0.1,0,-158.236,-90.86,72.425,0.0,0.0,7.0,0.0,0.0,0.0,1.5707963267948966,1,0,0,0,0.28,0.28,1500.0
210,210,1500.0,2050.0,1,0,0,0,1,0,0.1,0,-145.979,-90.86,72.425,0.0,0.0,12.256999999999977,0.0,0.0,0.0,0.0,1,0,0,0,0.490279999999999,0.490279999999999,1500.0
211,211,1500.0,2050.0,1,0,0,0,1,0,0.1,0,-145.979,-51.135,72.425,0.0,0.0,39.725,0.0,0.0,0.0,1.5707963267948966,1,0,0,0,1.589,1.589,1500.0
212,212,1500.0,2050.0,1,0,0,0,1,0,0.1,0,-145.999,-50.435,72.425,0.0,0.0,0.7002856560004591,0.0,0.0,0.0,0.02856365783873622,1,0,0,0,0.028011426240018365,0.028011426240018365,1500.0
213,213,1500.0,2050.0,1,0,0,0,1,0,0.1,0,-146.015,-50.207,72.425,0.0,0.0,0.22856071403458736,0.0,0.0,0.0,0.04149692479968444,1,0,0,0,0.009142428561383495,0.012,1142.8035701729368
214,214,1500.0,2050.0,1,0,0,0,1,0,0.1,0,-146.025,-49.807,72.425,0.0,0.0,0.4001249804748502,0.0,0.0,0.0,0.045065789019448355,1,0,0,0,0.01600499921899401,0.04,600.1874707122753
215,215,1500.0,2050.0,1,0,0,0,1,0,0.1,0,-145.995,-49.408,72.425,0.0,0.0,0.40012623008245884,0.0,0.0,0.0,0.10004155721540937,1,1,0,0,0.016005049203298354,0.07200000000000001,333.4385250687157
216,216,1500.0,2050.0,1,0,0,0,1,0,0.1,0,-145.926,-49.014,72.425,0.0,0.0,0.399996249982423,0.0,0.0,0.0,0.0983220328190187,1,0,0,0,0.015999849999296923,0.015999849999296923,1500.0
217,217,1500.0,2050.0,1,0,0,0,1,0,0.1,0,-145.818,-48.629,72.425,0.0,0.0,0.39986122592719425,0.0,0.0,0.0,0.10012155580069025,1,0,0,0,0.01599444903708777,0.01599444903708777,1500.0
218,218,1500.0,2050.0,1,0,0,0,1,0,0.1,0,-145.672,-48.256,72.425,0.0,0.0,0.4005558637693406,0.0,0.0,0.0,0.09959845115643368,1,0,0,0,0.016022234550773624,0.016022234550773624,1500.0
219,219,1500.0,2050.0,1,0,0,0,1,0,0.1,0,-145.489,-47.9,72.425,0.0,0.0,0.40028115119250685,0.0,0.0,0.0,0.10173152506694447,1,0,0,0,0.016011246047700274,0.016011246047700274,1500.0
220,220,1500.0,2050.0,1,0,0,0,1,0,0.1,0,-145.272,-47.564,72.425,0.0,0.0,0.3999812495605321,0.0,0.0,0.0,0.09862019771533218,1,0,0,0,0.015999249982421283,0.015999249982421283,1500.0
221,221,1500.0,2050.0,1,0,0,0,1,0,0.1,0,-145.022,-47.251,72.425,0.0,0.0,0.40058582101717166,0.0,0.0,0.0,0.10052068913119258,1,0,0,0,0.016023432840686868,0.016023432840686868,1500.0
222,222,1500.0,2050.0,1,0,0,0,1,0,0.1,0,-144.859,-47.077,72.425,0.0,0.0,0.23842189496771077,0.0,0.0,0.0,0.0788075833845481,1,0,0,0,0.00953687579870843,0.00953687579870843,1500.0
223,223,1500.0,2050.0,1,0,0,0,1,0,0.1,0,-144.562,-46.808,72.425,0.0,0.0,0.40071186655750207,0.0,0.0,0.0,0.08205903296897654,1,0,0,0,0.016028474662300084,0.016028474662300084,1500.0
224,224,1500.0,2050.0,1,0,0,0,1,0,0.1,0,-144.241,-46.57,72.425,0.0,0.0,0.3996060560101642,0.0,0.0,0.0,0.09797283624350829,1,0,0,0,0.015984242240406565,0.015984242240406565,1500.0
225,225,1500.0,2050.0,1,0,0,0,1,0,0.1,0,-143.897,-46.365,72.425,0.0,0.0,0.40045099575355636,0.0,0.0,0.0,0.10057400833294496,1,0,0,0,0.016018039830142255,0.016018039830142255,1500.0
226,226,1500.0,2050.0,1,0,0,0,1,0,0.1,0,-143.535,-46.196,72.425,0.0,0.0,0.39950594488692853,0.0,0.0,0.0,0.10064327346720607,1,0,0,0,0.01598023779547714,0.01598023779547714,1500.0
227,227,1500.0,2050.0,1,0,0,0,1,0,0.1,0,-143.157,-46.063,72.425,0.0,0.0,0.40071560987811317,0.0,0.0,0.0,0.09845475460240175,1,0,0,0,0.01602862439512453,0.01602862439512453,1500.0
228,228,1500.0,2050.0,1,0,0,0,1,0,0.1,0,-142.768,-45.969,72.425,0.0,0.0,0.4001962018810374,0.0,0.0,0.0,0.10122358424122567,1,0,0,0,0.016007848075241495,0.016007848075241495,1500.0
229,229,1500.0,2050.0,1,0,0,0,1,0,0.1,0,-142.372,-45.914,72.425,0.0,0.0,0.3998012005984841,0.0,0.0,0.0,0.09909401461051665,1,0,0,0,0.015992048023939366,0.015992048023939366,1500.0
230,230,1500.0,2050.0,1,0,0,0,1,0,0.1,0,-141.972,-45.899,72.425,0.0,0.0,0.4002811511925144,0.0,0.0,0.0,0.1005235869658609,1,0,0,0,0.016011246047700576,0.016011246047700576,1500.0
231,231,1500.0,2050.0,1,0,0,0,1,0,0.1,0,-141.034,-45.939,72.425,0.0,0.0,0.9388524910762239,0.0,0.0,0.0,0.08010053871598787,1,0,1,0,0.037554099643048955,0.037554099643048955,1500.0
232,232,1500.0,2050.0,1,0,0,0,1,0,0.1,0,-124.054,-45.94,72.425,0.0,0.0,16.980000029446398,0.0,0.0,0.0,0.042559209209316766,1,0,0,0,0.679200001177856,0.679200001177856,1500.0
233,233,1500.0,2050.0,1,0,0,0,1,0,0.1,0,-123.461,-45.926,72.425,0.0,0.0,0.5931652383611198,0.0,0.0,0.0,0.02366327694818819,1,0,1,0,0.02372660953444479,0.02372660953444479,1500.0
234,234,1500.0,2050.0,1,0,0,0,1,0,0.1,0,-123.058,-45.926,72.425,0.0,0.0,0.4029999999999916,0.0,0.0,0.0,0.023604384133177874,1,0,0,0,0.016119999999999662,0.016119999999999662,1500.0
235,235,1500.0,2050.0,1,0,0,0,1,0,0.1,0,-122.657,-45.967,72.425,0.0,0.0,0.4030905605444118,0.0,0.0,0.0,0.10189032249671587,1,0,0,0,0.016123622421776472,0.016123622421776472,1500.0
236,236,1500.0,2050.0,1,0,0,0,1,0,0.1,0,-122.263,-46.047,72.425,0.0,0.0,0.4020397990249135,0.0,0.0,0.0,0.09843205826410506,1,0,0,0,0.016081591960996542,0.016081591960996542,1500.0
237,237,1500.0,2050.0,1,0,0,0,1,0,0.1,0,-121.878,-46.165,72.425,0.0,0.0,0.40267729014684256,0.0,0.0,0.0,0.09708106103171044,1,0,0,0,0.016107091605873702,0.016107091605873702,1500.0
238,238,1500.0,2050.0,1,0,0,0,1,0,0.1,0,-121.507,-46.322,72.425,0.0,0.0,0.40285233026507056,0.0,0.0,0.0,0.10292514278892571,1,0,0,0,0.016114093210602823,0.016114093210602823,1500.0
239,239,1500.0,2050.0,1,0,0,0,1,0,0.1,0,-121.153,-46.514,72.425,0.0,0.0,0.4027157806691954,0.0,0.0,0.0,0.09664002029759164,1,0,0,0,0.016108631226767815,0.016108631226767815,1500.0
240,240,1500.0,2050.0,1,0,0,0,1,0,0.1,0,-120.82,-46.74,72.425,0.0,0.0,0.4024487545017477,0.0,0.0,0.0,0.09930396864033211,1,0,0,0,0.01609795018006991,0.01609795018006991,1500.0
241,241,1500.0,2050.0,1,0,0,0,1,0,0.1,0,-120.512,-46.999,72.425,0.0,0.0,0.40242390585052934,0.0,0.0,0.0,0.10292001620229421,1,0,0,0,0.016096956234021173,0.016096956234021173,1500.0
242,242,1500.0,2050.0,1,0,0,0,1,0,0.1,0,-119.836,-47.665,72.425,0.0,0.0,0.9489636452467494,0.0,0.0,0.0,0.07875414676063322,1,0,0,0,0.03795854580986997,0.03795854580986997,1500.0
243,243,1500.0,2050.0,1,0,0,0,1,0,0.1,0,-119.31,-48.128,72.425,0.0,0.0,0.7007460310269313,0.0,0.0,0.0,0.056163328881884515,1,0,0,0,0.028029841241077255,0.028029841241077255,1500.0
244,244,1500.0,2050.0,1,0,0,0,1,0,0.1,0,-118.759,-48.56,72.425,0.0,0.0,0.7001606958406077,0.0,0.0,0.0,0.056857006358611094,1,0,0,0,0.02800642783362431,0.02800642783362431,1500.0
245,245,1500.0,2050.0,1,0,0,0,1,0,0.1,0,-118.185,-48.96,72.425,0.0,0.0,0.6996256141680325,0.0,0.0,0.0,0.056308162068645855,1,0,0,0,0.0279850245667213,0.0279850245667213,1500.0
246,246,1500.0,2050.0,1,0,0,0,1,0,0.1,0,-117.371,-49.47,72.425,0.0,0.0,0.9605706637202749,0.0,0.0,0.0,0.04891541511840993,1,0,0,0,0.03842282654881099,0.03842282654881099,1500.0
247,247,1500.0,2050.0,1,0,0,0,1,0,0.1,0,-116.767,-49.823,72.425,0.0,0.0,0.6995891651533778,0.0,0.0,0.0,0.03080524586265074,1,0,0,0,0.02798356660613511,0.02798356660613511,1500.0
248,248,1500.0,2050.0,1,0,0,0,1,0,0.1,0,-116.143,-50.141,72.425,0.0,0.0,0.7003570517957199,0.0,0.0,0.0,0.05758728392175625,1,0,0,0,0.028014282071828798,0.028014282071828798,1500.0
249,249,1500.0,2050.0,1,0,0,0,1,0,0.1,0,-115.502,-50.423,72.425,0.0,0.0,0.7002892259631079,0.0,0.0,0.0,0.05685570179980036,1,0,0,0,0.02801156903852432,0.02801156903852432,1500.0
250,250,1500.0,2050.0,1,0,0,0,1,0,0.1,0,-114.846,-50.667,72.425,0.0,0.0,0.6999085654569381,0.0,0.0,0.0,0.05835950109965878,1,0,0,0,0.027996342618277527,0.027996342618277527,1500.0
251,251,1500.0,2050.0,1,0,0,0,1,0,0.1,0,-114.177,-50.874,72.425,0.0,0.0,0.7002927959075377,0.0,0.0,0.0,0.0560213579369388,1,0,0,0,0.02801171183630151,0.02801171183630151,1500.0
252,252,1500.0,2050.0,1,0,0,0,1,0,0.1,0,-113.843,-50.967,72.425,0.0,0.0,0.34670592726401644,0.0,0.0,0.0,0.028509313311463308,1,0,0,0,0.013868237090560658,0.013868237090560658,1500.0
253,253,1500.0,2050.0,1,0,0,0,1,0,0.1,0,-113.163,-51.135,72.425,0.0,0.0,0.7004455724751275,0.0,0.0,0.0,0.029355833012874612,1,0,0,0,0.028017822899005097,0.028017822899005097,1500.0
254,254,1500.0,2050.0,1,0,0,0,1,0,0.1,0,-112.475,-51.264,72.425,0.0,0.0,0.6999892856322906,0.0,0.0,0.0,0.05686063711391504,1,0,0,0,0.027999571425291622,0.027999571425291622,1500.0
255,255,1500.0,2050.0,1,0,0,0,1,0,0.1,0,-111.71,-51.362,72.425,0.0,0.0,0.771251580225286,0.0,0.0,0.0,0.05793732005713716,1,0,0,0,0.030850063209011437,0.030850063209011437,1500.0
256,256,1500.0,2050.0,1,0,0,0,1,0,0.1,0,-111.013,-51.418,72.425,0.0,0.0,0.699246022512809,0.0,0.0,0.0,0.04723851046536915,1,0,0,0,0.02796984090051236,0.02796984090051236,1500.0
257,257,1500.0,2050.0,1,0,0,0,1,0,0.1,0,-110.684,-51.43,72.425,0.0,0.0,0.32921877224727797,0.0,0.0,0.0,0.043714117086993375,1,0,0,0,0.013168750889891119,0.013168750889891119,1500.0
258,258,1500.0,2050.0,1,0,0,0,1,0,0.1,0,-106.989,-51.499,72.425,0.0,0.0,3.69564419283025,0.0,0.0,0.0,0.01778628892008094,1,0,0,0,0.14782576771321,0.14782576771321,1500.0
259,259,1500.0,2050.0,1,0,0,0,1,0,0.1,0,-103.294,-51.528,72.425,0.0,0.0,3.6951138006832824,0.0,0.0,0.0,0.010823430766801452,1,0,0,0,0.1478045520273313,0.1478045520273313,1500.0
260,260,1500.0,2050.0,1,0,0,0,1,0,0.1,0,-99.599,-51.516,72.425,0.0,0.0,3.6950194857402243,0.0,0.0,0.0,0.011095903216736504,1,0,1,0,0.14780077942960898,0.14780077942960898,1500.0
261,261,1500.0,2050.0,1,0,0,0,1,0,0.1,0,-95.905,-51.465,72.425,0.0,0.0,3.694352040615515,0.0,0.0,0.0,0.010557674554036276,1,0,0,0,0.14777408162462058,0.14777408162462058,1500.0
262,262,1500.0,2050.0,1,0,0,0,1,0,0.1,0,-94.348,-51.432,72.425,0.0,0.0,1.55734967171795,0.0,0.0,0.0,0.007386137174734488,1,0,0,0,0.062293986868718,0.062293986868718,1500.0
263,263,1500.0,2050.0,1,0,0,0,1,0,0.1,0,-93.649,-51.395,72.425,0.0,0.0,0.699978571100571,0.0,0.0,0.0,0.03169197475294198,1,0,0,0,0.027999142844022842,0.027999142844022842,1500.0
264,264,1500.0,2050.0,1,0,0,0,1,0,0.1,0,-92.953,-51.318,72.425,0.0,0.0,0.700246385210233,0.0,0.0,0.0,0.05730070271347916,1,0,0,0,0.02800985540840932,0.02800985540840932,1500.0
265,265,1500.0,2050.0,1,0,0,0,1,0,0.1,0,-92.323,-51.219,72.425,0.0,0.0,0.6377311345700565,0.0,0.0,0.0,0.045684091685722385,1,0,0,0,0.02550924538280226,0.02550924538280226,1500.0
266,266,1500.0,2050.0,1,0,0,0,1,0,0.1,0,-91.635,-51.087,72.425,0.0,0.0,0.7005483566464082,0.0,0.0,0.0,0.03368877319799493,1,0,0,0,0.028021934265856332,0.028021934265856332,1500.0
267,267,1500.0,2050.0,1,0,0,0,1,0,0.1,0,-90.956,-50.915,72.425,0.0,0.0,0.700446286306098,0.0,0.0,0.0,0.0585380219326954,1,0,0,0,0.02801785145224392,0.02801785145224392,1500.0
268,268,1500.0,2050.0,1,0,0,0,1,0,0.1,0,-90.289,-50.705,72.425,0.0,0.0,0.6992774842650109,0.0,0.0,0.0,0.05692261046524244,1,0,0,0,0.027971099370600435,0.027971099370600435,1500.0
269,269,1500.0,2050.0,1,0,0,0,1,0,0.1,0,-89.747,-50.509,72.425,0.0,0.0,0.5763505877502,0.0,0.0,0.0,0.04197456656548153,1,0,0,0,0.023054023510007998,0.023054023510007998,1500.0
270,270,1500.0,2050.0,1,0,0,0,1,0,0.1,0,-89.097,-50.249,72.425,0.0,0.0,0.7000714249274901,0.0,0.0,0.0,0.03351420355263283,1,0,0,0,0.028002856997099604,0.028002856997099604,1500.0
271,271,1500.0,2050.0,1,0,0,0,1,0,0.1,0,-88.463,-49.952,72.425,0.0,0.0,0.7001178472228821,0.0,0.0,0.0,0.057587689924102015,1,0,0,0,0.028004713888915282,0.028004713888915282,1500.0
272,272,1500.0,2050.0,1,0,0,0,1,0,0.1,0,-88.031,-49.726,72.425,0.0,0.0,0.48754486972994515,0.0,0.0,0.0,0.04390010707746966,1,0,0,0,0.019501794789197804,0.019501794789197804,1500.0
273,273,1500.0,2050.0,1,0,0,0,1,0,0.1,0,-87.423,-49.378,72.425,0.0,0.0,0.7005483566464232,0.0,0.0,0.0,0.0378601553116249,1,0,0,0,0.02802193426585693,0.02802193426585693,1500.0
274,274,1500.0,2050.0,1,0,0,0,1,0,0.1,0,-86.732,-48.924,72.425,0.0,0.0,0.8267992501206106,0.0,0.0,0.0,0.061439216784611346,1,0,0,0,0.033071970004824425,0.033071970004824425,1500.0
275,275,1500.0,2050.0,1,0,0,0,1,0,0.1,0,-86.166,-48.511,72.425,0.0,0.0,0.7006604027629934,0.0,0.0,0.0,0.049076715820467944,1,0,0,0,0.028026416110519734,0.028026416110519734,1500.0
276,276,1500.0,2050.0,1,0,0,0,1,0,0.1,0,-85.625,-48.067,72.425,0.0,0.0,0.6998692735075593,0.0,0.0,0.0,0.05686724009207738,1,0,0,0,0.027994770940302373,0.027994770940302373,1500.0
277,277,1500.0,2050.0,1,0,0,0,1,0,0.1,0,-85.111,-47.592,72.425,0.0,0.0,0.6998721311782582,0.0,0.0,0.0,0.05874731087041152,1,0,0,0,0.02799488524713033,0.02799488524713033,1500.0
278,278,1500.0,2050.0,1,0,0,0,1,0,0.1,0,-84.745,-47.219,72.425,0.0,0.0,0.5225753534180482,0.0,0.0,0.0,0.04888532693470149,1,0,0,0,0.020903014136721926,0.020903014136721926,1500.0
279,279,1500.0,2050.0,1,0,0,0,1,0,0.1,0,-84.454,-46.939,72.425,0.0,0.0,0.4038328862289537,0.0,0.0,0.0,0.028734042263097424,1,0,0,0,0.01615331544915815,0.01615331544915815,1500.0
280,280,1500.0,2050.0,1,0,0,0,1,0,0.1,0,-84.137,-46.689,72.425,0.0,0.0,0.40371896165525295,0.0,0.0,0.0,0.098358292418892,1,0,0,0,0.01614875846621012,0.01614875846621012,1500.0
281,281,1500.0,2050.0,1,0,0,0,1,0,0.1,0,-83.796,-46.472,72.425,0.0,0.0,0.4041905491225585,0.0,0.0,0.0,0.10104858772233362,1,0,0,0,0.01616762196490234,0.01616762196490234,1500.0
282,282,1500.0,2050.0,1,0,0,0,1,0,0.1,0,-83.436,-46.289,72.425,0.0,0.0,0.403842791194791,0.0,0.0,0.0,0.09643718803201609,1,0,0,0,0.01615371164779164,0.01615371164779164,1500.0
283,283,1500.0,2050.0,1,0,0,0,1,0,0.1,0,-83.06,-46.142,72.425,0.0,0.0,0.40371400768366106,0.0,0.0,0.0,0.09760518021270298,1,0,0,0,0.016148560307346443,0.016148560307346443,1500.0
284,284,1500.0,2050.0,1,0,0,0,1,0,0.1,0,-82.67,-46.034,72.425,0.0,0.0,0.40467764949401563,0.0,0.0,0.0,0.10253364956738013,1,0,0,0,0.016187105979760624,0.016187105979760624,1500.0
285,285,1500.0,2050.0,1,0,0,0,1,0,0.1,0,-82.272,-45.965,72.425,0.0,0.0,0.40393687625666996,0.0,0.0,0.0,0.09849260783232971,1,0,0,0,0.0161574750502668,0.0161574750502668,1500.0
286,286,1500.0,2050.0,1,0,0,0,1,0,0.1,0,-81.869,-45.935,72.425,0.0,0.0,0.4041150826188064,0.0,0.0,0.0,0.0973559569428534,1,0,0,0,0.016164603304752254,0.016164603304752254,1500.0
287,287,1500.0,2050.0,1,0,0,0,1,0,0.1,0,-81.084,-45.938,72.425,0.0,0.0,0.7850057324631424,0.0,0.0,0.0,0.07812627238218926,1,0,1,0,0.03140022929852569,0.03140022929852569,1500.0
288,288,1500.0,2050.0,1,0,0,0,1,0,0.1,0,-77.908,-45.899,72.425,0.0,0.0,3.176239443115083,0.0,0.0,0.0,0.01610061727178007,1,0,1,0,0.12704957772460332,0.12704957772460332,1500.0
289,289,1500.0,2050.0,1,0,0,0,1,0,0.1,0,-74.731,-45.901,72.425,0.0,0.0,3.1770006295246533,0.0,0.0,0.0,0.012908504451509296,1,0,1,0,0.12708002518098613,0.12708002518098613,1500.0
290,290,1500.0,2050.0,1,0,0,0,1,0,0.1,0,-71.555,-45.942,72.425,0.0,0.0,3.176264630033197,0.0,0.0,0.0,0.012279078230207253,1,0,0,0,0.12705058520132786,0.12705058520132786,1500.0
291,291,1500.0,2050.0,1,0,0,0,1,0,0.1,0,-69.552,-45.988,72.425,0.0,0.0,2.0035281380604566,0.0,0.0,0.0,0.010052912622986037,1,0,0,0,0.08014112552241826,0.08014112552241826,1500.0
292,292,1500.0,2050.0,1,0,0,0,1,0,0.1,0,-69.168,-46.067,72.425,0.0,0.0,0.3920420895771274,0.0,0.0,0.0,0.17993674020608896,1,0,0,0,0.015681683583085092,0.015681683583085092,1500.0
293,293,1500.0,2050.0,1,0,0,0,1,0,0.1,0,-68.793,-46.184,72.425,0.0,0.0,0.3928282067265529,0.0,0.0,0.0,0.0995310318559049,1,0,0,0,0.015713128269062113,0.015713128269062113,1500.0
294,294,1500.0,2050.0,1,0,0,0,1,0,0.1,0,-68.433,-46.339,72.425,0.0,0.0,0.3919502519453202,0.0,0.0,0.0,0.10413753905366543,1,0,0,0,0.015678010077812807,0.015678010077812807,1500.0
295,295,1500.0,2050.0,1,0,0,0,1,0,0.1,0,-68.09,-46.529,72.425,0.0,0.0,0.3921084033784589,0.0,0.0,0.0,0.09929313495822681,1,0,0,0,0.015684336135138355,0.015684336135138355,1500.0
296,296,1500.0,2050.0,1,0,0,0,1,0,0.1,0,-67.768,-46.754,72.425,0.0,0.0,0.3928218425698846,0.0,0.0,0.0,0.10403180073587116,1,0,0,0,0.015712873702795387,0.015712873702795387,1500.0
297,297,1500.0,2050.0,1,0,0,0,1,0,0.1,0,-67.471,-47.01,72.425,0.0,0.0,0.39210330271498395,0.0,0.0,0.0,0.10150075451205005,1,0,0,0,0.015684132108599355,0.015684132108599355,1500.0
298,298,1500.0,2050.0,1,0,0,0,1,0,0.1,0,-67.201,-47.295,72.425,0.0,0.0,0.3925875698490817,0.0,0.0,0.0,0.10102609578400648,1,0,0,0,0.015703502793963268,0.015703502793963268,1500.0
299,299,1500.0,2050.0,1,0,0,0,1,0,0.1,0,-66.962,-47.606,72.425,0.0,0.0,0.3922269751049706,0.0,0.0,0.0,0.10314843334137108,1,0,0,0,0.015689079004198823,0.015689079004198823,1500.0
300,300,1500.0,2050.0,1,0,0,0,1,0,0.1,0,-66.755,-47.94,72.425,0.0,0.0,0.3929440163687451,0.0,0.0,0.0,0.1004065863614687,1,0,0,0,0.015717760654749804,0.015717760654749804,1500.0
301,301,1500.0,2050.0,1,0,0,0,1,0,0.1,0,-66.584,-48.293,72.425,0.0,0.0,0.3922371731491018,0.0,0.0,0.0,0.10371718723001236,1,0,0,0,0.015689486925964072,0.015689486925964072,1500.0
302,302,1500.0,2050.0,1,0,0,0,1,0,0.1,0,-66.45,-48.661,72.425,0.0,0.0,0.39163758757300304,0.0,0.0,0.0,0.10189820354660253,1,0,0,0,0.015665503502920123,0.015665503502920123,1500.0
303,303,1500.0,2050.0,1,0,0,0,1,0,0.1,0,-66.353,-49.042,72.425,0.0,0.0,0.39315391388106746,0.0,0.0,0.0,0.09991034542266823,1,0,0,0,0.015726156555242697,0.015726156555242697,1500.0
304,304,1500.0,2050.0,1,0,0,0,1,0,0.1,0,-66.296,-49.43,72.425,0.0,0.0,0.39216450629805494,0.0,0.0,0.0,0.10343310157518548,1,0,0,0,0.015686580251922197,0.015686580251922197,1500.0
305,305,1500.0,2050.0,1,0,0,0,1,0,0.1,0,-66.279,-49.757,72.425,0.0,0.0,0.3274415978460879,0.0,0.0,0.0,0.09392284960833,1,0,0,0,0.013097663913843517,0.013097663913843517,1500.0
306,306,1500.0,2050.0,1,0,0,0,1,0,0.1,0,-66.17,-54.499,72.425,0.0,0.0,4.743252576028398,0.0,0.0,0.0,0.028958972328055423,1,0,0,0,0.1897301030411359,0.1897301030411359,1500.0
307,307,1500.0,2050.0,1,0,0,0,1,0,0.1,0,-66.022,-59.129,72.425,0.0,0.0,4.63236483882692,0.0,0.0,0.0,0.008972527319659229,1,0,0,0,0.1852945935530768,0.1852945935530768,1500.0
308,308,1500.0,2050.0,1,0,0,0,1,0,0.1,0,-65.834,-63.759,72.425,0.0,0.0,4.633815274695359,0.0,0.0,0.0,0.00862789591478674,1,0,0,0,0.18535261098781436,0.18535261098781436,1500.0
309,309,1500.0,2050.0,1,0,0,0,1,0,0.1,0,-65.583,-68.836,72.425,0.0,0.0,5.083200763298651,0.0,0.0,0.0,0.008815966828706017,1,0,0,0,0.20332803053194604,0.20332803053194604,1500.0
310,310,1500.0,2050.0,1,0,0,0,1,0,0.1,0,-65.525,-69.533,72.425,0.0,0.0,0.6994090362584708,0.0,0.0,0.0,0.03362407038719709,1,0,0,0,0.027976361450338834,0.027976361450338834,1500.0
311,311,1500.0,2050.0,1,0,0,0,1,0,0.1,0,-65.427,-70.227,72.425,0.0,0.0,0.7008851546437571,0.0,0.0,0.0,0.05726035575528483,1,0,0,0,0.028035406185750286,0.028035406185750286,1500.0
312,312,1500.0,2050.0,1,0,0,0,1,0,0.1,0,-65.29,-70.913,72.425,0.0,0.0,0.6995462815282419,0.0,0.0,0.0,0.056832361224017226,1,0,0,0,0.02798185126112968,0.02798185126112968,1500.0
313,313,1500.0,2050.0,1,0,0,0,1,0,0.1,0,-65.114,-71.591,72.425,0.0,0.0,0.7004712699318917,0.0,0.0,0.0,0.05686597777118859,1,0,0,0,0.028018850797275667,0.028018850797275667,1500.0
314,314,1500.0,2050.0,1,0,0,0,1,0,0.1,0,-64.901,-72.268,72.425,0.0,0.0,0.7097168449459351,0.0,0.0,0.0,0.05083693645495319,1,0,0,0,0.028388673797837407,0.028388673797837407,1500.0
315,315,1500.0,2050.0,1,0,0,0,1,0,0.1,0,-64.666,-72.928,72.425,0.0,0.0,0.7005890378816922,0.0,0.0,0.0,0.03724566063887135,1,0,0,0,0.028023561515267692,0.028023561515267692,1500.0
316,316,1500.0,2050.0,1,0,0,0,1,0,0.1,0,-64.395,-73.574,72.425,0.0,0.0,0.7005405056097767,0.0,0.0,0.0,0.05514305207765884,1,0,0,0,0.028021620224391065,0.028021620224391065,1500.0
317,317,1500.0,2050.0,1,0,0,0,1,0,0.1,0,-64.087,-74.202,72.425,0.0,0.0,0.699462650897098,0.0,0.0,0.0,0.05876828611645866,1,0,0,0,0.02797850603588392,0.02797850603588392,1500.0
318,318,1500.0,2050.0,1,0,0,0,1,0,0.1,0,-63.766,-74.775,72.425,0.0,0.0,0.6567876369116671,0.0,0.0,0.0,0.05467260998897227,1,0,0,0,0.026271505476466683,0.026271505476466683,1500.0
319,319,1500.0,2050.0,1,0,0,0,1,0,0.1,0,-63.589,-75.073,72.425,0.0,0.0,0.3466020773163261,0.0,0.0,0.0,0.02531855346410169,1,0,0,0,0.013864083092653044,0.013864083092653044,1500.0
320,320,1500.0,2050.0,1,0,0,0,1,0,0.1,0,-63.213,-75.664,72.425,0.0,0.0,0.7004691285131758,0.0,0.0,0.0,0.030653435738375066,1,0,0,0,0.028018765140527032,0.028018765140527032,1500.0
321,321,1500.0,2050.0,1,0,0,0,1,0,0.1,0,-62.805,-76.233,72.425,0.0,0.0,0.7001606958406077,0.0,0.0,0.0,0.05545609186800476,1,0,0,0,0.02800642783362431,0.02800642783362431,1500.0
322,322,1500.0,2050.0,1,0,0,0,1,0,0.1,0,-62.364,-76.777,72.425,0.0,0.0,0.70029779379918,0.0,0.0,0.0,0.05913247549409999,1,0,0,0,0.0280119117519672,0.0280119117519672,1500.0
323,323,1500.0,2050.0,1,0,0,0,1,0,0.1,0,-61.977,-77.208,72.425,0.0,0.0,0.5792495144581462,0.0,0.0,0.0,0.05045192787416516,1,0,0,0,0.02316998057832585,0.02316998057832585,1500.0
324,324,1500.0,2050.0,1,0,0,0,1,0,0.1,0,-61.739,-77.46,72.425,0.0,0.0,0.3466237152879148,0.0,0.0,0.0,0.025174285845679028,1,0,0,0,0.013864948611516591,0.013864948611516591,1500.0
325,325,1500.0,2050.0,1,0,0,0,1,0,0.1,0,-61.244,-77.956,72.425,0.0,0.0,0.7007431769200516,0.0,0.0,0.0,0.02755457644562171,1,0,0,0,0.028029727076802066,0.028029727076802066,1500.0
326,326,1500.0,2050.0,1,0,0,0,1,0,0.1,0,-60.722,-78.422,72.425,0.0,0.0,0.6997428098951733,0.0,0.0,0.0,0.057628662402379786,1,0,0,0,0.027989712395806936,0.027989712395806936,1500.0
327,327,1500.0,2050.0,1,0,0,0,1,0,0.1,0,-60.174,-78.858,72.425,0.0,0.0,0.7002856560004697,0.0,0.0,0.0,0.056713815756151344,1,0,0,0,0.02801142624001879,0.02801142624001879,1500.0
328,328,1500.0,2050.0,1,0,0,0,1,0,0.1,0,-59.628,-79.245,72.425,0.0,0.0,0.669242108657248,0.0,0.0,0.0,0.055462997664867834,1,0,0,0,0.02676968434628992,0.02676968434628992,1500.0
329,329,1500.0,2050.0,1,0,0,0,1,0,0.1,0,-59.339,-79.438,72.425,0.0,0.0,0.3475197836095091,0.0,0.0,0.0,0.027801080992096227,1,0,0,0,0.013900791344380364,0.013900791344380364,1500.0
330,330,1500.0,2050.0,1,0,0,0,1,0,0.1,0,-58.746,-79.81,72.425,0.0,0.0,0.7000235710317159,0.0,0.0,0.0,0.028535716994454945,1,0,0,0,0.028000942841268636,0.028000942841268636,1500.0
331,331,1500.0,2050.0,1,0,0,0,1,0,0.1,0,-58.133,-80.147,72.425,0.0,0.0,0.6995269830392546,0.0,0.0,0.0,0.057609647568559665,1,0,0,0,0.027981079321570186,0.027981079321570186,1500.0
332,332,1500.0,2050.0,1,0,0,0,1,0,0.1,0,-57.501,-80.449,72.425,0.0,0.0,0.7004484277946534,0.0,0.0,0.0,0.056885758328811736,1,0,0,0,0.02801793711178614,0.02801793711178614,1500.0
333,333,1500.0,2050.0,1,0,0,0,1,0,0.1,0,-56.973,-80.668,72.425,0.0,0.0,0.5716161299333691,0.0,0.0,0.0,0.05259330066123643,1,0,0,0,0.022864645197334763,0.022864645197334763,1500.0
334,334,1500.0,2050.0,1,0,0,0,1,0,0.1,0,-56.65,-80.794,72.425,0.0,0.0,0.3467059272640113,0.0,0.0,0.0,0.021239575751270588,1,0,0,0,0.01386823709056045,0.01386823709056045,1500.0
335,335,1500.0,2050.0,1,0,0,0,1,0,0.1,0,-55.99,-81.029,72.425,0.0,0.0,0.7005890378816922,0.0,0.0,0.0,0.029872901579580904,1,0,0,0,0.028023561515267692,0.028023561515267692,1500.0
336,336,1500.0,2050.0,1,0,0,0,1,0,0.1,0,-55.318,-81.226,72.425,0.0,0.0,0.7002806580222009,0.0,0.0,0.0,0.05689879852227557,1,0,0,0,0.028011226320888035,0.028011226320888035,1500.0
337,337,1500.0,2050.0,1,0,0,0,1,0,0.1,0,-54.636,-81.384,72.425,0.0,0.0,0.7000628543209485,0.0,0.0,0.0,0.05750960967522369,1,0,0,0,0.02800251417283794,0.02800251417283794,1500.0
338,338,1500.0,2050.0,1,0,0,0,1,0,0.1,0,-53.975,-81.499,72.425,0.0,0.0,0.6709292063996026,0.0,0.0,0.0,0.05540071964121174,1,0,0,0,0.026837168255984103,0.026837168255984103,1500.0
339,339,1500.0,2050.0,1,0,0,0,1,0,0.1,0,-53.631,-81.549,72.425,0.0,0.0,0.3476147292621559,0.0,0.0,0.0,0.02791660054615161,1,0,0,0,0.013904589170486236,0.013904589170486236,1500.0
340,340,1500.0,2050.0,1,0,0,0,1,0,0.1,0,-52.936,-81.63,72.425,0.0,0.0,0.6997042232257846,0.0,0.0,0.0,0.028314727422825092,1,0,0,0,0.027988168929031384,0.027988168929031384,1500.0
341,341,1500.0,2050.0,1,0,0,0,1,0,0.1,0,-52.237,-81.671,72.425,0.0,0.0,0.7002013995987142,0.0,0.0,0.0,0.05743523751619404,1,0,0,0,0.02800805598394857,0.02800805598394857,1500.0
342,342,1500.0,2050.0,1,0,0,0,1,0,0.1,0,-51.865,-81.677,72.425,0.0,0.0,0.3720483839502598,0.0,0.0,0.0,0.04246045992365941,1,0,0,0,0.014881935358010393,0.014881935358010393,1500.0
343,343,1500.0,2050.0,1,0,0,0,1,0,0.1,0,27.76,-81.67,72.425,0.0,0.0,79.6250003076923,0.0,0.0,0.0,0.016215545931316265,1,0,1,0,3.1850000123076923,3.1850000123076923,1500.0
344,344,1500.0,2050.0,1,0,0,0,1,0,0.1,0,28.46,-81.65,72.425,0.0,0.0,0.700285656000463,0.0,0.0,0.0,0.02847574575106772,1,0,0,0,0.02801142624001852,0.02801142624001852,1500.0
345,345,1500.0,2050.0,1,0,0,0,1,0,0.1,0,29.157,-81.59,72.425,0.0,0.0,0.6995777297770414,0.0,0.0,0.0,0.05730786166234545,1,0,0,0,0.027983109191081657,0.027983109191081657,1500.0
346,346,1500.0,2050.0,1,0,0,0,1,0,0.1,0,29.85,-81.49,72.425,0.0,0.0,0.7001778345534824,0.0,0.0,0.0,0.057439389947691884,1,0,0,0,0.028007113382139296,0.028007113382139296,1500.0
347,347,1500.0,2050.0,1,0,0,0,1,0,0.1,0,30.66,-81.326,72.425,0.0,0.0,0.8264357204283939,0.0,0.0,0.0,0.05645768818679864,1,0,0,0,0.033057428817135755,0.033057428817135755,1500.0
348,348,1500.0,2050.0,1,0,0,0,1,0,0.1,0,31.341,-81.161,72.425,0.0,0.0,0.7007039317714713,0.0,0.0,0.0,0.03794124231778847,1,0,0,0,0.02802815727085885,0.02802815727085885,1500.0
349,349,1500.0,2050.0,1,0,0,0,1,0,0.1,0,32.01,-80.956,72.425,0.0,0.0,0.6997042232257822,0.0,0.0,0.0,0.0596332657316143,1,0,0,0,0.027988168929031287,0.027988168929031287,1500.0
350,350,1500.0,2050.0,1,0,0,0,1,0,0.1,0,32.667,-80.714,72.425,0.0,0.0,0.7001521263268483,0.0,0.0,0.0,0.05557674535710651,1,0,0,0,0.028006085053073934,0.028006085053073934,1500.0
351,351,1500.0,2050.0,1,0,0,0,1,0,0.1,0,33.275,-80.45,72.425,0.0,0.0,0.6628423643672711,0.0,0.0,0.0,0.05672625758273648,1,0,0,0,0.02651369457469084,0.02651369457469084,1500.0
352,352,1500.0,2050.0,1,0,0,0,1,0,0.1,0,33.589,-80.304,72.425,0.0,0.0,0.346283121159551,0.0,0.0,0.0,0.025585378682503063,1,0,0,0,0.013851324846382039,0.013851324846382039,1500.0
353,353,1500.0,2050.0,1,0,0,0,1,0,0.1,0,34.215,-79.99,72.425,0.0,0.0,0.7003370617067259,0.0,0.0,0.0,0.029693260207276917,1,0,0,0,0.028013482468269037,0.028013482468269037,1500.0
354,354,1500.0,2050.0,1,0,0,0,1,0,0.1,0,34.822,-79.641,72.425,0.0,0.0,0.7001785486574063,0.0,0.0,0.0,0.05687857925556297,1,0,0,0,0.02800714194629625,0.02800714194629625,1500.0
355,355,1500.0,2050.0,1,0,0,0,1,0,0.1,0,35.408,-79.258,72.425,0.0,0.0,0.7000607116529293,0.0,0.0,0.0,0.05708700918353997,1,0,0,0,0.02800242846611717,0.02800242846611717,1500.0
356,356,1500.0,2050.0,1,0,0,0,1,0,0.1,0,35.87,-78.921,72.425,0.0,0.0,0.5718505049398742,0.0,0.0,0.0,0.05132019482611202,1,0,0,0,0.022874020197594967,0.022874020197594967,1500.0
357,357,1500.0,2050.0,1,0,0,0,1,0,0.1,0,36.145,-78.71,72.425,0.0,0.0,0.3466208303030972,0.0,0.0,0.0,0.024253785617862237,1,0,0,0,0.013864833212123888,0.013864833212123888,1500.0
358,358,1500.0,2050.0,1,0,0,0,1,0,0.1,0,36.689,-78.268,72.425,0.0,0.0,0.7009279563549955,0.0,0.0,0.0,0.027852238477052666,1,0,0,0,0.02803711825419982,0.02803711825419982,1500.0
359,359,1500.0,2050.0,1,0,0,0,1,0,0.1,0,37.206,-77.796,72.425,0.0,0.0,0.7000521409152304,0.0,0.0,0.0,0.05761246385324796,1,0,0,0,0.028002085636609213,0.028002085636609213,1500.0
360,360,1500.0,2050.0,1,0,0,0,1,0,0.1,0,37.695,-77.295,72.425,0.0,0.0,0.7000871374336213,0.0,0.0,0.0,0.05758976321155352,1,0,0,0,0.02800348549734485,0.02800348549734485,1500.0
361,361,1500.0,2050.0,1,0,0,0,1,0,0.1,0,38.139,-76.786,72.425,0.0,0.0,0.675438376167658,0.0,0.0,0.0,0.05597957746128533,1,0,0,0,0.02701753504670632,0.02701753504670632,1500.0
362,362,1500.0,2050.0,1,0,0,0,1,0,0.1,0,38.36,-76.519,72.425,0.0,0.0,0.3465977495599132,0.0,0.0,0.0,0.025884392652501247,1,0,0,0,0.013863909982396528,0.013863909982396528,1500.0
363,363,1500.0,2050.0,1,0,0,0,1,0,0.1,0,38.79,-75.966,72.425,0.0,0.0,0.7005062455110679,0.0,0.0,0.0,0.030495609345855768,1,0,0,0,0.028020249820442718,0.028020249820442718,1500.0
364,364,1500.0,2050.0,1,0,0,0,1,0,0.1,0,39.188,-75.39,72.425,0.0,0.0,0.7001285596231559,0.0,0.0,0.0,0.056276643911774206,1,0,0,0,0.028005142384926233,0.028005142384926233,1500.0
365,365,1500.0,2050.0,1,0,0,0,1,0,0.1,0,39.553,-74.792,72.425,0.0,0.0,0.7005918926165182,0.0,0.0,0.0,0.05663322759411733,1,0,0,0,0.02802367570466073,0.02802367570466073,1500.0
366,366,1500.0,2050.0,1,0,0,0,1,0,0.1,0,39.825,-74.288,72.425,0.0,0.0,0.572712842531061,0.0,0.0,0.0,0.05312065145873924,1,0,0,0,0.02290851370124244,0.02290851370124244,1500.0
367,367,1500.0,2050.0,1,0,0,0,1,0,0.1,0,39.983,-73.979,72.425,0.0,0.0,0.34705186932214704,0.0,0.0,0.0,0.022219459535571157,1,0,0,0,0.013882074772885881,0.013882074772885881,1500.0
368,368,1500.0,2050.0,1,0,0,0,1,0,0.1,0,40.283,-73.347,72.425,0.0,0.0,0.6995884504478393,0.0,0.0,0.0,0.02947787758688332,1,0,0,0,0.027983538017913572,0.027983538017913572,1500.0
369,369,1500.0,2050.0,1,0,0,0,1,0,0.1,0,40.547,-72.698,72.425,0.0,0.0,0.7006404213289431,0.0,0.0,0.0,0.05685289048732378,1,0,0,0,0.028025616853157725,0.028025616853157725,1500.0
370,370,1500.0,2050.0,1,0,0,0,1,0,0.1,0,40.824,-71.873,72.425,0.0,0.0,0.8702608804260834,0.0,0.0,0.0,0.06240643132102834,1,0,0,0,0.034810435217043335,0.034810435217043335,1500.0
371,371,1500.0,2050.0,1,0,0,0,1,0,0.1,0,41.012,-71.198,72.425,0.0,0.0,0.7006918010081296,0.0,0.0,0.0,0.05229638552382771,1,0,0,0,0.02802767204032518,0.02802767204032518,1500.0
372,372,1500.0,2050.0,1,0,0,0,1,0,0.1,0,41.182,-70.413,72.425,0.0,0.0,0.8031967380411821,0.0,0.0,0.0,0.058367155134774716,1,0,0,0,0.032127869521647284,0.032127869521647284,1500.0
373,373,1500.0,2050.0,1,0,0,0,1,0,0.1,0,41.296,-69.723,72.425,0.0,0.0,0.6993539876200008,0.0,0.0,0.0,0.04952900172731821,1,0,0,0,0.02797415950480003,0.02797415950480003,1500.0
374,374,1500.0,2050.0,1,0,0,0,1,0,0.1,0,41.351,-69.249,72.425,0.0,0.0,0.47718025944081505,0.0,0.0,0.0,0.04822107208901881,1,0,0,0,0.019087210377632603,0.019087210377632603,1500.0
375,375,1500.0,2050.0,1,0,0,0,1,0,0.1,0,41.421,-68.32,72.425,0.0,0.0,0.9316335116342712,0.0,0.0,0.0,0.04030944870350021,1,0,0,0,0.03726534046537085,0.03726534046537085,1500.0
376,376,1500.0,2050.0,1,0,0,0,1,0,0.1,0,42.055,-50.312,72.425,0.0,0.0,18.019157028007715,0.0,0.0,0.0,0.04001568087509976,1,0,0,0,0.7207662811203086,0.7207662811203086,1500.0
377,377,1500.0,2050.0,1,0,0,0,1,0,0.1,0,42.033,-49.909,72.425,0.0,0.0,0.4036000495540094,0.0,0.0,0.0,0.08972847791944859,1,1,0,0,0.01614400198216038,0.01614400198216038,1500.0
378,378,1500.0,2050.0,1,0,0,0,1,0,0.1,0,42.052,-49.506,72.425,0.0,0.0,0.4034476422040398,0.0,0.0,0.0,0.10164795489476951,1,1,0,0,0.01613790568816159,0.01613790568816159,1500.0
379,379,1500.0,2050.0,1,0,0,0,1,0,0.1,0,42.111,-49.107,72.425,0.0,0.0,0.4033385674591514,0.0,0.0,0.0,0.09969433465843587,1,0,0,0,0.016133542698366057,0.016133542698366057,1500.0
380,380,1500.0,2050.0,1,0,0,0,1,0,0.1,0,42.208,-48.716,72.425,0.0,0.0,0.4028523302650723,0.0,0.0,0.0,0.09636667313135142,1,0,0,0,0.016114093210602892,0.016114093210602892,1500.0
381,381,1500.0,2050.0,1,0,0,0,1,0,0.1,0,42.344,-48.337,72.425,0.0,0.0,0.4026623896020078,0.0,0.0,0.0,0.10135492326172907,1,0,0,0,0.01610649558408031,0.01610649558408031,1500.0
382,382,1500.0,2050.0,1,0,0,0,1,0,0.1,0,42.517,-47.972,72.425,0.0,0.0,0.403923260038342,0.0,0.0,0.0,0.09808229127837922,1,0,0,0,0.016156930401533678,0.016156930401533678,1500.0
383,383,1500.0,2050.0,1,0,0,0,1,0,0.1,0,42.725,-47.627,72.425,0.0,0.0,0.4028510891135812,0.0,0.0,0.0,0.09993832365090254,1,0,0,0,0.01611404356454325,0.01611404356454325,1500.0
384,384,1500.0,2050.0,1,0,0,0,1,0,0.1,0,42.967,-47.304,72.425,0.0,0.0,0.4036000495540095,0.0,0.0,0.0,0.10045750629223468,1,0,0,0,0.016144001982160382,0.016144001982160382,1500.0
385,385,1500.0,2050.0,1,0,0,0,1,0,0.1,0,43.239,-47.007,72.425,0.0,0.0,0.40273192076119524,0.0,0.0,0.0,0.09848410324757696,1,0,0,0,0.01610927683044781,0.01610927683044781,1500.0
386,386,1500.0,2050.0,1,0,0,0,1,0,0.1,0,43.465,-46.799,72.425,0.0,0.0,0.30714817271148165,0.0,0.0,0.0,0.08535938951299148,1,0,0,0,0.012285926908459267,0.012285926908459267,1500.0
387,387,1500.0,2050.0,1,0,0,0,1,0,0.1,0,43.782,-46.551,72.425,0.0,0.0,0.4024835400361043,0.0,0.0,0.0,0.08007124287670901,1,0,0,0,0.016099341601444175,0.016099341601444175,1500.0
388,388,1500.0,2050.0,1,0,0,0,1,0,0.1,0,44.122,-46.335,72.425,0.0,0.0,0.4028101289689756,0.0,0.0,0.0,0.09790841941476591,1,0,0,0,0.016112405158759027,0.016112405158759027,1500.0
389,389,1500.0,2050.0,1,0,0,0,1,0,0.1,0,44.483,-46.153,72.425,0.0,0.0,0.4042833164997026,0.0,0.0,0.0,0.09900142215859395,1,0,0,0,0.016171332659988102,0.016171332659988102,1500.0
390,390,1500.0,2050.0,1,0,0,0,1,0,0.1,0,44.859,-46.009,72.425,0.0,0.0,0.4026313450291757,0.0,0.0,0.0,0.10121887962683294,1,0,0,0,0.01610525380116703,0.01610525380116703,1500.0
391,391,1500.0,2050.0,1,0,0,0,1,0,0.1,0,45.248,-45.902,72.425,0.0,0.0,0.4034476422040369,0.0,0.0,0.0,0.09732134249248553,1,0,0,0,0.016137905688161477,0.016137905688161477,1500.0
392,392,1500.0,2050.0,1,0,0,0,1,0,0.1,0,45.645,-45.834,72.425,0.0,0.0,0.40278157852613383,0.0,0.0,0.0,0.09878751560533537,1,0,0,0,0.016111263141045353,0.016111263141045353,1500.0
393,393,1500.0,2050.0,1,0,0,0,1,0,0.1,0,46.047,-45.806,72.425,0.0,0.0,0.4029739445671338,0.0,0.0,0.0,0.10009901048320641,1,0,0,0,0.016118957782685354,0.016118957782685354,1500.0
394,394,1500.0,2050.0,1,0,0,0,1,0,0.1,0,46.45,-45.818,72.425,0.0,0.0,0.40317862046493075,0.0,0.0,0.0,0.09930731179813808,1,0,1,0,0.016127144818597228,0.016127144818597228,1500.0
395,395,1500.0,2050.0,1,0,0,0,1,0,0.1,0,47.403,-45.927,72.425,0.0,0.0,0.959213219258363,0.0,0.0,0.0,0.08411290906301748,1,0,0,0,0.038368528770334524,0.038368528770334524,1500.0
396,396,1500.0,2050.0,1,0,0,0,1,0,0.1,0,47.733,-45.951,72.425,0.0,0.0,0.33087157629509206,0.0,0.0,0.0,0.04128133444935132,1,0,0,0,0.013234863051803682,0.013234863051803682,1500.0
397,397,1500.0,2050.0,1,0,0,0,1,0,0.1,0,48.138,-45.995,72.425,0.0,0.0,0.40738311207019945,0.0,0.0,0.0,0.035618086732128094,1,0,0,0,0.016295324482807978,0.016295324482807978,1500.0
398,398,1500.0,2050.0,1,0,0,0,1,0,0.1,0,48.538,-46.078,72.425,0.0,0.0,0.40852050132153683,0.0,0.0,0.0,0.09637904709975997,1,0,0,0,0.016340820052861475,0.016340820052861475,1500.0
399,399,1500.0,2050.0,1,0,0,0,1,0,0.1,0,48.928,-46.2,72.425,0.0,0.0,0.40863675801376514,0.0,0.0,0.0,0.09858025160721734,1,0,0,0,0.016345470320550604,0.016345470320550604,1500.0
400,400,1500.0,2050.0,1,0,0,0,1,0,0.1,0,49.303,-46.36,72.425,0.0,0.0,0.4077070026379224,0.0,0.0,0.0,0.10010464254923587,1,0,0,0,0.016308280105516895,0.016308280105516895,1500.0
401,401,1500.0,2050.0,1,0,0,0,1,0,0.1,0,50.231,-46.871,72.425,0.0,0.0,1.0593889748340837,0.0,0.0,0.0,0.1000579865604602,1,0,0,0,0.042375558993363344,0.042375558993363344,1500.0
402,402,1500.0,2050.0,1,0,0,0,1,0,0.1,0,50.861,-47.177,72.425,0.0,0.0,0.7003827525003686,0.0,0.0,0.0,0.05118560599351182,1,0,0,0,0.028015310100014745,0.028015310100014745,1500.0
403,403,1500.0,2050.0,1,0,0,0,1,0,0.1,0,51.508,-47.445,72.425,0.0,0.0,0.7003092174175687,0.0,0.0,0.0,0.05944973428361133,1,0,0,0,0.028012368696702747,0.028012368696702747,1500.0
404,404,1500.0,2050.0,1,0,0,0,1,0,0.1,0,52.114,-47.661,72.425,0.0,0.0,0.6433443867789583,0.0,0.0,0.0,0.05030754007129682,1,0,0,0,0.02573377547115833,0.02573377547115833,1500.0
405,405,1500.0,2050.0,1,0,0,0,1,0,0.1,0,52.783,-47.867,72.425,0.0,0.0,0.69999785713958,0.0,0.0,0.0,0.043687594379506055,1,0,0,0,0.027999914285583197,0.027999914285583197,1500.0
406,406,1500.0,2050.0,1,0,0,0,1,0,0.1,0,53.588,-48.062,72.425,0.0,0.0,0.8282813531644906,0.0,0.0,0.0,0.06105084386981752,1,0,0,0,0.03313125412657962,0.03313125412657962,1500.0
407,407,1500.0,2050.0,1,0,0,0,1,0,0.1,0,54.275,-48.193,72.425,0.0,0.0,0.6993782953452279,0.0,0.0,0.0,0.04923598890491938,1,0,0,0,0.027975131813809114,0.027975131813809114,1500.0
408,408,1500.0,2050.0,1,0,0,0,1,0,0.1,0,55.096,-48.298,72.425,0.0,0.0,0.8276871389601251,0.0,0.0,0.0,0.061219878854566964,1,0,0,0,0.033107485558405,0.033107485558405,1500.0
409,409,1500.0,2050.0,1,0,0,0,1,0,0.1,0,55.794,-48.353,72.425,0.0,0.0,0.7001635523218847,0.0,0.0,0.0,0.048568195411919535,1,0,0,0,0.028006542092875387,0.028006542092875387,1500.0
410,410,1500.0,2050.0,1,0,0,0,1,0,0.1,0,56.582,-48.37,72.425,0.0,0.0,0.7881833543027954,0.0,0.0,0.0,0.05706382844666223,1,0,0,0,0.031527334172111815,0.031527334172111815,1500.0
411,411,1500.0,2050.0,1,0,0,0,1,0,0.1,0,57.335,-48.345,72.425,0.0,0.0,0.7534148923402033,0.0,0.0,0.0,0.054758598625238006,1,0,1,0,0.03013659569360813,0.03013659569360813,1500.0
412,412,1500.0,2050.0,1,0,0,0,1,0,0.1,0,58.086,-48.28,72.425,0.0,0.0,0.7538076677773955,0.0,0.0,0.0,0.05314776863525782,1,0,0,0,0.03015230671109582,0.03015230671109582,1500.0
413,413,1500.0,2050.0,1,0,0,0,1,0,0.1,0,58.832,-48.175,72.425,0.0,0.0,0.7533531708302582,0.0,0.0,0.0,0.05349599621150141,1,0,0,0,0.030134126833210324,0.030134126833210324,1500.0
414,414,1500.0,2050.0,1,0,0,0,1,0,0.1,0,59.617,-48.021,72.425,0.0,0.0,0.7999631241501033,0.0,0.0,0.0,0.0538860991128003,1,0,0,0,0.03199852496600413,0.03199852496600413,1500.0
415,415,1500.0,2050.0,1,0,0,0,1,0,0.1,0,60.296,-47.847,72.425,0.0,0.0,0.7009400830313548,0.0,0.0,0.0,0.05714274370093121,1,0,0,0,0.02803760332125419,0.02803760332125419,1500.0
416,416,1500.0,2050.0,1,0,0,0,1,0,0.1,0,60.963,-47.635,72.425,0.0,0.0,0.6998807041203547,0.0,0.0,0.0,0.05688238857327082,1,0,0,0,0.02799522816481419,0.02799522816481419,1500.0
417,417,1500.0,2050.0,1,0,0,0,1,0,0.1,0,61.355,-47.496,72.425,0.0,0.0,0.415914654706943,0.0,0.0,0.0,0.033016334488133854,1,0,0,0,0.016636586188277718,0.016636586188277718,1500.0
418,418,1500.0,2050.0,1,0,0,0,1,0,0.1,0,62.007,-47.242,72.425,0.0,0.0,0.6997285187842524,0.0,0.0,0.0,0.030723596148636165,1,0,0,0,0.027989140751370094,0.027989140751370094,1500.0
419,419,1500.0,2050.0,1,0,0,0,1,0,0.1,0,62.644,-46.952,72.425,0.0,0.0,0.6999064223165837,0.0,0.0,0.0,0.055735451828845275,1,0,0,0,0.02799625689266335,0.02799625689266335,1500.0
420,420,1500.0,2050.0,1,0,0,0,1,0,0.1,0,63.342,-46.582,72.425,0.0,0.0,0.7900025316415124,0.0,0.0,0.0,0.06020696683158432,1,0,0,0,0.03160010126566049,0.03160010126566049,1500.0
421,421,1500.0,2050.0,1,0,0,0,1,0,0.1,0,63.945,-46.225,72.425,0.0,0.0,0.7007553067940344,0.0,0.0,0.0,0.047120166600411253,1,0,0,0,0.028030212271761376,0.028030212271761376,1500.0
422,422,1500.0,2050.0,1,0,0,0,1,0,0.1,0,64.641,-45.753,72.425,0.0,0.0,0.8409518416651505,0.0,0.0,0.0,0.06137215282317131,1,0,0,0,0.03363807366660602,0.03363807366660602,1500.0
423,423,1500.0,2050.0,1,0,0,0,1,0,0.1,0,65.2,-45.331,72.425,0.0,0.0,0.7004034551599491,0.0,0.0,0.0,0.0507241551969999,1,0,0,0,0.028016138206397964,0.028016138206397964,1500.0
424,424,1500.0,2050.0,1,0,0,0,1,0,0.1,0,65.733,-44.878,72.425,0.0,0.0,0.6994983917065171,0.0,0.0,0.0,0.05779744026445125,1,0,0,0,0.02797993566826068,0.02797993566826068,1500.0
425,425,1500.0,2050.0,1,0,0,0,1,0,0.1,0,66.739,-43.909,72.425,0.0,0.0,1.396780942023481,0.0,0.0,0.0,0.06222657645071354,1,0,0,0,0.05587123768093924,0.05587123768093924,1500.0
426,426,1500.0,2050.0,1,0,0,0,1,0,0.1,0,67.15,-43.57,72.425,0.0,0.0,0.5327682422967798,0.0,0.0,0.0,0.07697472211782182,1,0,0,0,0.02131072969187119,0.02131072969187119,1500.0
427,427,1500.0,2050.0,1,0,0,0,1,0,0.1,0,67.585,-43.263,72.425,0.0,0.0,0.5324227643517799,0.0,0.0,0.0,0.07511876424208291,1,0,0,0,0.0212969105740712,0.0212969105740712,1500.0
428,428,1500.0,2050.0,1,0,0,0,1,0,0.1,0,68.041,-42.989,72.425,0.0,0.0,0.5319887216849651,0.0,0.0,0.0,0.07350844556171929,1,0,0,0,0.021279548867398607,0.021279548867398607,1500.0
429,429,1500.0,2050.0,1,0,0,0,1,0,0.1,0,68.518,-42.75,72.425,0.0,0.0,0.5335260068637726,0.0,0.0,0.0,0.0765784137350476,1,0,0,0,0.021341040274550905,0.021341040274550905,1500.0
430,430,1500.0,2050.0,1,0,0,0,1,0,0.1,0,69.01,-42.548,72.425,0.0,0.0,0.5318533632496871,0.0,0.0,0.0,0.07490149174700818,1,0,0,0,0.021274134529987485,0.021274134529987485,1500.0
431,431,1500.0,2050.0,1,0,0,0,1,0,0.1,0,69.517,-42.383,72.425,0.0,0.0,0.5331735177219423,0.0,0.0,0.0,0.07495110316934432,1,0,0,0,0.021326940708877692,0.021326940708877692,1500.0
432,432,1500.0,2050.0,1,0,0,0,1,0,0.1,0,70.034,-42.256,72.425,0.0,0.0,0.5323701719668478,0.0,0.0,0.0,0.07375477854173859,1,0,0,0,0.02129480687867391,0.02129480687867391,1500.0
433,433,1500.0,2050.0,1,0,0,0,1,0,0.1,0,70.56,-42.169,72.425,0.0,0.0,0.5331463213790344,0.0,0.0,0.0,0.07696320611384581,1,0,0,0,0.021325852855161375,0.021325852855161375,1500.0
434,434,1500.0,2050.0,1,0,0,0,1,0,0.1,0,71.09,-42.121,72.425,0.0,0.0,0.532169146042873,0.0,0.0,0.0,0.07359561677230864,1,0,0,0,0.02128676584171492,0.02128676584171492,1500.0
435,435,1500.0,2050.0,1,0,0,0,1,0,0.1,0,72.357,-42.114,72.425,0.0,0.0,1.2670193368690115,0.0,0.0,0.0,0.0847948297618663,1,0,0,0,0.05068077347476046,0.05068077347476046,1500.0
436,436,1500.0,2050.0,1,0,0,0,1,0,0.1,0,73.406,-42.085,72.425,0.0,0.0,1.0494007813986101,0.0,0.0,0.0,0.022113531296305444,1,0,0,0,0.04197603125594441,0.04197603125594441,1500.0
437,437,1500.0,2050.0,1,0,0,0,1,0,0.1,0,74.215,-42.106,72.425,0.0,0.0,0.8092725128162923,0.0,0.0,0.0,0.05359048182173007,1,0,1,0,0.03237090051265169,0.03237090051265169,1500.0
438,438,1500.0,2050.0,1,0,0,0,1,0,0.1,0,75.022,-42.166,72.425,0.0,0.0,0.8092274093232402,0.0,0.0,0.0,0.048260752848851625,1,0,0,0,0.032369096372929604,0.032369096372929604,1500.0
439,439,1500.0,2050.0,1,0,0,0,1,0,0.1,0,75.825,-42.266,72.425,0.0,0.0,0.8092026940142969,0.0,0.0,0.0,0.04968225628198452,1,0,0,0,0.032368107760571876,0.032368107760571876,1500.0
440,440,1500.0,2050.0,1,0,0,0,1,0,0.1,0,76.622,-42.406,72.425,0.0,0.0,0.8092026940142967,0.0,0.0,0.0,0.04998958723784049,1,0,0,0,0.03236810776057187,0.03236810776057187,1500.0
441,441,1500.0,2050.0,1,0,0,0,1,0,0.1,0,77.441,-42.592,72.425,0.0,0.0,0.8398553446874076,0.0,0.0,0.0,0.049433531857807675,1,0,0,0,0.03359421378749631,0.03359421378749631,1500.0
442,442,1500.0,2050.0,1,0,0,0,1,0,0.1,0,77.802,-42.808,72.425,0.0,0.0,0.42068634396662263,0.0,0.0,0.0,0.3158782355397218,1,0,0,0,0.016827453758664904,0.016827453758664904,1500.0
443,443,1500.0,2050.0,1,0,0,0,1,0,0.1,0,78.141,-43.058,72.425,0.0,0.0,0.42121372247351946,0.0,0.0,0.0,0.0962326007492941,1,0,0,0,0.016848548898940777,0.016848548898940777,1500.0
444,444,1500.0,2050.0,1,0,0,0,1,0,0.1,0,78.839,-43.65,72.425,0.0,0.0,0.915242044488773,0.0,0.0,0.0,0.06798270420726549,1,0,0,0,0.036609681779550915,0.036609681779550915,1500.0
445,445,1500.0,2050.0,1,0,0,0,1,0,0.1,0,79.399,-44.072,72.425,0.0,0.0,0.7012018254397274,0.0,0.0,0.0,0.05762890612529476,1,0,0,0,0.028048073017589097,0.028048073017589097,1500.0
446,446,1500.0,2050.0,1,0,0,0,1,0,0.1,0,79.981,-44.46,72.425,0.0,0.0,0.6994769474400075,0.0,0.0,0.0,0.0577803039096362,1,0,0,0,0.0279790778976003,0.0279790778976003,1500.0
447,447,1500.0,2050.0,1,0,0,0,1,0,0.1,0,80.561,-44.802,72.425,0.0,0.0,0.6733231022325119,0.0,0.0,0.0,0.0552243198118495,1,0,0,0,0.026932924089300477,0.026932924089300477,1500.0
448,448,1500.0,2050.0,1,0,0,0,1,0,0.1,0,80.865,-44.97,72.425,0.0,0.0,0.34733269353746754,0.0,0.0,0.0,0.027916912076579117,1,0,0,0,0.013893307741498702,0.013893307741498702,1500.0
449,449,1500.0,2050.0,1,0,0,0,1,0,0.1,0,81.488,-45.291,72.425,0.0,0.0,0.7008352160101579,0.0,0.0,0.0,0.029089277035549296,1,0,0,0,0.028033408640406314,0.028033408640406314,1500.0
450,450,1500.0,2050.0,1,0,0,0,1,0,0.1,0,82.127,-45.576,72.425,0.0,0.0,0.6996756391357332,0.0,0.0,0.0,0.05624171441561027,1,0,0,0,0.027987025565429327,0.027987025565429327,1500.0
451,451,1500.0,2050.0,1,0,0,0,1,0,0.1,0,82.782,-45.823,72.425,0.0,0.0,0.7000242852930185,0.0,0.0,0.0,0.058920554679508665,1,0,0,0,0.02800097141172074,0.02800097141172074,1500.0
452,452,1500.0,2050.0,1,0,0,0,1,0,0.1,0,83.353,-46.006,72.425,0.0,0.0,0.5996082054141667,0.0,0.0,0.0,0.05046212594831021,1,0,0,0,0.023984328216566667,0.023984328216566667,1500.0
453,453,1500.0,2050.0,1,0,0,0,1,0,0.1,0,83.687,-46.103,72.425,0.0,0.0,0.34780023001717864,0.0,0.0,0.0,0.027503676121227394,1,0,0,0,0.013912009200687147,0.013912009200687147,1500.0
454,454,1500.0,2050.0,1,0,0,0,1,0,0.1,0,84.364,-46.28,72.425,0.0,0.0,0.6997556716454744,0.0,0.0,0.0,0.026920539883044766,1,0,0,0,0.027990226865818972,0.027990226865818972,1500.0
455,455,1500.0,2050.0,1,0,0,0,1,0,0.1,0,85.05,-46.419,72.425,0.0,0.0,0.6999407117749252,0.0,0.0,0.0,0.05580621430517667,1,0,0,0,0.02799762847099701,0.02799762847099701,1500.0
456,456,1500.0,2050.0,1,0,0,0,1,0,0.1,0,85.779,-46.523,72.425,0.0,0.0,0.7363810155075972,0.0,0.0,0.0,0.05821226382875436,1,0,0,0,0.02945524062030389,0.02945524062030389,1500.0
457,457,1500.0,2050.0,1,0,0,0,1,0,0.1,0,86.476,-46.59,72.425,0.0,0.0,0.7002128247897234,0.0,0.0,0.0,0.04587319642208372,1,0,0,0,0.028008512991588935,0.028008512991588935,1500.0
458,458,1500.0,2050.0,1,0,0,0,1,0,0.1,0,86.762,-46.607,72.425,0.0,0.0,0.2865047992617238,0.0,0.0,0.0,0.03646110628325867,1,0,0,0,0.011460191970468952,0.011460191970468952,1500.0
459,459,1500.0,2050.0,1,0,0,0,1,0,0.1,0,87.462,-46.627,72.425,0.0,0.0,0.7002856560004668,0.0,0.0,0.0,0.030807044897831284,1,0,0,0,0.02801142624001867,0.02801142624001867,1500.0
460,460,1500.0,2050.0,1,0,0,0,1,0,0.1,0,88.318,-46.599,72.425,0.0,0.0,0.8564578214950174,0.0,0.0,0.0,0.06126227943920089,1,0,1,0,0.034258312859800695,0.034258312859800695,1500.0
461,461,1500.0,2050.0,1,0,0,0,1,0,0.1,0,89.015,-46.541,72.425,0.0,0.0,0.6994090362584714,0.0,0.0,0.0,0.05032387364643473,1,0,0,0,0.027976361450338855,0.027976361450338855,1500.0
462,462,1500.0,2050.0,1,0,0,0,1,0,0.1,0,89.709,-46.443,72.425,0.0,0.0,0.7008851546437571,0.0,0.0,0.0,0.05726035575527319,1,0,0,0,0.028035406185750286,0.028035406185750286,1500.0
463,463,1500.0,2050.0,1,0,0,0,1,0,0.1,0,90.395,-46.306,72.425,0.0,0.0,0.6995462815282419,0.0,0.0,0.0,0.056832361224017226,1,0,0,0,0.02798185126112968,0.02798185126112968,1500.0
464,464,1500.0,2050.0,1,0,0,0,1,0,0.1,0,91.435,-46.049,72.425,0.0,0.0,1.0712838092681192,0.0,0.0,0.0,0.045146681492354554,1,0,0,0,0.042851352370724766,0.042851352370724766,1500.0
465,465,1500.0,2050.0,1,0,0,0,1,0,0.1,0,91.931,-45.973,72.425,0.0,0.0,0.5017888001938616,0.0,0.0,0.0,0.09021862585510744,1,0,0,0,0.020071552007754463,0.020071552007754463,1500.0
466,466,1500.0,2050.0,1,0,0,0,1,0,0.1,0,92.43,-45.936,72.425,0.0,0.0,0.5003698632012218,0.0,0.0,0.0,0.07803041312433392,1,0,0,0,0.02001479452804887,0.02001479452804887,1500.0
467,467,1500.0,2050.0,1,0,0,0,1,0,0.1,0,93.455,-45.937,72.425,0.0,0.0,1.0250004878047534,0.0,0.0,0.0,0.07498846418563866,1,0,1,0,0.041000019512190136,0.041000019512190136,1500.0
468,468,1500.0,2050.0,1,0,0,0,1,0,0.1,0,96.31,-45.892,72.425,0.0,0.0,2.8553546189571657,0.0,0.0,0.0,0.016736125744340743,1,0,1,0,0.11421418475828662,0.11421418475828662,1500.0
469,469,1500.0,2050.0,1,0,0,0,1,0,0.1,0,99.167,-45.888,72.425,0.0,0.0,2.8570028001386345,0.0,0.0,0.0,0.014360447209087416,1,0,0,0,0.11428011200554537,0.11428011200554537,1500.0
470,470,1500.0,2050.0,1,0,0,0,1,0,0.1,0,102.023,-45.923,72.425,0.0,0.0,2.856214452732842,0.0,0.0,0.0,0.013654357613652121,1,0,1,0,0.11424857810931367,0.11424857810931367,1500.0
471,471,1500.0,2050.0,1,0,0,0,1,0,0.1,0,104.823,-45.996,72.425,0.0,0.0,2.8009514454913322,0.0,0.0,0.0,0.013811235369235755,1,0,0,0,0.11203805781965329,0.11203805781965329,1500.0
472,472,1500.0,2050.0,1,0,0,0,1,0,0.1,0,105.211,-46.081,72.425,0.0,0.0,0.3972014602188721,0.0,0.0,0.0,0.1895996079666287,1,0,0,0,0.015888058408754884,0.015888058408754884,1500.0
473,473,1500.0,2050.0,1,0,0,0,1,0,0.1,0,105.589,-46.205,72.425,0.0,0.0,0.3978190543450614,0.0,0.0,0.0,0.10131598334277454,1,0,0,0,0.015912762173802456,0.015912762173802456,1500.0
474,474,1500.0,2050.0,1,0,0,0,1,0,0.1,0,105.952,-46.365,72.425,0.0,0.0,0.39669761784008845,0.0,0.0,0.0,0.09817181374446975,1,0,0,0,0.01586790471360354,0.01586790471360354,1500.0
475,475,1500.0,2050.0,1,0,0,0,1,0,0.1,0,106.297,-46.562,72.425,0.0,0.0,0.39728327425150617,0.0,0.0,0.0,0.10368097800293655,1,0,0,0,0.015891330970060246,0.015891330970060246,1500.0
476,476,1500.0,2050.0,1,0,0,0,1,0,0.1,0,106.621,-46.792,72.425,0.0,0.0,0.39733612974407523,0.0,0.0,0.0,0.09848989984282842,1,0,0,0,0.01589344518976301,0.01589344518976301,1500.0
477,477,1500.0,2050.0,1,0,0,0,1,0,0.1,0,106.92,-47.053,72.425,0.0,0.0,0.3968904130865366,0.0,0.0,0.0,0.10032107842644847,1,0,0,0,0.015875616523461464,0.015875616523461464,1500.0
478,478,1500.0,2050.0,1,0,0,0,1,0,0.1,0,107.191,-47.344,72.425,0.0,0.0,0.3976455708291024,0.0,0.0,0.0,0.10332545508667464,1,0,0,0,0.015905822833164097,0.015905822833164097,1500.0
479,479,1500.0,2050.0,1,0,0,0,1,0,0.1,0,107.432,-47.66,72.425,0.0,0.0,0.397412883535495,0.0,0.0,0.0,0.09827271151490462,1,0,0,0,0.0158965153414198,0.0158965153414198,1500.0
480,480,1500.0,2050.0,1,0,0,0,1,0,0.1,0,107.64,-47.998,72.425,0.0,0.0,0.39687277558431744,0.0,0.0,0.0,0.09989829244448738,1,0,0,0,0.015874911023372698,0.015874911023372698,1500.0
481,481,1500.0,2050.0,1,0,0,0,1,0,0.1,0,108.087,-48.925,72.425,0.0,0.0,1.0291443047503113,0.0,0.0,0.0,0.10234798099654514,1,0,0,0,0.041165772190012447,0.041165772190012447,1500.0
482,482,1500.0,2050.0,1,0,0,0,1,0,0.1,0,108.424,-49.538,72.425,0.0,0.0,0.6995269830392546,0.0,0.0,0.0,0.053348321880072706,1,0,0,0,0.027981079321570186,0.027981079321570186,1500.0
483,483,1500.0,2050.0,1,0,0,0,1,0,0.1,0,108.795,-50.132,72.425,0.0,0.0,0.7003406314073158,0.0,0.0,0.0,0.05564128269296416,1,0,0,0,0.028013625256292633,0.028013625256292633,1500.0
484,484,1500.0,2050.0,1,0,0,0,1,0,0.1,0,109.2,-50.703,72.425,0.0,0.0,0.700047141269791,0.0,0.0,0.0,0.05863173632636541,1,0,0,0,0.028001885650791637,0.028001885650791637,1500.0
485,485,1500.0,2050.0,1,0,0,0,1,0,0.1,0,109.637,-51.25,72.425,0.0,0.0,0.7001271313125886,0.0,0.0,0.0,0.0571434051563787,1,0,0,0,0.028005085252503545,0.028005085252503545,1500.0
486,486,1500.0,2050.0,1,0,0,0,1,0,0.1,0,110.049,-51.72,72.425,0.0,0.0,0.6250151998151757,0.0,0.0,0.0,0.04566132222785796,1,0,0,0,0.02500060799260703,0.02500060799260703,1500.0
487,487,1500.0,2050.0,1,0,0,0,1,0,0.1,0,110.528,-52.231,72.425,0.0,0.0,0.7004013135338926,0.0,0.0,0.0,0.03335311121826811,1,0,0,0,0.028016052541355703,0.028016052541355703,1500.0
488,488,1500.0,2050.0,1,0,0,0,1,0,0.1,0,111.035,-52.713,72.425,0.0,0.0,0.6995519994968137,0.0,0.0,0.0,0.057584659011817856,1,0,0,0,0.027982079979872548,0.027982079979872548,1500.0
489,489,1500.0,2050.0,1,0,0,0,1,0,0.1,0,111.666,-53.245,72.425,0.0,0.0,0.8253393241570381,0.0,0.0,0.0,0.059647279796174194,1,0,0,0,0.033013572966281525,0.033013572966281525,1500.0
490,490,1500.0,2050.0,1,0,0,0,1,0,0.1,0,112.224,-53.668,72.425,0.0,0.0,0.7002092544375641,0.0,0.0,0.0,0.05183575528647121,1,0,0,0,0.028008370177502566,0.028008370177502566,1500.0
491,491,1500.0,2050.0,1,0,0,0,1,0,0.1,0,112.937,-54.143,72.425,0.0,0.0,0.8567344979630461,0.0,0.0,0.0,0.06096357746991095,1,0,0,0,0.034269379918521845,0.034269379918521845,1500.0
492,492,1500.0,2050.0,1,0,0,0,1,0,0.1,0,113.539,-54.502,72.425,0.0,0.0,0.7009172561722289,0.0,0.0,0.0,0.04995082815627329,1,0,0,0,0.028036690246889154,0.028036690246889154,1500.0
493,493,1500.0,2050.0,1,0,0,0,1,0,0.1,0,114.239,-54.865,72.425,0.0,0.0,0.788523303396928,0.0,0.0,0.0,0.059333916721608426,1,0,0,0,0.03154093213587712,0.03154093213587712,1500.0
494,494,1500.0,2050.0,1,0,0,0,1,0,0.1,0,114.876,-55.156,72.425,0.0,0.0,0.7003213548079187,0.0,0.0,0.0,0.049875832489145046,1,0,0,0,0.028012854192316746,0.028012854192316746,1500.0
495,495,1500.0,2050.0,1,0,0,0,1,0,0.1,0,115.528,-55.411,72.425,0.0,0.0,0.7000921367934385,0.0,0.0,0.0,0.055704075692894275,1,0,0,0,0.028003685471737542,0.028003685471737542,1500.0
496,496,1500.0,2050.0,1,0,0,0,1,0,0.1,0,116.194,-55.628,72.425,0.0,0.0,0.7004605627728053,0.0,0.0,0.0,0.05783557225058333,1,0,0,0,0.028018422510912213,0.028018422510912213,1500.0
497,497,1500.0,2050.0,1,0,0,0,1,0,0.1,0,116.87,-55.807,72.425,0.0,0.0,0.6992975046430548,0.0,0.0,0.0,0.05612643958168754,1,0,0,0,0.027971900185722192,0.027971900185722192,1500.0
498,498,1500.0,2050.0,1,0,0,0,1,0,0.1,0,117.556,-55.947,72.425,0.0,0.0,0.7001399860027924,0.0,0.0,0.0,0.05753510092979862,1,0,0,0,0.028005599440111696,0.028005599440111696,1500.0
499,499,1500.0,2050.0,1,0,0,0,1,0,0.1,0,118.249,-56.048,72.425,0.0,0.0,0.7003213548079172,0.0,0.0,0.0,0.05659292075335367,1,0,0,0,0.02801285419231669,0.02801285419231669,1500.0
500,500,1500.0,2050.0,1,0,0,0,1,0,0.1,0,119.843,-56.176,72.425,0.0,0.0,1.59913101401981,0.0,0.0,0.0,0.06459499481679461,1,0,0,0,0.0639652405607924,0.0639652405607924,1500.0
501,501,1500.0,2050.0,1,0,0,0,1,0,0.1,0,120.661,-56.279,72.425,0.0,0.0,0.8244592166990413,0.0,0.0,0.0,0.045128464352528944,1,0,0,0,0.03297836866796165,0.03297836866796165,1500.0
502,502,1500.0,2050.0,1,0,0,0,1,0,0.1,0,121.473,-56.421,72.425,0.0,0.0,0.8243227523245946,0.0,0.0,0.0,0.047868513567877725,1,0,0,0,0.03297291009298379,0.03297291009298379,1500.0
503,503,1500.0,2050.0,1,0,0,0,1,0,0.1,0,122.278,-56.603,72.425,0.0,0.0,0.825317514657245,0.0,0.0,0.0,0.04922261134505092,1,0,0,0,0.0330127005862898,0.0330127005862898,1500.0
504,504,1500.0,2050.0,1,0,0,0,1,0,0.1,0,123.072,-56.823,72.425,0.0,0.0,0.8239150441641387,0.0,0.0,0.0,0.047948380210198045,1,0,0,0,0.03295660176656555,0.03295660176656555,1500.0
505,505,1500.0,2050.0,1,0,0,0,1,0,0.1,0,123.855,-57.082,72.425,0.0,0.0,0.8247241963226265,0.0,0.0,0.0,0.04915278267846554,1,0,0,0,0.03298896785290506,0.03298896785290506,1500.0
506,506,1500.0,2050.0,1,0,0,0,1,0,0.1,0,124.625,-57.378,72.425,0.0,0.0,0.8249339367488729,0.0,0.0,0.0,0.04754982445754044,1,0,0,0,0.03299735746995492,0.03299735746995492,1500.0
507,507,1500.0,2050.0,1,0,0,0,1,0,0.1,0,125.379,-57.711,72.425,0.0,0.0,0.8242602744279298,0.0,0.0,0.0,0.0488840864864122,1,0,0,0,0.03297041097711719,0.03297041097711719,1500.0
508,508,1500.0,2050.0,1,0,0,0,1,0,0.1,0,126.116,-58.081,72.425,0.0,0.0,0.8246629614575858,0.0,0.0,0.0,0.04939064971061575,1,0,0,0,0.03298651845830343,0.03298651845830343,1500.0
509,509,1500.0,2050.0,1,0,0,0,1,0,0.1,0,126.834,-58.486,72.425,0.0,0.0,0.8243476208493601,0.0,0.0,0.0,0.04830440764879538,1,0,0,0,0.03297390483397441,0.03297390483397441,1500.0
510,510,1500.0,2050.0,1,0,0,0,1,0,0.1,0,127.532,-58.925,72.425,0.0,0.0,0.8245756484398449,0.0,0.0,0.0,0.047848521550173446,1,0,0,0,0.03298302593759379,0.03298302593759379,1500.0
511,511,1500.0,2050.0,1,0,0,0,1,0,0.1,0,128.208,-59.397,72.425,0.0,0.0,0.8244755909061249,0.0,0.0,0.0,0.04810616130271443,1,0,0,0,0.032979023636245,0.032979023636245,1500.0
512,512,1500.0,2050.0,1,0,0,0,1,0,0.1,0,128.86,-59.902,72.425,0.0,0.0,0.8246993391533805,0.0,0.0,0.0,0.04948894377257358,1,0,0,0,0.03298797356613522,0.03298797356613522,1500.0
513,513,1500.0,2050.0,1,0,0,0,1,0,0.1,0,129.487,-60.438,72.425,0.0,0.0,0.8248787789729942,0.0,0.0,0.0,0.04828880860624946,1,0,0,0,0.03299515115891977,0.03299515115891977,1500.0
514,514,1500.0,2050.0,1,0,0,0,1,0,0.1,0,130.087,-61.003,72.425,0.0,0.0,0.8241510783830781,0.0,0.0,0.0,0.0480529302390164,1,0,0,0,0.03296604313532312,0.03296604313532312,1500.0
515,515,1500.0,2050.0,1,0,0,0,1,0,0.1,0,130.659,-61.597,72.425,0.0,0.0,0.8246332518156204,0.0,0.0,0.0,0.048899570686416656,1,0,0,0,0.032985330072624816,0.032985330072624816,1500.0
516,516,1500.0,2050.0,1,0,0,0,1,0,0.1,0,131.201,-62.218,72.425,0.0,0.0,0.8242602744279288,0.0,0.0,0.0,0.048957898231332016,1,0,0,0,0.03297041097711716,0.03297041097711716,1500.0
517,517,1500.0,2050.0,1,0,0,0,1,0,0.1,0,131.713,-62.864,72.425,0.0,0.0,0.8242936370007914,0.0,0.0,0.0,0.04738078254186515,1,0,0,0,0.03297174548003166,0.03297174548003166,1500.0
518,518,1500.0,2050.0,1,0,0,0,1,0,0.1,0,132.193,-63.535,72.425,0.0,0.0,0.8250096969127191,0.0,0.0,0.0,0.04923978769840706,1,0,0,0,0.03300038787650877,0.03300038787650877,1500.0
519,519,1500.0,2050.0,1,0,0,0,1,0,0.1,0,132.639,-64.228,72.425,0.0,0.0,0.8241146764862249,0.0,0.0,0.0,0.04910617624230455,1,0,0,0,0.032964587059449,0.032964587059449,1500.0
520,520,1500.0,2050.0,1,0,0,0,1,0,0.1,0,133.052,-64.942,72.425,0.0,0.0,0.8248424091909821,0.0,0.0,0.0,0.04743860911777351,1,0,0,0,0.03299369636763928,0.03299369636763928,1500.0
521,521,1500.0,2050.0,1,0,0,0,1,0,0.1,0,133.43,-65.675,72.425,0.0,0.0,0.824726015110483,0.0,0.0,0.0,0.04828937626451037,1,0,0,0,0.032989040604419324,0.032989040604419324,1500.0
522,522,1500.0,2050.0,1,0,0,0,1,0,0.1,0,133.771,-66.425,72.425,0.0,0.0,0.8238816662603836,0.0,0.0,0.0,0.049391902118916566,1,0,0,0,0.032955266650415344,0.032955266650415344,1500.0
523,523,1500.0,2050.0,1,0,0,0,1,0,0.1,0,134.076,-67.192,72.425,0.0,0.0,0.8254174701325372,0.0,0.0,0.0,0.048246312188052795,1,0,0,0,0.03301669880530149,0.03301669880530149,1500.0
524,524,1500.0,2050.0,1,0,0,0,1,0,0.1,0,134.343,-67.972,72.425,0.0,0.0,0.8244325321092076,0.0,0.0,0.0,0.04867601689208662,1,0,0,0,0.03297730128436831,0.03297730128436831,1500.0
525,525,1500.0,2050.0,1,0,0,0,1,0,0.1,0,134.572,-68.764,72.425,0.0,0.0,0.8244422356963578,0.0,0.0,0.0,0.04834035618679438,1,0,0,0,0.03297768942785431,0.03297768942785431,1500.0
526,526,1500.0,2050.0,1,0,0,0,1,0,0.1,0,134.762,-69.566,72.425,0.0,0.0,0.824199005095256,0.0,0.0,0.0,0.04884617927079138,1,0,0,0,0.032967960203810244,0.032967960203810244,1500.0
527,527,1500.0,2050.0,1,0,0,0,1,0,0.1,0,134.914,-70.377,72.425,0.0,0.0,0.825121203218039,0.0,0.0,0.0,0.047345579703956094,1,0,0,0,0.033004848128721564,0.033004848128721564,1500.0
528,528,1500.0,2050.0,1,0,0,0,1,0,0.1,0,135.025,-71.193,72.425,0.0,0.0,0.8235150271853017,0.0,0.0,0.0,0.0500739247395695,1,0,0,0,0.032940601087412064,0.032940601087412064,1500.0
529,529,1500.0,2050.0,1,0,0,0,1,0,0.1,0,135.097,-72.015,72.425,0.0,0.0,0.825147259584618,0.0,0.0,0.0,0.04783131632690608,1,0,0,0,0.03300589038338472,0.03300589038338472,1500.0
530,530,1500.0,2050.0,1,0,0,0,1,0,0.1,0,136.026,-95.787,72.425,0.0,0.0,23.790145543901158,0.0,0.0,0.0,0.04830854651244962,1,0,0,0,0.9516058217560464,0.9516058217560464,1500.0
531,531,1500.0,2050.0,1,0,0,0,1,0,0.1,0,136.879,-118.673,72.425,0.0,0.0,22.901890860800112,0.0,0.0,0.0,0.0018052635039840826,1,0,0,0,0.9160756344320045,0.9160756344320045,1500.0
532,532,1500.0,2050.0,1,0,0,0,1,0,0.1,0,137.691,-141.561,72.425,0.0,0.0,22.90239917563224,0.0,0.0,0.0,0.001792216823492079,1,0,0,0,0.9160959670252896,0.9160959670252896,1500.0
533,533,1500.0,2050.0,1,0,0,0,1,0,0.1,0,138.464,-164.45,72.425,0.0,0.0,22.902049034966264,0.0,0.0,0.0,0.0017033826783184646,1,0,0,0,0.9160819613986506,0.9160819613986506,1500.0
534,534,1500.0,2050.0,1,0,0,0,1,0,0.1,0,139.24,-188.74,72.425,0.0,0.0,24.30239239251973,0.0,0.0,0.0,0.0018224090603119886,1,0,0,0,0.9720956957007891,0.9720956957007891,1500.0
535,535,1500.0,2050.0,1,0,0,0,1,0,0.1,0,134.468,-187.658,72.425,0.0,0.0,4.893128651486719,0.0,0.0,0.0,1.8257020953068261,1,1,1,0,0.19572514605946875,0.19572514605946875,1500.0
536,536,1500.0,2050.0,1,0,0,0,1,0,0.1,0,133.477,-187.249,72.425,0.0,0.0,1.0720830191734054,0.0,0.0,0.0,0.16844948695605694,1,0,0,0,0.04288332076693621,0.04288332076693621,1500.0
537,537,1500.0,2050.0,1,0,0,0,1,0,0.1,0,132.472,-186.877,72.425,0.0,0.0,1.0716384651551008,0.0,0.0,0.0,0.03690762012924639,1,0,0,0,0.04286553860620403,0.04286553860620403,1500.0
538,538,1500.0,2050.0,1,0,0,0,1,0,0.1,0,131.454,-186.543,72.425,0.0,0.0,1.0713916184103756,0.0,0.0,0.0,0.03748315473764105,1,0,0,0,0.04285566473641502,0.04285566473641502,1500.0
539,539,1500.0,2050.0,1,0,0,0,1,0,0.1,0,130.425,-186.248,72.425,0.0,0.0,1.0704513066926502,0.0,0.0,0.0,0.03783013855167569,1,0,0,0,0.04281805226770601,0.04281805226770601,1500.0
540,540,1500.0,2050.0,1,0,0,0,1,0,0.1,0,129.385,-185.991,72.425,0.0,0.0,1.0712838092681278,0.0,0.0,0.0,0.03693600705711914,1,0,0,0,0.04285135237072511,0.04285135237072511,1500.0
541,541,1500.0,2050.0,1,0,0,0,1,0,0.1,0,128.336,-185.773,72.425,0.0,0.0,1.0714126189288429,0.0,0.0,0.0,0.03736144090799747,1,0,0,0,0.04285650475715371,0.04285650475715371,1500.0
542,542,1500.0,2050.0,1,0,0,0,1,0,0.1,0,127.279,-185.594,72.425,0.0,0.0,1.0720494391584912,0.0,0.0,0.0,0.037144819179322795,1,0,0,0,0.042881977566339644,0.042881977566339644,1500.0
543,543,1500.0,2050.0,1,0,0,0,1,0,0.1,0,126.217,-185.455,72.425,0.0,0.0,1.0710578882581416,0.0,0.0,0.0,0.03761031584165078,1,0,0,0,0.042842315530325664,0.042842315530325664,1500.0
544,544,1500.0,2050.0,1,0,0,0,1,0,0.1,0,125.15,-185.356,72.425,0.0,0.0,1.0715829412602595,0.0,0.0,0.0,0.03762669666985913,1,0,0,0,0.04286331765041038,0.04286331765041038,1500.0
545,545,1500.0,2050.0,1,0,0,0,1,0,0.1,0,124.081,-185.296,72.425,0.0,0.0,1.070682492618613,0.0,0.0,0.0,0.03645022680498254,1,0,0,0,0.04282729970474452,0.04282729970474452,1500.0
546,546,1500.0,2050.0,1,0,0,0,1,0,0.1,0,123.009,-185.277,72.425,0.0,0.0,1.0721683636444446,0.0,0.0,0.0,0.038346369270591533,1,0,0,0,0.04288673454577779,0.04288673454577779,1500.0
547,547,1500.0,2050.0,1,0,0,0,1,0,0.1,0,121.835,-185.301,72.425,0.0,0.0,1.1742452895370776,0.0,0.0,0.0,0.03816210811984333,1,0,1,0,0.046969811581483105,0.046969811581483105,1500.0
548,548,1500.0,2050.0,1,0,0,0,1,0,0.1,0,-135.257,-185.291,72.425,0.0,0.0,257.0920001944829,0.0,0.0,0.0,0.020478979657502838,1,0,1,0,10.283680007779317,10.283680007779317,1500.0
549,549,1500.0,2050.0,1,0,0,0,1,0,0.1,0,-136.351,-185.312,72.425,0.0,0.0,1.0942015353672228,0.0,0.0,0.0,0.01923215185537309,1,0,1,0,0.04376806141468891,0.04376806141468891,1500.0
550,550,1500.0,2050.0,1,0,0,0,1,0,0.1,0,-137.444,-185.373,72.425,0.0,0.0,1.0947008723847689,0.0,0.0,0.0,0.036558606946633335,1,0,0,0,0.04378803489539075,0.04378803489539075,1500.0
551,551,1500.0,2050.0,1,0,0,0,1,0,0.1,0,-138.534,-185.475,72.425,0.0,0.0,1.0947620746079982,0.0,0.0,0.0,0.03755439657313646,1,0,0,0,0.04379048298431992,0.04379048298431992,1500.0
552,552,1500.0,2050.0,1,0,0,0,1,0,0.1,0,-139.619,-185.616,72.425,0.0,0.0,1.0941233934068053,0.0,0.0,0.0,0.03592342789734344,1,0,0,0,0.043764935736272215,0.043764935736272215,1500.0
553,553,1500.0,2050.0,1,0,0,0,1,0,0.1,0,-140.698,-185.796,72.425,0.0,0.0,1.0939108738832468,0.0,0.0,0.0,0.036069276265267826,1,0,0,0,0.04375643495532987,0.04375643495532987,1500.0
554,554,1500.0,2050.0,1,0,0,0,1,0,0.1,0,-141.771,-186.016,72.425,0.0,0.0,1.095321414015062,0.0,0.0,0.0,0.036930937030326676,1,0,0,0,0.04381285656060248,0.04381285656060248,1500.0
555,555,1500.0,2050.0,1,0,0,0,1,0,0.1,0,-142.834,-186.275,72.425,0.0,0.0,1.0940978018440777,0.0,0.0,0.0,0.03676346551581723,1,0,0,0,0.04376391207376311,0.04376391207376311,1500.0
556,556,1500.0,2050.0,1,0,0,0,1,0,0.1,0,-143.887,-186.572,72.425,0.0,0.0,1.0940831778251563,0.0,0.0,0.0,0.035916475978521316,1,0,0,0,0.04376332711300625,0.04376332711300625,1500.0
557,557,1500.0,2050.0,1,0,0,0,1,0,0.1,0,-144.929,-186.908,72.425,0.0,0.0,1.0948333206474823,0.0,0.0,0.0,0.03702011587391492,1,0,0,0,0.04379333282589929,0.04379333282589929,1500.0
558,558,1500.0,2050.0,1,0,0,0,1,0,0.1,0,-145.958,-187.282,72.425,0.0,0.0,1.0948593516977467,0.0,0.0,0.0,0.036684979121750574,1,0,0,0,0.04379437406790987,0.04379437406790987,1500.0
559,559,1500.0,2050.0,1,0,0,0,1,0,0.1,0,-146.972,-187.693,72.425,0.0,0.0,1.0941284202505763,0.0,0.0,0.0,0.03647389328536577,1,0,0,0,0.04376513681002305,0.04376513681002305,1500.0
560,560,1500.0,2050.0,1,0,0,0,1,0,0.1,0,-147.325,-187.846,72.425,0.0,0.0,0.38473107490815384,0.0,0.0,0.0,0.02389849676439131,1,0,0,0,0.015389242996326153,0.015389242996326153,1500.0
561,561,1500.0,2050.0,1,0,0,0,1,0,0.1,0,-151.331,-188.735,72.425,0.0,0.0,4.103456713552614,0.0,0.0,0.0,0.19060913978964072,1,0,0,0,0.16413826854210456,0.16413826854210456,1500.0
562,562,1500.0,2050.0,1,0,0,0,1,0,0.1,0,-150.762,-173.054,72.425,0.0,0.0,15.691319957224769,0.0,0.0,0.0,1.8254445517076696,1,1,1,0,0.6276527982889908,0.6276527982889908,1500.0
563,563,1500.0,2050.0,1,0,0,0,1,0,0.1,0,-150.153,-157.374,72.425,0.0,0.0,15.691822105797662,0.0,0.0,0.0,0.002549735635448544,1,0,0,0,0.6276728842319065,0.6276728842319065,1500.0
564,564,1500.0,2050.0,1,0,0,0,1,0,0.1,0,-149.675,-145.73,72.425,0.0,0.0,11.653807103260295,0.0,0.0,0.0,0.0022083748196810747,1,0,0,0,0.46615228413041176,0.46615228413041176,1500.0
565,565,1500.0,2050.0,1,0,0,0,1,0,0.1,0,-149.509,-144.56,72.425,0.0,0.0,1.1817173943037222,0.0,0.0,0.0,0.09991151038194251,1,0,0,0,0.04726869577214889,0.04726869577214889,1500.0
566,566,1500.0,2050.0,1,0,0,0,1,0,0.1,0,-149.303,-143.396,72.425,0.0,0.0,1.1820879831890823,0.0,0.0,0.0,0.034222591900998946,1,0,0,0,0.04728351932756329,0.04728351932756329,1500.0
567,567,1500.0,2050.0,1,0,0,0,1,0,0.1,0,-149.057,-142.239,72.425,0.0,0.0,1.182863052090124,0.0,0.0,0.0,0.03433684653086718,1,0,0,0,0.04731452208360496,0.04731452208360496,1500.0
568,568,1500.0,2050.0,1,0,0,0,1,0,0.1,0,-148.773,-141.092,72.425,0.0,0.0,1.1816365769558657,0.0,0.0,0.0,0.03322176984637051,1,0,0,0,0.04726546307823463,0.04726546307823463,1500.0
569,569,1500.0,2050.0,1,0,0,0,1,0,0.1,0,-148.45,-139.955,72.425,0.0,0.0,1.1819890016408807,0.0,0.0,0.0,0.034068043298516454,1,0,0,0,0.047279560065635225,0.047279560065635225,1500.0
570,570,1500.0,2050.0,1,0,0,0,1,0,0.1,0,-148.089,-138.829,72.425,0.0,0.0,1.1824538045944981,0.0,0.0,0.0,0.033461749600738416,1,0,0,0,0.047298152183779925,0.047298152183779925,1500.0
571,571,1500.0,2050.0,1,0,0,0,1,0,0.1,0,-147.69,-137.716,72.425,0.0,0.0,1.1823578138617767,0.0,0.0,0.0,0.03396802279146622,1,0,0,0,0.047294312554471064,0.047294312554471064,1500.0
572,572,1500.0,2050.0,1,0,0,0,1,0,0.1,0,-147.253,-136.618,72.425,0.0,0.0,1.1817668974886881,0.0,0.0,0.0,0.034559223192536515,1,0,0,0,0.047270675899547525,0.047270675899547525,1500.0
573,573,1500.0,2050.0,1,0,0,0,1,0,0.1,0,-147.057,-136.155,72.425,0.0,0.0,0.5027772866786978,0.0,0.0,0.0,0.021674107767205297,1,0,0,0,0.02011109146714791,0.02011109146714791,1500.0
574,574,1500.0,2050.0,1,0,0,0,1,0,0.1,0,-146.797,-135.506,72.425,0.0,0.0,0.6991430468795327,0.0,0.0,0.0,0.01941442838047063,1,0,0,0,0.02796572187518131,0.02796572187518131,1500.0
575,575,1500.0,2050.0,1,0,0,0,1,0,0.1,0,-146.574,-134.842,72.425,0.0,0.0,0.7004462863060781,0.0,0.0,0.0,0.0570296986561031,1,0,0,0,0.02801785145224312,0.02801785145224312,1500.0
576,576,1500.0,2050.0,1,0,0,0,1,0,0.1,0,-146.389,-134.166,72.425,0.0,0.0,0.7008573321297442,0.0,0.0,0.0,0.05687985249508725,1,0,0,0,0.02803429328518977,0.02803429328518977,1500.0
577,577,1500.0,2050.0,1,0,0,0,1,0,0.1,0,-146.295,-133.745,72.425,0.0,0.0,0.43136643355736165,0.0,0.0,0.0,0.047453305621969324,1,0,0,0,0.017254657342294467,0.017254657342294467,1500.0
578,578,1500.0,2050.0,1,0,0,0,1,0,0.1,0,-146.156,-132.973,72.425,0.0,0.0,0.784413793861366,0.0,0.0,0.0,0.04153160361104368,1,0,0,0,0.03137655175445464,0.03137655175445464,1500.0
579,579,1500.0,2050.0,1,0,0,0,1,0,0.1,0,-146.057,-132.194,72.425,0.0,0.0,0.7852655601769647,0.0,0.0,0.0,0.05173474542634534,1,0,0,0,0.03141062240707859,0.03141062240707859,1500.0
580,580,1500.0,2050.0,1,0,0,0,1,0,0.1,0,-145.998,-131.411,72.425,0.0,0.0,0.7852197144748592,0.0,0.0,0.0,0.051199292444477865,1,0,0,0,0.031408788578994366,0.031408788578994366,1500.0
581,581,1500.0,2050.0,1,0,0,0,1,0,0.1,0,-145.979,-130.626,72.425,0.0,0.0,0.7852299026399809,0.0,0.0,0.0,0.05100999039118828,1,0,0,0,0.03140919610559924,0.03140919610559924,1500.0
582,582,1500.0,2050.0,1,0,0,0,1,0,0.1,0,-145.979,-90.86,72.425,0.0,0.0,39.766000000000005,0.0,0.0,0.0,0.024199096915501712,1,0,0,0,1.5906400000000003,1.5906400000000003,1500.0
583,583,1500.0,2050.0,1,0,0,0,1,0,0.1,0,-145.959,-90.318,72.425,0.0,0.0,0.5423688781631946,0.0,0.0,0.0,0.036883634368041276,1,0,0,0,0.02169475512652778,0.02169475512652778,1500.0
584,584,1500.0,2050.0,1,0,0,0,1,0,0.1,0,-145.9,-89.778,72.425,0.0,0.0,0.5432135859862041,0.0,0.0,0.0,0.07194394867670657,1,0,0,0,0.02172854343944816,0.02172854343944816,1500.0
585,585,1500.0,2050.0,1,0,0,0,1,0,0.1,0,-145.8,-89.245,72.425,0.0,0.0,0.5422997326202551,0.0,0.0,0.0,0.0766336428906456,1,0,0,0,0.021691989304810203,0.021691989304810203,1500.0
586,586,1500.0,2050.0,1,0,0,0,1,0,0.1,0,-145.662,-88.72,72.425,0.0,0.0,0.5428342288397143,0.0,0.0,0.0,0.07158119509094037,1,0,0,0,0.021713369153588572,0.021713369153588572,1500.0
587,587,1500.0,2050.0,1,0,0,0,1,0,0.1,0,-145.485,-88.207,72.425,0.0,0.0,0.5426766993339613,0.0,0.0,0.0,0.07519725916551025,1,0,0,0,0.021707067973358453,0.021707067973358453,1500.0
588,588,1500.0,2050.0,1,0,0,0,1,0,0.1,0,-145.271,-87.708,72.425,0.0,0.0,0.5429521157523993,0.0,0.0,0.0,0.07289394405713089,1,0,0,0,0.02171808463009597,0.02171808463009597,1500.0
589,589,1500.0,2050.0,1,0,0,0,1,0,0.1,0,-145.021,-87.227,72.425,0.0,0.0,0.5420894760092606,0.0,0.0,0.0,0.07418926840081103,1,0,0,0,0.021683579040370424,0.021683579040370424,1500.0
590,590,1500.0,2050.0,1,0,0,0,1,0,0.1,0,-134.752,-70.096,72.425,0.0,0.0,19.973069919268784,0.0,0.0,0.0,0.060684456041030295,1,0,0,0,0.7989227967707514,0.7989227967707514,1500.0
591,591,1500.0,2050.0,1,0,0,0,1,0,0.1,0,-134.49,-69.62,72.425,0.0,0.0,0.5433415132308587,0.0,0.0,0.0,0.036841609149731794,1,0,0,0,0.02173366052923435,0.02173366052923435,1500.0
592,592,1500.0,2050.0,1,0,0,0,1,0,0.1,0,-134.264,-69.127,72.425,0.0,0.0,0.5423329235810865,0.0,0.0,0.0,0.07333361828779937,1,0,0,0,0.021693316943243463,0.021693316943243463,1500.0
593,593,1500.0,2050.0,1,0,0,0,1,0,0.1,0,-134.075,-68.618,72.425,0.0,0.0,0.5429567201904848,0.0,0.0,0.0,0.07429489520000518,1,0,0,0,0.021718268807619394,0.021718268807619394,1500.0
594,594,1500.0,2050.0,1,0,0,0,1,0,0.1,0,-133.924,-68.097,72.425,0.0,0.0,0.5424407801778877,0.0,0.0,0.0,0.07343915533378301,1,0,0,0,0.021697631207115507,0.021697631207115507,1500.0
595,595,1500.0,2050.0,1,0,0,0,1,0,0.1,0,-133.812,-67.566,72.425,0.0,0.0,0.542683148807838,0.0,0.0,0.0,0.07422222961145634,1,0,0,0,0.02170732595231352,0.02170732595231352,1500.0
596,596,1500.0,2050.0,1,0,0,0,1,0,0.1,0,-133.739,-67.028,72.425,0.0,0.0,0.5429300139060259,0.0,0.0,0.0,0.0730117520769609,1,0,0,0,0.02171720055624104,0.02171720055624104,1500.0
597,597,1500.0,2050.0,1,0,0,0,1,0,0.1,0,-133.706,-66.486,72.425,0.0,0.0,0.5430036832287629,0.0,0.0,0.0,0.07405354875704373,1,0,0,0,0.021720147329150518,0.021720147329150518,1500.0
598,598,1500.0,2050.0,1,0,0,0,1,0,0.1,0,-133.703,-58.216,72.425,0.0,0.0,8.270000544135415,0.0,0.0,0.0,0.06044778333711496,1,0,0,0,0.3308000217654166,0.3308000217654166,1500.0
599,599,1500.0,2050.0,1,0,0,0,1,0,0.1,0,-126.344,-58.216,72.425,0.0,0.0,7.359000000000009,0.0,0.0,0.0,1.5704335698579688,1,0,0,0,0.29436000000000034,0.29436000000000034,1500.0
600,600,1500.0,2050.0,1,0,0,0,1,0,0.1,0,-125.544,-58.801,72.425,0.0,0.0,0.9910726512218953,0.0,0.0,0.0,0.6313927197499701,1,0,0,0,0.03964290604887581,0.03964290604887581,1500.0
601,601,1500.0,2050.0,1,0,0,0,1,0,0.1,0,-124.721,-59.352,72.425,0.0,0.0,0.9904191032083253,0.0,0.0,0.0,0.04142988348492043,1,0,0,0,0.03961676412833301,0.03961676412833301,1500.0
602,602,1500.0,2050.0,1,0,0,0,1,0,0.1,0,-123.861,-59.89,72.425,0.0,0.0,1.0144180597761474,0.0,0.0,0.0,0.030945548114061767,1,0,0,0,0.04057672239104589,1.496,40.68521630118238
603,603,1500.0,2050.0,1,0,0,0,1,0,0.1,0,-123.01,-60.397,72.425,0.0,0.0,0.9905806378079456,0.0,0.0,0.0,0.021714121282556828,1,0,0,0,0.039623225512317825,0.039623225512317825,1500.0
604,604,1500.0,2050.0,1,0,0,0,1,0,0.1,0,-122.139,-60.869,72.425,0.0,0.0,0.9906689659013335,0.0,0.0,0.0,0.04069550222306935,1,0,0,0,0.03962675863605334,0.03962675863605334,1500.0
605,605,1500.0,2050.0,1,0,0,0,1,0,0.1,0,-121.25,-61.305,72.425,0.0,0.0,0.9901600880665674,0.0,0.0,0.0,0.04063831486614997,1,0,0,0,0.039606403522662696,0.039606403522662696,1500.0
606,606,1500.0,2050.0,1,0,0,0,1,0,0.1,0,-120.344,-61.705,72.425,0.0,0.0,0.9903716474132372,0.0,0.0,0.0,0.04020554424824291,1,0,0,0,0.039614865896529496,0.039614865896529496,1500.0
607,607,1500.0,2050.0,1,0,0,0,1,0,0.1,0,-119.422,-62.068,72.425,0.0,0.0,0.9908849580047091,0.0,0.0,0.0,0.04069215751945062,1,0,0,0,0.039635398320188364,0.039635398320188364,1500.0
608,608,1500.0,2050.0,1,0,0,0,1,0,0.1,0,-118.486,-62.394,72.425,0.0,0.0,0.9911468105179913,0.0,0.0,0.0,0.03992049185862112,1,0,0,0,0.03964587242071965,0.03964587242071965,1500.0
609,609,1500.0,2050.0,1,0,0,0,1,0,0.1,0,-117.539,-62.681,72.425,0.0,0.0,0.9895342338696548,0.0,0.0,0.0,0.040887283577115414,1,0,0,0,0.03958136935478619,0.03958136935478619,1500.0
610,610,1500.0,2050.0,1,0,0,0,1,0,0.1,0,-117.131,-62.795,72.425,0.0,0.0,0.4236271945944948,0.0,0.0,0.0,0.021800723171988917,1,0,0,0,0.016945087783779792,0.016945087783779792,1500.0
611,611,1500.0,2050.0,1,0,0,0,1,0,0.1,0,-116.171,-63.041,72.425,0.0,0.0,0.9910176587730339,0.0,0.0,0.0,0.021610838699480092,1,0,0,0,0.03964070635092136,0.03964070635092136,1500.0
612,612,1500.0,2050.0,1,0,0,0,1,0,0.1,0,-115.202,-63.248,72.425,0.0,0.0,0.9908632599910122,0.0,0.0,0.0,0.04039336098707699,1,0,0,0,0.03963453039964049,0.03963453039964049,1500.0
613,613,1500.0,2050.0,1,0,0,0,1,0,0.1,0,-114.226,-63.415,72.425,0.0,0.0,0.9901843262746581,0.0,0.0,0.0,0.04099351346122791,1,0,0,0,0.03960737305098632,0.03960737305098632,1500.0
614,614,1500.0,2050.0,1,0,0,0,1,0,0.1,0,-113.244,-63.544,72.425,0.0,0.0,0.9904367723383447,0.0,0.0,0.0,0.03884878278308064,1,0,0,0,0.03961747089353379,0.03961747089353379,1500.0
615,615,1500.0,2050.0,1,0,0,0,1,0,0.1,0,-112.047,-63.653,72.425,0.0,0.0,1.2019525780994884,0.0,0.0,0.0,0.03980611848784242,1,0,0,0,0.04807810312397954,0.04807810312397954,1500.0
616,616,1500.0,2050.0,1,0,0,0,1,0,0.1,0,-111.058,-63.7,72.425,0.0,0.0,0.9901161548020418,0.0,0.0,0.0,0.043323511646311846,1,0,0,0,0.03960464619208168,0.03960464619208168,1500.0
617,617,1500.0,2050.0,1,0,0,0,1,0,0.1,0,-107.218,-63.773,72.425,0.0,0.0,3.8406938175282894,0.0,0.0,0.0,0.028478896271468015,1,0,0,0,0.15362775270113158,0.15362775270113158,1500.0
618,618,1500.0,2050.0,1,0,0,0,1,0,0.1,0,-103.458,-63.803,72.425,0.0,0.0,3.760119678946408,0.0,0.0,0.0,0.011029572965173281,1,0,0,0,0.15040478715785632,0.15040478715785632,1500.0
619,619,1500.0,2050.0,1,0,0,0,1,0,0.1,0,-99.697,-63.794,72.425,0.0,0.0,3.761010768397236,0.0,0.0,0.0,0.010371530124735635,1,0,1,0,0.15044043073588942,0.15044043073588942,1500.0
620,620,1500.0,2050.0,1,0,0,0,1,0,0.1,0,-95.936,-63.744,72.425,0.0,0.0,3.761332343731403,0.0,0.0,0.0,0.010900577462078344,1,0,0,0,0.15045329374925612,0.15045329374925612,1500.0
621,621,1500.0,2050.0,1,0,0,0,1,0,0.1,0,-94.055,-63.704,72.425,0.0,0.0,1.8814252576172141,0.0,0.0,0.0,0.007968526333391884,1,0,0,0,0.07525701030468857,0.07525701030468857,1500.0
622,622,1500.0,2050.0,1,0,0,0,1,0,0.1,0,-93.066,-63.661,72.425,0.0,0.0,0.9899343412570394,0.0,0.0,0.0,0.022188815573439546,1,0,0,0,0.03959737365028157,0.03959737365028157,1500.0
623,623,1500.0,2050.0,1,0,0,0,1,0,0.1,0,-92.079,-63.577,72.425,0.0,0.0,0.9905680188659526,0.0,0.0,0.0,0.04145089805819313,1,0,0,0,0.0396227207546381,0.0396227207546381,1500.0
624,624,1500.0,2050.0,1,0,0,0,1,0,0.1,0,-91.096,-63.454,72.425,0.0,0.0,0.9906654329287863,0.0,0.0,0.0,0.03957840455199298,1,0,0,0,0.039626617317151454,0.039626617317151454,1500.0
625,625,1500.0,2050.0,1,0,0,0,1,0,0.1,0,-90.345,-63.335,72.425,0.0,0.0,0.760369646948119,0.0,0.0,0.0,0.03266865007301755,1,0,0,0,0.03041478587792476,0.03041478587792476,1500.0
626,626,1500.0,2050.0,1,0,0,0,1,0,0.1,0,-89.371,-63.156,72.425,0.0,0.0,0.9903115671343075,0.0,0.0,0.0,0.02460132574396765,1,0,0,0,0.0396124626853723,0.0396124626853723,1500.0
627,627,1500.0,2050.0,1,0,0,0,1,0,0.1,0,-88.405,-62.937,72.425,0.0,0.0,0.990513503189123,0.0,0.0,0.0,0.04118944254336188,1,0,0,0,0.03962054012756492,0.03962054012756492,1500.0
628,628,1500.0,2050.0,1,0,0,0,1,0,0.1,0,-87.449,-62.68,72.425,0.0,0.0,0.9899419174880942,0.0,0.0,0.0,0.03967995120213489,1,0,0,0,0.03959767669952377,0.03959767669952377,1500.0
629,629,1500.0,2050.0,1,0,0,0,1,0,0.1,0,-86.503,-62.384,72.425,0.0,0.0,0.9912275218132292,0.0,0.0,0.0,0.04062639853218449,1,0,0,0,0.03964910087252917,0.03964910087252917,1500.0
630,630,1500.0,2050.0,1,0,0,0,1,0,0.1,0,-85.518,-62.033,72.425,0.0,0.0,1.0456701200665524,0.0,0.0,0.0,0.039070351412498955,1,0,0,0,0.0418268048026621,0.0418268048026621,1500.0
631,631,1500.0,2050.0,1,0,0,0,1,0,0.1,0,-84.595,-61.674,72.425,0.0,0.0,0.9903585209407776,0.0,0.0,0.0,0.028627253418004796,1,0,0,0,0.0396143408376311,0.0396143408376311,1500.0
632,632,1500.0,2050.0,1,0,0,0,1,0,0.1,0,-83.688,-61.277,72.425,0.0,0.0,0.9900797947640344,0.0,0.0,0.0,0.0416403713338301,1,0,0,0,0.039603191790561376,0.039603191790561376,1500.0
633,633,1500.0,2050.0,1,0,0,0,1,0,0.1,0,-82.797,-60.843,72.425,0.0,0.0,0.9910787052499954,0.0,0.0,0.0,0.04068497803864384,1,0,0,0,0.03964314820999982,0.03964314820999982,1500.0
634,634,1500.0,2050.0,1,0,0,0,1,0,0.1,0,-82.236,-60.548,72.425,0.0,0.0,0.6338343632211755,0.0,0.0,0.0,0.030841604830312636,1,0,0,0,0.025353374528847016,0.025353374528847016,1500.0
635,635,1500.0,2050.0,1,0,0,0,1,0,0.1,0,-81.372,-60.063,72.425,0.0,0.0,0.9908183486391473,0.0,0.0,0.0,0.02739928287068768,1,0,0,0,0.03963273394556589,0.03963273394556589,1500.0
636,636,1500.0,2050.0,1,0,0,0,1,0,0.1,0,-80.529,-59.543,72.425,0.0,0.0,0.9904791769643666,0.0,0.0,0.0,0.041203445182779026,1,0,0,0,0.039619167078574664,0.039619167078574664,1500.0
637,637,1500.0,2050.0,1,0,0,0,1,0,0.1,0,-79.78,-59.042,72.425,0.0,0.0,0.9011115358267203,0.0,0.0,0.0,0.03682828420645665,1,0,0,0,0.03604446143306882,0.03604446143306882,1500.0
638,638,1500.0,2050.0,1,0,0,0,1,0,0.1,0,-78.975,-58.464,72.425,0.0,0.0,0.991014127043613,0.0,0.0,0.0,0.033171286719161086,1,0,0,0,0.03964056508174452,0.03964056508174452,1500.0
639,639,1500.0,2050.0,1,0,0,0,1,0,0.1,0,-78.604,-58.181,72.425,0.0,0.0,0.4666154733825241,0.0,0.0,0.0,0.028932125215137137,1,0,0,0,0.018664618935300963,0.018664618935300963,1500.0
640,640,1500.0,2050.0,1,0,0,0,1,0,0.1,0,-78.339,-58.179,72.425,0.0,0.0,0.26500754706234364,0.0,0.0,0.0,0.6440979228027349,1,0,0,0,0.010600301882493746,0.010600301882493746,1500.0
641,641,1500.0,2050.0,1,0,0,0,1,0,0.1,0,-78.161,-62.861,72.425,0.0,0.0,4.685382375004195,0.0,0.0,0.0,1.5403437129829198,1,0,1,0,0.1874152950001678,0.1874152950001678,1500.0
642,642,1500.0,2050.0,1,0,0,0,1,0,0.1,0,-77.944,-67.542,72.425,0.0,0.0,4.686027101927606,0.0,0.0,0.0,0.008324810367451618,1,0,0,0,0.18744108407710425,0.18744108407710425,1500.0
643,643,1500.0,2050.0,1,0,0,0,1,0,0.1,0,-77.841,-69.502,72.425,0.0,0.0,1.9627045116369346,0.0,0.0,0.0,0.006178274569017484,1,0,0,0,0.07850818046547739,0.07850818046547739,1500.0
644,644,1500.0,2050.0,1,0,0,0,1,0,0.1,0,-77.767,-70.49,72.425,0.0,0.0,0.9907673793580403,0.0,0.0,0.0,0.02225647325421719,1,0,0,0,0.039630695174321606,0.039630695174321606,1500.0
645,645,1500.0,2050.0,1,0,0,0,1,0,0.1,0,-77.653,-71.474,72.425,0.0,0.0,0.990581647316371,0.0,0.0,0.0,0.04058026268040468,1,0,0,0,0.039623265892654844,0.039623265892654844,1500.0
646,646,1500.0,2050.0,1,0,0,0,1,0,0.1,0,-77.5,-72.452,72.425,0.0,0.0,0.9898954490247901,0.0,0.0,0.0,0.03984442397568072,1,0,0,0,0.039595817960991604,0.039595817960991604,1500.0
647,647,1500.0,2050.0,1,0,0,0,1,0,0.1,0,-77.308,-73.424,72.425,0.0,0.0,0.9907815097184716,0.0,0.0,0.0,0.03983638222498524,1,0,0,0,0.03963126038873886,0.03963126038873886,1500.0
648,648,1500.0,2050.0,1,0,0,0,1,0,0.1,0,-77.076,-74.387,72.425,0.0,0.0,0.9905518663855994,0.0,0.0,0.0,0.041388576139519455,1,0,0,0,0.03962207465542398,0.03962207465542398,1500.0
649,649,1500.0,2050.0,1,0,0,0,1,0,0.1,0,-76.806,-75.34,72.425,0.0,0.0,0.9905094648714889,0.0,0.0,0.0,0.039671986762449436,1,0,0,0,0.039620378594859555,0.039620378594859555,1500.0
650,650,1500.0,2050.0,1,0,0,0,1,0,0.1,0,-76.582,-76.042,72.425,0.0,0.0,0.7368717663203003,0.0,0.0,0.0,0.032794899038062854,1,0,0,0,0.02947487065281201,0.02947487065281201,1500.0
651,651,1500.0,2050.0,1,0,0,0,1,0,0.1,0,-76.259,-76.978,72.425,0.0,0.0,0.9901641278091133,0.0,0.0,0.0,0.023414198455926793,1,0,0,0,0.03960656511236453,0.03960656511236453,1500.0
652,652,1500.0,2050.0,1,0,0,0,1,0,0.1,0,-75.898,-77.901,72.425,0.0,0.0,0.9910852637386989,0.0,0.0,0.0,0.04053438195718056,1,0,0,0,0.03964341054954795,0.03964341054954795,1500.0
653,653,1500.0,2050.0,1,0,0,0,1,0,0.1,0,-75.5,-78.808,72.425,0.0,0.0,0.9904811961869929,0.0,0.0,0.0,0.040684524275392736,1,0,0,0,0.03961924784747972,0.03961924784747972,1500.0
654,654,1500.0,2050.0,1,0,0,0,1,0,0.1,0,-75.066,-79.698,72.425,0.0,0.0,0.9901797816558231,0.0,0.0,0.0,0.04020233596350396,1,0,0,0,0.039607191266232925,0.039607191266232925,1500.0
655,655,1500.0,2050.0,1,0,0,0,1,0,0.1,0,-74.596,-80.57,72.425,0.0,0.0,0.9905977993111023,0.0,0.0,0.0,0.04064042726007554,1,0,0,0,0.039623911972444095,0.039623911972444095,1500.0
656,656,1500.0,2050.0,1,0,0,0,1,0,0.1,0,-74.134,-81.357,72.425,0.0,0.0,0.9125858863690655,0.0,0.0,0.0,0.03648353196158612,1,0,0,0,0.036503435454762624,0.036503435454762624,1500.0
657,657,1500.0,2050.0,1,0,0,0,1,0,0.1,0,-73.61,-82.198,72.425,0.0,0.0,0.9908869764004322,0.0,0.0,0.0,0.02637351522001305,1,0,0,0,0.03963547905601729,0.03963547905601729,1500.0
658,658,1500.0,2050.0,1,0,0,0,1,0,0.1,0,-73.053,-83.017,72.425,0.0,0.0,0.9904594893280626,0.0,0.0,0.0,0.040034804997802494,1,0,0,0,0.03961837957312251,0.03961837957312251,1500.0
659,659,1500.0,2050.0,1,0,0,0,1,0,0.1,0,-72.462,-83.812,72.425,0.0,0.0,0.9906089036547145,0.0,0.0,0.0,0.04201783012875678,1,0,0,0,0.03962435614618858,0.03962435614618858,1500.0
660,660,1500.0,2050.0,1,0,0,0,1,0,0.1,0,-71.84,-84.583,72.425,0.0,0.0,0.9906184936694858,0.0,0.0,0.0,0.03957864648075676,1,0,0,0,0.03962473974677943,0.03962473974677943,1500.0
661,661,1500.0,2050.0,1,0,0,0,1,0,0.1,0,-71.188,-85.328,72.425,0.0,0.0,0.9900146463563092,0.0,0.0,0.0,0.040085094480000076,1,0,0,0,0.03960058585425237,0.03960058585425237,1500.0
662,662,1500.0,2050.0,1,0,0,0,1,0,0.1,0,-70.67,-85.882,72.425,0.0,0.0,0.7584457792090368,0.0,0.0,0.0,0.03290366892656841,1,0,0,0,0.03033783116836147,0.03033783116836147,1500.0
663,663,1500.0,2050.0,1,0,0,0,1,0,0.1,0,-69.976,-86.589,72.425,0.0,0.0,0.9906992480061719,0.0,0.0,0.0,0.02429065387855993,1,0,0,0,0.03962796992024688,0.03962796992024688,1500.0
664,664,1500.0,2050.0,1,0,0,0,1,0,0.1,0,-69.254,-87.267,72.425,0.0,0.0,0.9904382868205308,0.0,0.0,0.0,0.040697049712760947,1,0,0,0,0.03961753147282123,0.03961753147282123,1500.0
665,665,1500.0,2050.0,1,0,0,0,1,0,0.1,0,-68.506,-87.916,72.425,0.0,0.0,0.9903055084164726,0.0,0.0,0.0,0.03932963810724109,1,0,0,0,0.039612220336658906,0.039612220336658906,1500.0
666,666,1500.0,2050.0,1,0,0,0,1,0,0.1,0,-67.731,-88.534,72.425,0.0,0.0,0.9912360970021321,0.0,0.0,0.0,0.041484899619352804,1,0,0,0,0.03964944388008529,0.03964944388008529,1500.0
667,667,1500.0,2050.0,1,0,0,0,1,0,0.1,0,-66.933,-89.12,72.425,0.0,0.0,0.9900505037622972,0.0,0.0,0.0,0.03976495381651545,1,0,0,0,0.039602020150491885,0.039602020150491885,1500.0
668,668,1500.0,2050.0,1,0,0,0,1,0,0.1,0,-66.156,-89.647,72.425,0.0,0.0,0.9388599469569477,0.0,0.0,0.0,0.037421641490508306,1,0,0,0,0.037554397878277905,0.037554397878277905,1500.0
669,669,1500.0,2050.0,1,0,0,0,1,0,0.1,0,-65.321,-90.18,72.425,0.0,0.0,0.990612941566995,0.0,0.0,0.0,0.027855963780288786,1,0,0,0,0.0396245176626798,0.0396245176626798,1500.0
670,670,1500.0,2050.0,1,0,0,0,1,0,0.1,0,-64.466,-90.679,72.425,0.0,0.0,0.989962625557148,0.0,0.0,0.0,0.039830254289019026,1,0,0,0,0.039598505022285915,0.039598505022285915,1500.0
671,671,1500.0,2050.0,1,0,0,0,1,0,0.1,0,-63.591,-91.144,72.425,0.0,0.0,0.9908834442052157,0.0,0.0,0.0,0.039819375221665225,1,0,0,0,0.03963533776820862,0.03963533776820862,1500.0
672,672,1500.0,2050.0,1,0,0,0,1,0,0.1,0,-62.698,-91.572,72.425,0.0,0.0,0.9902691553310135,0.0,0.0,0.0,0.04153587668101676,1,0,0,0,0.039610766213240535,0.039610766213240535,1500.0
673,673,1500.0,2050.0,1,0,0,0,1,0,0.1,0,-61.788,-91.964,72.425,0.0,0.0,0.9908400476363496,0.0,0.0,0.0,0.040190259019509025,1,0,0,0,0.03963360190545399,0.03963360190545399,1500.0
674,674,1500.0,2050.0,1,0,0,0,1,0,0.1,0,-61.097,-92.236,72.425,0.0,0.0,0.7426068946623083,0.0,0.0,0.0,0.03174201445849172,1,0,0,0,0.029704275786492335,0.029704275786492335,1500.0
675,675,1500.0,2050.0,1,0,0,0,1,0,0.1,0,-60.167,-92.576,72.425,0.0,0.0,0.9902019995940182,0.0,0.0,0.0,0.024508429857173476,1,0,0,0,0.03960807998376072,0.03960807998376072,1500.0
676,676,1500.0,2050.0,1,0,0,0,1,0,0.1,0,-59.224,-92.879,72.425,0.0,0.0,0.9904837202094824,0.0,0.0,0.0,0.0396013298808406,1,0,0,0,0.03961934880837929,0.03961934880837929,1500.0
677,677,1500.0,2050.0,1,0,0,0,1,0,0.1,0,-58.269,-93.143,72.425,0.0,0.0,0.9908183486391411,0.0,0.0,0.0,0.04119101813447473,1,0,0,0,0.03963273394556564,0.03963273394556564,1500.0
678,678,1500.0,2050.0,1,0,0,0,1,0,0.1,0,-57.304,-93.368,72.425,0.0,0.0,0.9908834442052155,0.0,0.0,0.0,0.04063614628033747,1,0,0,0,0.039635337768208614,0.039635337768208614,1500.0
679,679,1500.0,2050.0,1,0,0,0,1,0,0.1,0,-56.331,-93.554,72.425,0.0,0.0,0.9906184936694856,0.0,0.0,0.0,0.04018553332244464,1,0,0,0,0.03962473974677942,0.03962473974677942,1500.0
680,680,1500.0,2050.0,1,0,0,0,1,0,0.1,0,-55.4,-93.697,72.425,0.0,0.0,0.9419182554765613,0.0,0.0,0.0,0.03647542168683466,1,0,0,0,0.037676730219062454,0.037676730219062454,1500.0
681,681,1500.0,2050.0,1,0,0,0,1,0,0.1,0,-54.417,-93.82,72.425,0.0,0.0,0.9906654329287924,0.0,0.0,0.0,0.02792698010366909,1,0,0,0,0.0396266173171517,0.0396266173171517,1500.0
682,682,1500.0,2050.0,1,0,0,0,1,0,0.1,0,-53.43,-93.903,72.425,0.0,0.0,0.9904837202094772,0.0,0.0,0.0,0.04058437583139452,1,0,0,0,0.039619348808379085,0.039619348808379085,1500.0
683,683,1500.0,2050.0,1,0,0,0,1,0,0.1,0,-52.44,-93.946,72.425,0.0,0.0,0.9909333983674197,0.0,0.0,0.0,0.04048876143444219,1,0,0,0,0.03963733593469679,0.03963733593469679,1500.0
684,684,1500.0,2050.0,1,0,0,0,1,0,0.1,0,-51.863,-93.953,72.425,0.0,0.0,0.5770424594429755,0.0,0.0,0.0,0.031275940088107745,1,0,0,0,0.02308169837771902,0.02308169837771902,1500.0
685,685,1500.0,2050.0,1,0,0,0,1,0,0.1,0,27.761,-93.946,72.425,0.0,0.0,79.62400030769616,0.0,0.0,0.0,0.012219033839545477,1,0,1,0,3.1849600123078465,3.1849600123078465,1500.0
686,686,1500.0,2050.0,1,0,0,0,1,0,0.1,0,28.751,-93.926,72.425,0.0,0.0,0.9902019995940241,0.0,0.0,0.0,0.02011135938927752,1,0,0,0,0.039608079983760966,0.039608079983760966,1500.0
687,687,1500.0,2050.0,1,0,0,0,1,0,0.1,0,29.74,-93.866,72.425,0.0,0.0,0.9908183486391412,0.0,0.0,0.0,0.040393802853196714,1,0,0,0,0.03963273394556565,0.03963273394556565,1500.0
688,688,1500.0,2050.0,1,0,0,0,1,0,0.1,0,30.725,-93.766,72.425,0.0,0.0,0.9900631293003517,0.0,0.0,0.0,0.040583113603296944,1,0,0,0,0.03960252517201407,0.03960252517201407,1500.0
689,689,1500.0,2050.0,1,0,0,0,1,0,0.1,0,31.706,-93.626,72.425,0.0,0.0,0.9909394532462599,0.0,0.0,0.0,0.04057815113915091,1,0,0,0,0.039637578129850394,0.039637578129850394,1500.0
690,690,1500.0,2050.0,1,0,0,0,1,0,0.1,0,32.68,-93.447,72.425,0.0,0.0,0.990311567134304,0.0,0.0,0.0,0.039995833642004035,1,0,0,0,0.039612462685372156,0.039612462685372156,1500.0
691,691,1500.0,2050.0,1,0,0,0,1,0,0.1,0,33.227,-93.331,72.425,0.0,0.0,0.5591645553859764,0.0,0.0,0.0,0.02721975515099524,1,0,0,0,0.022366582215439055,0.022366582215439055,1500.0
692,692,1500.0,2050.0,1,0,0,0,1,0,0.1,0,34.192,-93.104,72.425,0.0,0.0,0.9913394978512701,0.0,0.0,0.0,0.022062978161576145,1,0,0,0,0.0396535799140508,0.0396535799140508,1500.0
693,693,1500.0,2050.0,1,0,0,0,1,0,0.1,0,35.146,-92.839,72.425,0.0,0.0,0.9901217096902791,0.0,0.0,0.0,0.03991394320714475,1,0,0,0,0.03960486838761117,0.03960486838761117,1500.0
694,694,1500.0,2050.0,1,0,0,0,1,0,0.1,0,36.089,-92.535,72.425,0.0,0.0,0.9907900887675437,0.0,0.0,0.0,0.04090935730440194,1,0,0,0,0.03963160355070174,0.03963160355070174,1500.0
695,695,1500.0,2050.0,1,0,0,0,1,0,0.1,0,37.019,-92.194,72.425,0.0,0.0,0.990545809137566,0.0,0.0,0.0,0.039588586360720074,1,0,0,0,0.03962183236550264,0.03962183236550264,1500.0
696,696,1500.0,2050.0,1,0,0,0,1,0,0.1,0,37.934,-91.815,72.425,0.0,0.0,0.9903867931268077,0.0,0.0,0.0,0.04124924139174102,1,0,0,0,0.03961547172507231,0.03961547172507231,1500.0
697,697,1500.0,2050.0,1,0,0,0,1,0,0.1,0,38.775,-91.431,72.425,0.0,0.0,0.9245198753947922,0.0,0.0,0.0,0.03563428860426762,1,0,0,0,0.036980795015791684,0.036980795015791684,1500.0
698,698,1500.0,2050.0,1,0,0,0,1,0,0.1,0,39.664,-90.994,72.425,0.0,0.0,0.9906008277807985,0.0,0.0,0.0,0.028547379490737105,1,0,0,0,0.03962403311123194,0.03962403311123194,1500.0
699,699,1500.0,2050.0,1,0,0,0,1,0,0.1,0,40.535,-90.522,72.425,0.0,0.0,0.9906689659013176,0.0,0.0,0.0,0.039731961155081305,1,0,0,0,0.0396267586360527,0.0396267586360527,1500.0
700,700,1500.0,2050.0,1,0,0,0,1,0,0.1,0,41.386,-90.016,72.425,0.0,0.0,0.9900691895014261,0.0,0.0,0.0,0.03982779295935009,1,0,0,0,0.03960276758005704,0.03960276758005704,1500.0
701,701,1500.0,2050.0,1,0,0,0,1,0,0.1,0,42.216,-89.475,72.425,0.0,0.0,0.9907476974487547,0.0,0.0,0.0,0.0412091737208605,1,0,0,0,0.03962990789795019,0.03962990789795019,1500.0
702,702,1500.0,2050.0,1,0,0,0,1,0,0.1,0,43.023,-88.901,72.425,0.0,0.0,0.9903156062589347,0.0,0.0,0.0,0.04060931792353089,1,0,0,0,0.03961262425035739,0.03961262425035739,1500.0
703,703,1500.0,2050.0,1,0,0,0,1,0,0.1,0,43.615,-88.452,72.425,0.0,0.0,0.7430107670821444,0.0,0.0,0.0,0.03063068761517099,1,0,0,0,0.029720430683285778,0.029720430683285778,1500.0
704,704,1500.0,2050.0,1,0,0,0,1,0,0.1,0,44.389,-87.833,72.425,0.0,0.0,0.9910787052499923,0.0,0.0,0.0,0.025698725782871724,1,0,0,0,0.039643148209999694,0.039643148209999694,1500.0
705,705,1500.0,2050.0,1,0,0,0,1,0,0.1,0,45.137,-87.184,72.425,0.0,0.0,0.9903055084164671,0.0,0.0,0.0,0.04006693299667187,1,0,0,0,0.039612220336658684,0.039612220336658684,1500.0
706,706,1500.0,2050.0,1,0,0,0,1,0,0.1,0,45.858,-86.505,72.425,0.0,0.0,0.990394870746006,0.0,0.0,0.0,0.04075686289673022,1,0,0,0,0.03961579482984024,0.03961579482984024,1500.0
707,707,1500.0,2050.0,1,0,0,0,1,0,0.1,0,46.551,-85.798,72.425,0.0,0.0,0.9899989898984736,0.0,0.0,0.0,0.03999067154353296,1,0,0,0,0.03959995959593895,0.03959995959593895,1500.0
708,708,1500.0,2050.0,1,0,0,0,1,0,0.1,0,47.216,-85.063,72.425,0.0,0.0,0.9911861580954398,0.0,0.0,0.0,0.03995872903528663,1,0,0,0,0.039647446323817594,0.039647446323817594,1500.0
709,709,1500.0,2050.0,1,0,0,0,1,0,0.1,0,47.827,-84.334,72.425,0.0,0.0,0.9511897812739555,0.0,0.0,0.0,0.03787473901329522,1,0,0,0,0.03804759125095822,0.03804759125095822,1500.0
710,710,1500.0,2050.0,1,0,0,0,1,0,0.1,0,48.442,-83.558,72.425,0.0,0.0,0.9901520085320216,0.0,0.0,0.0,0.027398187030115213,1,0,0,0,0.039606080341280867,0.039606080341280867,1500.0
711,711,1500.0,2050.0,1,0,0,0,1,0,0.1,0,49.025,-82.757,72.425,0.0,0.0,0.9907017714731318,0.0,0.0,0.0,0.04099949771977674,1,0,0,0,0.03962807085892527,0.03962807085892527,1500.0
712,712,1500.0,2050.0,1,0,0,0,1,0,0.1,0,49.576,-81.934,72.425,0.0,0.0,0.990419103208341,0.0,0.0,0.0,0.03920450764727085,1,0,0,0,0.03961676412833364,0.03961676412833364,1500.0
713,713,1500.0,2050.0,1,0,0,0,1,0,0.1,0,50.092,-81.089,72.425,0.0,0.0,0.9900914099213245,0.0,0.0,0.0,0.04174858653586198,1,0,0,0,0.03960365639685298,0.03960365639685298,1500.0
714,714,1500.0,2050.0,1,0,0,0,1,0,0.1,0,50.575,-80.223,72.425,0.0,0.0,0.9915871116548477,0.0,0.0,0.0,0.03945054950111416,1,0,0,0,0.03966348446619391,0.03966348446619391,1500.0
715,715,1500.0,2050.0,1,0,0,0,1,0,0.1,0,50.917,-79.561,72.425,0.0,0.0,0.7451228086698115,0.0,0.0,0.0,0.031911576610844046,1,0,0,0,0.029804912346792462,0.029804912346792462,1500.0
716,716,1500.0,2050.0,1,0,0,0,1,0,0.1,0,51.349,-78.67,72.425,0.0,0.0,0.9902045243281841,0.0,0.0,0.0,0.025399032064686567,1,0,0,0,0.03960818097312736,0.03960818097312736,1500.0
717,717,1500.0,2050.0,1,0,0,0,1,0,0.1,0,51.745,-77.762,72.425,0.0,0.0,0.9905957803261646,0.0,0.0,0.0,0.04019871880429223,1,0,0,0,0.039623831213046586,0.039623831213046586,1500.0
718,718,1500.0,2050.0,1,0,0,0,1,0,0.1,0,52.104,-76.839,72.425,0.0,0.0,0.9903585209407776,0.0,0.0,0.0,0.04031080182134687,1,0,0,0,0.0396143408376311,0.0396143408376311,1500.0
719,719,1500.0,2050.0,1,0,0,0,1,0,0.1,0,52.426,-75.902,72.425,0.0,0.0,0.990784032975904,0.0,0.0,0.0,0.039936977012006436,1,0,0,0,0.03963136131903616,0.03963136131903616,1500.0
720,720,1500.0,2050.0,1,0,0,0,1,0,0.1,0,52.548,-75.511,72.425,0.0,0.0,0.40959125967237653,0.0,0.0,0.0,0.028558661136945895,1,0,0,0,0.016383650386895064,0.016383650386895064,1500.0
721,721,1500.0,2050.0,1,0,0,0,1,0,0.1,0,52.823,-74.559,72.425,0.0,0.0,0.9909233068204601,0.0,0.0,0.0,0.02123727561889595,1,0,0,0,0.039636932272818406,0.039636932272818406,1500.0
722,722,1500.0,2050.0,1,0,0,0,1,0,0.1,0,53.059,-73.597,72.425,0.0,0.0,0.9905251132606406,0.0,0.0,0.0,0.04063940917617616,1,0,0,0,0.03962100453042562,0.03962100453042562,1500.0
723,723,1500.0,2050.0,1,0,0,0,1,0,0.1,0,53.231,-72.761,72.425,0.0,0.0,0.8535103982963529,0.0,0.0,0.0,0.0376610381540044,1,0,0,0,0.034140415931854115,0.034140415931854115,1500.0
724,724,1500.0,2050.0,1,0,0,0,1,0,0.1,0,53.401,-71.785,72.425,0.0,0.0,0.9906947057494547,0.0,0.0,0.0,0.030459969507539493,1,0,0,0,0.03962778822997819,0.03962778822997819,1500.0
725,725,1500.0,2050.0,1,0,0,0,1,0,0.1,0,53.531,-70.803,72.425,0.0,0.0,0.9905675141049183,0.0,0.0,0.0,0.040832663723760536,1,0,0,0,0.03962270056419673,0.03962270056419673,1500.0
726,726,1500.0,2050.0,1,0,0,0,1,0,0.1,0,53.57,-70.431,72.425,0.0,0.0,0.37403876804416947,0.0,0.0,0.0,0.027160453123947523,1,0,0,0,0.014961550721766779,0.014961550721766779,1500.0
727,727,1500.0,2050.0,1,0,0,0,1,0,0.1,0,53.662,-69.269,72.425,0.0,0.0,1.165636306915661,0.0,0.0,0.0,0.025448099470631275,1,0,0,0,0.04662545227662644,0.04662545227662644,1500.0
728,728,1500.0,2050.0,1,0,0,0,1,0,0.1,0,53.714,-68.125,72.425,0.0,0.0,1.145181208368358,0.0,0.0,0.0,0.03358574458140756,1,0,0,0,0.04580724833473432,0.04580724833473432,1500.0
729,729,1500.0,2050.0,1,0,0,0,1,0,0.1,0,53.98,-60.524,72.425,0.0,0.0,7.605652963421352,0.0,0.0,0.0,0.010442159617280728,1,0,0,0,0.30422611853685405,0.30422611853685405,1500.0
730,730,1500.0,2050.0,1,0,0,0,1,0,0.1,0,54.968,-60.602,72.425,0.0,0.0,0.991074164732394,0.0,0.0,0.0,1.6145991679797287,1,0,1,0,0.03964296658929575,0.03964296658929575,1500.0
731,731,1500.0,2050.0,1,0,0,0,1,0,0.1,0,55.257,-60.617,72.425,0.0,0.0,0.28938901153982466,0.0,0.0,0.0,0.02692737945380123,1,0,0,0,0.011575560461592986,0.011575560461592986,1500.0
732,732,1500.0,2050.0,1,0,0,0,1,0,0.1,0,56.286,-60.645,72.425,0.0,0.0,1.0293808818896955,0.0,0.0,0.0,0.024652410138113874,1,0,0,0,0.04117523527558782,0.04117523527558782,1500.0
733,733,1500.0,2050.0,1,0,0,0,1,0,0.1,0,57.315,-60.633,72.425,0.0,0.0,1.0290699684666698,0.0,0.0,0.0,0.038865450360640125,1,0,1,0,0.04116279873866679,0.04116279873866679,1500.0
734,734,1500.0,2050.0,1,0,0,0,1,0,0.1,0,58.343,-60.581,72.425,0.0,0.0,1.0293143348851272,0.0,0.0,0.0,0.038879301827620075,1,0,0,0,0.04117257339540509,0.04117257339540509,1500.0
735,735,1500.0,2050.0,1,0,0,0,1,0,0.1,0,59.368,-60.489,72.425,0.0,0.0,1.0291204982896796,0.0,0.0,0.0,0.03897564543212799,1,0,0,0,0.04116481993158719,0.04116481993158719,1500.0
736,736,1500.0,2050.0,1,0,0,0,1,0,0.1,0,60.388,-60.357,72.425,0.0,0.0,1.0285057121863694,0.0,0.0,0.0,0.03918027505483636,1,0,0,0,0.04114022848745478,0.04114022848745478,1500.0
737,737,1500.0,2050.0,1,0,0,0,1,0,0.1,0,61.403,-60.186,72.425,0.0,0.0,1.0293036481039017,0.0,0.0,0.0,0.038209082171112865,1,0,0,0,0.04117214592415607,0.04117214592415607,1500.0
738,738,1500.0,2050.0,1,0,0,0,1,0,0.1,0,62.322,-59.995,72.425,0.0,0.0,0.9386383755206307,0.0,0.0,0.0,0.03801177353160516,1,0,0,0,0.03754553502082523,0.03754553502082523,1500.0
739,739,1500.0,2050.0,1,0,0,0,1,0,0.1,0,63.283,-59.758,72.425,0.0,0.0,0.9897929076327,0.0,0.0,0.0,0.036875823169325916,1,0,0,0,0.039591716305308,0.039591716305308,1500.0
740,740,1500.0,2050.0,1,0,0,0,1,0,0.1,0,64.235,-59.481,72.425,0.0,0.0,0.9914802065598673,0.0,0.0,0.0,0.041355429490850575,1,0,0,0,0.03965920826239469,0.03965920826239469,1500.0
741,741,1500.0,2050.0,1,0,0,0,1,0,0.1,0,65.472,-59.061,72.425,0.0,0.0,1.3063571487154608,0.0,0.0,0.0,0.04416954638894013,1,0,0,0,0.05225428594861843,0.05225428594861843,1500.0
742,742,1500.0,2050.0,1,0,0,0,1,0,0.1,0,66.398,-58.71,72.425,0.0,0.0,0.9902913712640351,0.0,0.0,0.0,0.03499817956190665,1,0,0,0,0.03961165485056141,0.03961165485056141,1500.0
743,743,1500.0,2050.0,1,0,0,0,1,0,0.1,0,67.309,-58.322,72.425,0.0,0.0,0.9901843262746594,0.0,0.0,0.0,0.04032111158688544,1,0,0,0,0.039607373050986376,0.039607373050986376,1500.0
744,744,1500.0,2050.0,1,0,0,0,1,0,0.1,0,68.204,-57.898,72.425,0.0,0.0,0.9903539771213081,0.0,0.0,0.0,0.03978480423091314,1,0,0,0,0.03961415908485232,0.03961415908485232,1500.0
745,745,1500.0,2050.0,1,0,0,0,1,0,0.1,0,69.081,-57.437,72.425,0.0,0.0,0.9907825190222231,0.0,0.0,0.0,0.04153859028580243,1,0,0,0,0.03963130076088893,0.03963130076088893,1500.0
746,746,1500.0,2050.0,1,0,0,0,1,0,0.1,0,70.154,-56.819,72.425,0.0,0.0,1.2382459367993013,0.0,0.0,0.0,0.03859104922562682,1,0,0,0,0.04952983747197205,0.04952983747197205,1500.0
747,747,1500.0,2050.0,1,0,0,0,1,0,0.1,0,70.99,-56.287,72.425,0.0,0.0,0.9909187655908033,0.0,0.0,0.0,0.04417732660254186,1,0,0,0,0.03963675062363213,0.03963675062363213,1500.0
748,748,1500.0,2050.0,1,0,0,0,1,0,0.1,0,71.755,-55.757,72.425,0.0,0.0,0.9306583691129641,0.0,0.0,0.0,0.03915523539900133,1,0,0,0,0.03722633476451856,0.03722633476451856,1500.0
749,749,1500.0,2050.0,1,0,0,0,1,0,0.1,0,72.55,-55.167,72.425,0.0,0.0,0.9900126261821101,0.0,0.0,0.0,0.032566193761696775,1,0,0,0,0.03960050504728441,0.03960050504728441,1500.0
750,750,1500.0,2050.0,1,0,0,0,1,0,0.1,0,73.167,-54.674,72.425,0.0,0.0,0.7897708528427771,0.0,0.0,0.0,0.03569705851184529,1,0,0,0,0.03159083411371109,0.03159083411371109,1500.0
751,751,1500.0,2050.0,1,0,0,0,1,0,0.1,0,74.009,-55.195,72.425,0.0,0.0,0.9901540284218404,0.0,0.0,0.0,1.2282507442342288,1,0,1,0,0.03960616113687362,0.03960616113687362,1500.0
752,752,1500.0,2050.0,1,0,0,0,1,0,0.1,0,74.929,-55.715,72.425,0.0,0.0,1.0567875850898356,0.0,0.0,0.0,0.039651725979154825,1,0,0,0,0.042271503403593425,0.042271503403593425,1500.0
753,753,1500.0,2050.0,1,0,0,0,1,0,0.1,0,75.805,-56.176,72.425,0.0,0.0,0.9898974694381267,0.0,0.0,0.0,0.030020433989045147,1,0,0,0,0.03959589877752507,0.03959589877752507,1500.0
754,754,1500.0,2050.0,1,0,0,0,1,0,0.1,0,76.7,-56.602,72.425,0.0,0.0,0.9912118845130886,0.0,0.0,0.0,0.04018516732373552,1,0,0,0,0.039648475380523546,0.039648475380523546,1500.0
755,755,1500.0,2050.0,1,0,0,0,1,0,0.1,0,77.611,-56.991,72.425,0.0,0.0,0.9905765997639985,0.0,0.0,0.0,0.04067948141862014,1,0,0,0,0.03962306399055994,0.03962306399055994,1500.0
756,756,1500.0,2050.0,1,0,0,0,1,0,0.1,0,78.537,-57.343,72.425,0.0,0.0,0.9906462537152232,0.0,0.0,0.0,0.04030598719707164,1,0,0,0,0.03962585014860893,0.03962585014860893,1500.0
757,757,1500.0,2050.0,1,0,0,0,1,0,0.1,0,79.476,-57.658,72.425,0.0,0.0,0.9904271805640157,0.0,0.0,0.0,0.039593982265172314,1,0,0,0,0.03961708722256063,0.03961708722256063,1500.0
758,758,1500.0,2050.0,1,0,0,0,1,0,0.1,0,80.242,-57.886,72.425,0.0,0.0,0.7992121120203377,0.0,0.0,0.0,0.03436670177559009,1,0,0,0,0.03196848448081351,0.03196848448081351,1500.0
759,759,1500.0,2050.0,1,0,0,0,1,0,0.1,0,81.198,-58.145,72.425,0.0,0.0,0.9904630230351756,0.0,0.0,0.0,0.024729966511303304,1,0,0,0,0.039618520921407024,0.039618520921407024,1500.0
760,760,1500.0,2050.0,1,0,0,0,1,0,0.1,0,82.164,-58.365,72.425,0.0,0.0,0.9907350806345839,0.0,0.0,0.0,0.040645604209304825,1,0,0,0,0.03962940322538336,0.03962940322538336,1500.0
761,761,1500.0,2050.0,1,0,0,0,1,0,0.1,0,83.138,-58.545,72.425,0.0,0.0,0.9904928066371846,0.0,0.0,0.0,0.04118084518382567,1,0,0,0,0.03961971226548739,0.03961971226548739,1500.0
762,762,1500.0,2050.0,1,0,0,0,1,0,0.1,0,84.257,-58.704,72.425,0.0,0.0,1.1302397975651004,0.0,0.0,0.0,0.0415968391909061,1,0,0,0,0.04520959190260401,0.04520959190260401,1500.0
763,763,1500.0,2050.0,1,0,0,0,1,0,0.1,0,85.242,-58.807,72.425,0.0,0.0,0.9903706376907583,0.0,0.0,0.0,0.03695643243585869,1,0,0,0,0.03961482550763033,0.03961482550763033,1500.0
764,764,1500.0,2050.0,1,0,0,0,1,0,0.1,0,86.05,-58.862,72.425,0.0,0.0,0.8098697426129637,0.0,0.0,0.0,0.036225404788785,1,0,0,0,0.032394789704518555,0.032394789704518555,1500.0
765,765,1500.0,2050.0,1,0,0,0,1,0,0.1,0,87.04,-58.899,72.425,0.0,0.0,0.990691172868729,0.0,0.0,0.0,0.030608115992430244,1,0,0,0,0.03962764691474916,0.03962764691474916,1500.0
766,766,1500.0,2050.0,1,0,0,0,1,0,0.1,0,88.03,-58.897,72.425,0.0,0.0,0.9900020201999539,0.0,0.0,0.0,0.03937655004930346,1,0,1,0,0.03960008080799816,0.03960008080799816,1500.0
767,767,1500.0,2050.0,1,0,0,0,1,0,0.1,0,88.99,-58.857,72.425,0.0,0.0,0.9608329719571388,0.0,0.0,0.0,0.039622379826669614,1,0,0,0,0.03843331887828555,0.03843331887828555,1500.0
768,768,1500.0,2050.0,1,0,0,0,1,0,0.1,0,89.978,-58.783,72.425,0.0,0.0,0.9907673793580403,0.0,0.0,0.0,0.03311661942526008,1,0,0,0,0.039630695174321606,0.039630695174321606,1500.0
769,769,1500.0,2050.0,1,0,0,0,1,0,0.1,0,90.962,-58.669,72.425,0.0,0.0,0.9905816473163727,0.0,0.0,0.0,0.040580262680418366,1,0,0,0,0.039623265892654906,0.039623265892654906,1500.0
770,770,1500.0,2050.0,1,0,0,0,1,0,0.1,0,91.941,-58.515,72.425,0.0,0.0,0.9910383443641307,0.0,0.0,0.0,0.04068538179678963,1,0,0,0,0.03964153377456523,0.03964153377456523,1500.0
771,771,1500.0,2050.0,1,0,0,0,1,0,0.1,0,92.912,-58.322,72.425,0.0,0.0,0.9899949494820699,0.0,0.0,0.0,0.040182127868142875,1,0,0,0,0.03959979797928279,0.03959979797928279,1500.0
772,772,1500.0,2050.0,1,0,0,0,1,0,0.1,0,93.375,-58.216,72.425,0.0,0.0,0.47497894690185444,0.0,0.0,0.0,0.02885604178121709,1,0,0,0,0.018999157876074178,0.018999157876074178,1500.0
773,773,1500.0,2050.0,1,0,0,0,1,0,0.1,0,96.501,-58.167,72.425,0.0,0.0,3.1263840135210565,0.0,0.0,0.0,0.2093893122640225,1,0,0,0,0.12505536054084226,0.12505536054084226,1500.0
774,774,1500.0,2050.0,1,0,0,0,1,0,0.1,0,99.452,-58.166,72.425,0.0,0.0,2.9510001694340784,0.0,0.0,0.0,0.01533483221907354,1,0,0,0,0.11804000677736314,0.11804000677736314,1500.0
775,775,1500.0,2050.0,1,0,0,0,1,0,0.1,0,100.067,-58.942,72.425,0.0,0.0,0.9901520085320228,0.0,0.0,0.0,0.9009683533301235,1,0,1,0,0.03960608034128091,0.03960608034128091,1500.0
776,776,1500.0,2050.0,1,0,0,0,1,0,0.1,0,100.859,-59.86,72.425,0.0,0.0,1.2124306165715222,0.0,0.0,0.0,0.04168003127682974,1,0,0,0,0.04849722466286088,0.04849722466286088,1500.0
777,777,1500.0,2050.0,1,0,0,0,1,0,0.1,0,101.531,-60.588,72.425,0.0,0.0,0.9907411367254402,0.0,0.0,0.0,0.03357260336525893,1,0,0,0,0.03962964546901761,0.03962964546901761,1500.0
778,778,1500.0,2050.0,1,0,0,0,1,0,0.1,0,102.231,-61.288,72.425,0.0,0.0,0.9899494936611555,0.0,0.0,0.0,0.039978687123277276,1,0,0,0,0.039597979746446216,0.039597979746446216,1500.0
779,779,1500.0,2050.0,1,0,0,0,1,0,0.1,0,102.959,-61.96,72.425,0.0,0.0,0.9907411367254406,0.0,0.0,0.0,0.039978687123299494,1,0,0,0,0.03962964546901763,0.03962964546901763,1500.0
780,780,1500.0,2050.0,1,0,0,0,1,0,0.1,0,103.714,-62.601,72.425,0.0,0.0,0.9904069870512783,0.0,0.0,0.0,0.04150240162055867,1,0,0,0,0.03961627948205113,0.03961627948205113,1500.0
781,781,1500.0,2050.0,1,0,0,0,1,0,0.1,0,103.961,-62.801,72.425,0.0,0.0,0.31781913095344194,0.0,0.0,0.0,0.02327939488034018,1,0,0,0,0.012712765238137679,0.012712765238137679,1500.0
782,782,1500.0,2050.0,1,0,0,0,1,0,0.1,0,104.745,-63.407,72.425,0.0,0.0,0.9909046371876573,0.0,0.0,0.0,0.022603884029455956,1,0,0,0,0.03963618548750629,0.03963618548750629,1500.0
783,783,1500.0,2050.0,1,0,0,0,1,0,0.1,0,105.552,-63.981,72.425,0.0,0.0,0.9903156062589388,0.0,0.0,0.0,0.039779846494668036,1,0,0,0,0.03961262425035755,0.03961262425035755,1500.0
784,784,1500.0,2050.0,1,0,0,0,1,0,0.1,0,106.358,-64.507,72.425,0.0,0.0,0.9624510377156852,0.0,0.0,0.0,0.04004930304835323,1,0,0,0,0.03849804150862741,0.03849804150862741,1500.0
785,785,1500.0,2050.0,1,0,0,0,1,0,0.1,0,107.204,-65.021,72.425,0.0,0.0,0.9899050459513669,0.0,0.0,0.0,0.03224119718531133,1,0,0,0,0.03959620183805467,0.03959620183805467,1500.0
786,786,1500.0,2050.0,1,0,0,0,1,0,0.1,0,108.071,-65.501,72.425,0.0,0.0,0.9910040363187284,0.0,0.0,0.0,0.04033509940046191,1,0,0,0,0.03964016145274914,0.03964016145274914,1500.0
787,787,1500.0,2050.0,1,0,0,0,1,0,0.1,0,108.808,-65.874,72.425,0.0,0.0,0.8260133170839354,0.0,0.0,0.0,0.037108012531124564,1,0,0,0,0.03304053268335742,0.03304053268335742,1500.0
788,788,1500.0,2050.0,1,0,0,0,1,0,0.1,0,109.705,-66.294,72.425,0.0,0.0,0.9904589845117191,0.0,0.0,0.0,0.030612299654251905,1,0,0,0,0.039618359380468766,0.039618359380468766,1500.0
789,789,1500.0,2050.0,1,0,0,0,1,0,0.1,0,110.619,-66.678,72.425,0.0,0.0,0.9913889246910129,0.0,0.0,0.0,0.04016844706857511,1,0,0,0,0.03965555698764052,0.03965555698764052,1500.0
790,790,1500.0,2050.0,1,0,0,0,1,0,0.1,0,111.547,-67.024,72.425,0.0,0.0,0.9904039579888589,0.0,0.0,0.0,0.04085972379320216,1,0,0,0,0.039616158319554354,0.039616158319554354,1500.0
791,791,1500.0,2050.0,1,0,0,0,1,0,0.1,0,112.488,-67.333,72.425,0.0,0.0,0.9904352578538403,0.0,0.0,0.0,0.03959926962887708,1,0,0,0,0.03961741031415361,0.03961741031415361,1500.0
792,792,1500.0,2050.0,1,0,0,0,1,0,0.1,0,113.441,-67.603,72.425,0.0,0.0,0.9905094648714889,0.0,0.0,0.0,0.041199766632080394,1,0,0,0,0.039620378594859555,0.039620378594859555,1500.0
793,793,1500.0,2050.0,1,0,0,0,1,0,0.1,0,114.404,-67.835,72.425,0.0,0.0,0.9905518663855961,0.0,0.0,0.0,0.039671986762460636,1,0,0,0,0.03962207465542385,0.03962207465542385,1500.0
794,794,1500.0,2050.0,1,0,0,0,1,0,0.1,0,115.375,-68.028,72.425,0.0,0.0,0.9899949494820727,0.0,0.0,0.0,0.0402018726752114,1,0,0,0,0.039599797979282904,0.039599797979282904,1500.0
795,795,1500.0,2050.0,1,0,0,0,1,0,0.1,0,116.354,-68.181,72.425,0.0,0.0,0.9908834442052182,0.0,0.0,0.0,0.041179069502411396,1,0,0,0,0.039635337768208725,0.039635337768208725,1500.0
796,796,1500.0,2050.0,1,0,0,0,1,0,0.1,0,117.338,-68.295,72.425,0.0,0.0,0.9905816473163584,0.0,0.0,0.0,0.039688440162528295,1,0,0,0,0.03962326589265434,0.03962326589265434,1500.0
797,797,1500.0,2050.0,1,0,0,0,1,0,0.1,0,118.379,-68.372,72.425,0.0,0.0,1.0438438580554195,0.0,0.0,0.0,0.04150657690213767,1,0,0,0,0.04175375432221678,0.04175375432221678,1500.0
798,798,1500.0,2050.0,1,0,0,0,1,0,0.1,0,118.812,-68.415,72.425,0.0,0.0,0.43512986567230044,0.0,0.0,0.0,0.02514974039821159,1,0,0,0,0.017405194626892016,0.017405194626892016,1500.0
799,799,1500.0,2050.0,1,0,0,0,1,0,0.1,0,119.238,-68.497,72.425,0.0,0.0,0.4338202392696779,0.0,0.0,0.0,0.0911797882383717,1,0,0,0,0.017352809570787116,0.017352809570787116,1500.0
800,800,1500.0,2050.0,1,0,0,0,1,0,0.1,0,119.656,-68.618,72.425,0.0,0.0,0.4351608897867594,0.0,0.0,0.0,0.09160945433462961,1,0,0,0,0.017406435591470374,0.017406435591470374,1500.0
801,801,1500.0,2050.0,1,0,0,0,1,0,0.1,0,120.06,-68.777,72.425,0.0,0.0,0.4341624120073028,0.0,0.0,0.0,0.09317425918518876,1,0,0,0,0.017366496480292114,0.017366496480292114,1500.0
802,802,1500.0,2050.0,1,0,0,0,1,0,0.1,0,120.448,-68.972,72.425,0.0,0.0,0.43424532236972957,0.0,0.0,0.0,0.0907612118642894,1,0,0,0,0.017369812894789182,0.017369812894789182,1500.0
803,803,1500.0,2050.0,1,0,0,0,1,0,0.1,0,120.817,-69.202,72.425,0.0,0.0,0.4348114533910091,0.0,0.0,0.0,0.09167306002325572,1,0,0,0,0.017392458135640363,0.017392458135640363,1500.0
804,804,1500.0,2050.0,1,0,0,0,1,0,0.1,0,121.162,-69.466,72.425,0.0,0.0,0.4344203033929317,0.0,0.0,0.0,0.09578891748048839,1,0,0,0,0.017376812135717266,0.017376812135717266,1500.0
805,805,1500.0,2050.0,1,0,0,0,1,0,0.1,0,121.483,-69.759,72.425,0.0,0.0,0.43461477195328097,0.0,0.0,0.0,0.08665781401328276,1,0,0,0,0.01738459087813124,0.01738459087813124,1500.0
806,806,1500.0,2050.0,1,0,0,0,1,0,0.1,0,121.774,-70.081,72.425,0.0,0.0,0.4340103685397388,0.0,0.0,0.0,0.09609895163275484,1,0,0,0,0.01736041474158955,0.01736041474158955,1500.0
807,807,1500.0,2050.0,1,0,0,0,1,0,0.1,0,122.035,-70.429,72.425,0.0,0.0,0.4349999999999966,0.0,0.0,0.0,0.09136913652901833,1,0,0,0,0.017399999999999863,0.017399999999999863,1500.0
808,808,1500.0,2050.0,1,0,0,0,1,0,0.1,0,122.263,-70.799,72.425,0.0,0.0,0.43460786923387307,0.0,0.0,0.0,0.09124317186085194,1,0,0,0,0.017384314769354925,0.017384314769354925,1500.0
809,809,1500.0,2050.0,1,0,0,0,1,0,0.1,0,122.456,-71.188,72.425,0.0,0.0,0.4342464737910901,0.0,0.0,0.0,0.09169991645318107,1,0,0,0,0.017369858951643603,0.017369858951643603,1500.0
810,810,1500.0,2050.0,1,0,0,0,1,0,0.1,0,122.613,-71.594,72.425,0.0,0.0,0.4352987479880825,0.0,0.0,0.0,0.09156990529359449,1,0,0,0,0.0174119499195233,0.0174119499195233,1500.0
811,811,1500.0,2050.0,1,0,0,0,1,0,0.1,0,122.731,-72.012,72.425,0.0,0.0,0.43433627525225676,0.0,0.0,0.0,0.09385100098163295,1,0,0,0,0.01737345101009027,0.01737345101009027,1500.0
812,812,1500.0,2050.0,1,0,0,0,1,0,0.1,0,122.81,-72.439,72.425,0.0,0.0,0.4342464737910888,0.0,0.0,0.0,0.09219402588995392,1,0,0,0,0.017369858951643554,0.017369858951643554,1500.0
813,813,1500.0,2050.0,1,0,0,0,1,0,0.1,0,122.85,-72.872,72.425,0.0,0.0,0.43484365006287645,0.0,0.0,0.0,0.09082577970091994,1,0,0,0,0.01739374600251506,0.01739374600251506,1500.0
814,814,1500.0,2050.0,1,0,0,0,1,0,0.1,0,123.759,-96.265,72.425,0.0,0.0,23.41065419846272,0.0,0.0,0.0,0.0532790704144348,1,0,0,0,0.9364261679385087,0.9364261679385087,1500.0
815,815,1500.0,2050.0,1,0,0,0,1,0,0.1,0,124.611,-119.141,72.425,0.0,0.0,22.89186056221731,0.0,0.0,0.0,0.0016111713622846636,1,0,0,0,0.9156744224886924,0.9156744224886924,1500.0
816,816,1500.0,2050.0,1,0,0,0,1,0,0.1,0,125.424,-142.018,72.425,0.0,0.0,22.891441588506385,0.0,0.0,0.0,0.0017041397832399108,1,0,0,0,0.9156576635402554,0.9156576635402554,1500.0
817,817,1500.0,2050.0,1,0,0,0,1,0,0.1,0,126.196,-164.896,72.425,0.0,0.0,22.89102155868102,0.0,0.0,0.0,0.001791517757522047,1,0,0,0,0.9156408623472408,0.9156408623472408,1500.0
818,818,1500.0,2050.0,1,0,0,0,1,0,0.1,0,126.465,-173.145,72.425,0.0,0.0,8.253384881368394,0.0,0.0,0.0,0.0011329478945818832,1,0,0,0,0.3301353952547358,0.3301353952547358,1500.0
819,819,1500.0,2050.0,1,0,0,0,1,0,0.1,0,125.187,-173.058,72.425,0.0,0.0,1.2809578447396377,0.0,0.0,0.0,1.671365038605582,1,1,1,0,0.05123831378958551,0.05123831378958551,1500.0
820,820,1500.0,2050.0,1,0,0,0,1,0,0.1,0,123.908,-173.01,72.425,0.0,0.0,1.2799003867489027,0.0,0.0,0.0,0.030458535142104948,1,0,0,0,0.051196015469956106,0.051196015469956106,1500.0
821,821,1500.0,2050.0,1,0,0,0,1,0,0.1,0,122.628,-173.003,72.425,0.0,0.0,1.2800191404818926,0.0,0.0,0.0,0.03204301978494152,1,0,0,0,0.0512007656192757,0.0512007656192757,1500.0
822,822,1500.0,2050.0,1,0,0,0,1,0,0.1,0,121.326,-173.036,72.425,0.0,0.0,1.3024181356231257,0.0,0.0,0.0,0.030808892346103282,1,0,1,0,0.05209672542492502,0.05209672542492502,1500.0
823,823,1500.0,2050.0,1,0,0,0,1,0,0.1,0,-135.256,-173.015,72.425,0.0,0.0,256.5820008593744,0.0,0.0,0.0,0.025422042043416426,1,0,1,0,10.263280034374976,10.263280034374976,1500.0
824,824,1500.0,2050.0,1,0,0,0,1,0,0.1,0,-136.556,-173.036,72.425,0.0,0.0,1.3001696043209248,0.0,0.0,0.0,0.01623428645586766,1,0,1,0,0.052006784172836995,0.052006784172836995,1500.0
825,825,1500.0,2050.0,1,0,0,0,1,0,0.1,0,-137.854,-173.097,72.425,0.0,0.0,1.2994325684697938,0.0,0.0,0.0,0.030808384545577615,1,0,0,0,0.05197730273879175,0.05197730273879175,1500.0
826,826,1500.0,2050.0,1,0,0,0,1,0,0.1,0,-138.48,-173.141,72.425,0.0,0.0,0.6275444207384597,0.0,0.0,0.0,0.023211307934742204,1,0,0,0,0.02510177682953839,0.02510177682953839,1500.0
827,827,1500.0,2050.0,1,0,0,0,1,0,0.1,0,-137.871,-157.477,72.425,0.0,0.0,15.675834172381371,0.0,0.0,0.0,1.6798278469529793,1,1,1,0,0.6270333668952549,0.6270333668952549,1500.0
828,828,1500.0,2050.0,1,0,0,0,1,0,0.1,0,-137.433,-146.805,72.425,0.0,0.0,10.680984411560573,0.0,0.0,0.0,0.0021595715651845037,1,0,0,0,0.4272393764624229,0.4272393764624229,1500.0
829,829,1500.0,2050.0,1,0,0,0,1,0,0.1,0,-137.277,-145.866,72.425,0.0,0.0,0.9518702642692378,0.0,0.0,0.0,0.12361158477901936,1,0,0,0,0.038074810570769516,0.038074810570769516,1500.0
830,830,1500.0,2050.0,1,0,0,0,1,0,0.1,0,-137.081,-144.935,72.425,0.0,0.0,0.9514079041084432,0.0,0.0,0.0,0.04286568368922051,1,0,0,0,0.03805631616433773,0.03805631616433773,1500.0
831,831,1500.0,2050.0,1,0,0,0,1,0,0.1,0,-136.846,-144.012,72.425,0.0,0.0,0.9524463239469175,0.0,0.0,0.0,0.04181141397870782,1,0,0,0,0.038097852957876696,0.038097852957876696,1500.0
832,832,1500.0,2050.0,1,0,0,0,1,0,0.1,0,-136.572,-143.1,72.425,0.0,0.0,0.9522709698399987,0.0,0.0,0.0,0.04255148757675209,1,0,0,0,0.038090838793599945,0.038090838793599945,1500.0
833,833,1500.0,2050.0,1,0,0,0,1,0,0.1,0,-136.261,-142.2,72.425,0.0,0.0,0.9522189874183431,0.0,0.0,0.0,0.040850801630983966,1,0,0,0,0.03808875949673372,0.03808875949673372,1500.0
834,834,1500.0,2050.0,1,0,0,0,1,0,0.1,0,-135.911,-141.315,72.425,0.0,0.0,0.9516958547771341,0.0,0.0,0.0,0.04389402827627273,1,0,0,0,0.038067834191085365,0.038067834191085365,1500.0
835,835,1500.0,2050.0,1,0,0,0,1,0,0.1,0,-135.42,-140.126,72.425,0.0,0.0,1.2863910758396906,0.0,0.0,0.0,0.015017884605774464,1,0,0,0,0.05145564303358762,0.05145564303358762,1500.0
836,836,1500.0,2050.0,1,0,0,0,1,0,0.1,0,-135.081,-139.195,72.425,0.0,0.0,0.9907986677423525,0.0,0.0,0.0,0.042419692960462746,1,0,0,0,0.039631946709694096,0.039631946709694096,1500.0
837,837,1500.0,2050.0,1,0,0,0,1,0,0.1,0,-134.78,-138.252,72.425,0.0,0.0,0.9898737293210491,0.0,0.0,0.0,0.04023045222446593,1,0,0,0,0.03959494917284197,0.03959494917284197,1500.0
838,838,1500.0,2050.0,1,0,0,0,1,0,0.1,0,-134.518,-137.297,72.425,0.0,0.0,0.990287332040567,0.0,0.0,0.0,0.041214025357247226,1,0,0,0,0.039611493281622674,0.039611493281622674,1500.0
839,839,1500.0,2050.0,1,0,0,0,1,0,0.1,0,-134.294,-136.332,72.425,0.0,0.0,0.9906568528002024,0.0,0.0,0.0,0.039672602327441714,1,0,0,0,0.0396262741120081,0.0396262741120081,1500.0
840,840,1500.0,2050.0,1,0,0,0,1,0,0.1,0,-134.078,-135.184,72.425,0.0,0.0,1.168143826761069,0.0,0.0,0.0,0.042106072183203405,1,0,0,0,0.046725753070442765,0.046725753070442765,1500.0
841,841,1500.0,2050.0,1,0,0,0,1,0,0.1,0,-133.925,-134.143,72.425,0.0,0.0,1.0521834440818725,0.0,0.0,0.0,0.04004970663560254,1,0,0,0,0.0420873377632749,0.0420873377632749,1500.0
842,842,1500.0,2050.0,1,0,0,0,1,0,0.1,0,-133.812,-133.097,72.425,0.0,0.0,1.0520860230988642,0.0,0.0,0.0,0.038316040506360144,1,0,0,0,0.042083440923954565,0.042083440923954565,1500.0
843,843,1500.0,2050.0,1,0,0,0,1,0,0.1,0,-133.739,-132.047,72.425,0.0,0.0,1.052534560002675,0.0,0.0,0.0,0.03820113287831944,1,0,0,0,0.042101382400107,0.042101382400107,1500.0
844,844,1500.0,2050.0,1,0,0,0,1,0,0.1,0,-133.705,-130.995,72.425,0.0,0.0,1.0525492862569352,0.0,0.0,0.0,0.03710397174721345,1,0,0,0,0.04210197145027741,0.04210197145027741,1500.0
845,845,1500.0,2050.0,1,0,0,0,1,0,0.1,0,-133.703,-66.308,72.425,0.0,0.0,64.68700003091811,0.0,0.0,0.0,0.03227722756998798,1,0,0,0,2.5874800012367243,2.5874800012367243,1500.0
846,846,1500.0,2050.0,1,0,0,0,1,0,0.1,0,-133.683,-65.823,72.425,0.0,0.0,0.485412195973704,0.0,0.0,0.0,0.04118284454497312,1,0,0,0,0.01941648783894816,0.01941648783894816,1500.0
847,847,1500.0,2050.0,1,0,0,0,1,0,0.1,0,-133.624,-65.341,72.425,0.0,0.0,0.48559757001039355,0.0,0.0,0.0,0.08058695902703951,1,0,0,0,0.01942390280041574,0.01942390280041574,1500.0
848,848,1500.0,2050.0,1,0,0,0,1,0,0.1,0,-133.524,-64.866,72.425,0.0,0.0,0.48541219597368324,0.0,0.0,0.0,0.0856955047498158,1,0,0,0,0.019416487838947328,0.019416487838947328,1500.0
849,849,1500.0,2050.0,1,0,0,0,1,0,0.1,0,-133.386,-64.401,72.425,0.0,0.0,0.48504535870370374,0.0,0.0,0.0,0.08099849139764242,1,0,0,0,0.01940181434814815,0.01940181434814815,1500.0
850,850,1500.0,2050.0,1,0,0,0,1,0,0.1,0,-133.21,-63.948,72.425,0.0,0.0,0.4859886829957997,0.0,0.0,0.0,0.0820769460173265,1,0,0,0,0.01943954731983199,0.01943954731983199,1500.0
851,851,1500.0,2050.0,1,0,0,0,1,0,0.1,0,-132.998,-63.512,72.425,0.0,0.0,0.4848092408360296,0.0,0.0,0.0,0.08200628662056934,1,0,0,0,0.019392369633441185,0.019392369633441185,1500.0
852,852,1500.0,2050.0,1,0,0,0,1,0,0.1,0,-132.75,-63.095,72.425,0.0,0.0,0.4851731649627755,0.0,0.0,0.0,0.08395326964266554,1,0,0,0,0.01940692659851102,0.01940692659851102,1500.0
853,853,1500.0,2050.0,1,0,0,0,1,0,0.1,0,-132.469,-62.699,72.425,0.0,0.0,0.4855687386972147,0.0,0.0,0.0,0.08060599437642406,1,0,0,0,0.019422749547888588,0.019422749547888588,1500.0
854,854,1500.0,2050.0,1,0,0,0,1,0,0.1,0,-132.156,-62.328,72.425,0.0,0.0,0.485396744941691,0.0,0.0,0.0,0.08366798806079807,1,0,0,0,0.01941586979766764,0.01941586979766764,1500.0
855,855,1500.0,2050.0,1,0,0,0,1,0,0.1,0,-131.814,-61.984,72.425,0.0,0.0,0.4850773134254061,0.0,0.0,0.0,0.08167751721207142,1,0,0,0,0.019403092537016244,0.019403092537016244,1500.0
856,856,1500.0,2050.0,1,0,0,0,1,0,0.1,0,-131.444,-61.669,72.425,0.0,0.0,0.48592694924237984,0.0,0.0,0.0,0.08303553667856949,1,0,0,0,0.019437077969695196,0.019437077969695196,1500.0
857,857,1500.0,2050.0,1,0,0,0,1,0,0.1,0,-131.05,-61.386,72.425,0.0,0.0,0.4851030818289847,0.0,0.0,0.0,0.08239259718593764,1,0,0,0,0.01940412327315939,0.01940412327315939,1500.0
858,858,1500.0,2050.0,1,0,0,0,1,0,0.1,0,-130.634,-61.136,72.425,0.0,0.0,0.48534111715372,0.0,0.0,0.0,0.08175925923387763,1,0,0,0,0.019413644686148798,0.019413644686148798,1500.0
859,859,1500.0,2050.0,1,0,0,0,1,0,0.1,0,-130.199,-60.921,72.425,0.0,0.0,0.4852319033204419,0.0,0.0,0.0,0.08208686724310457,1,0,0,0,0.019409276132817677,0.019409276132817677,1500.0
860,860,1500.0,2050.0,1,0,0,0,1,0,0.1,0,-129.747,-60.743,72.425,0.0,0.0,0.4857859610980924,0.0,0.0,0.0,0.08388460044480235,1,0,0,0,0.019431438443923695,0.019431438443923695,1500.0
861,861,1500.0,2050.0,1,0,0,0,1,0,0.1,0,-129.283,-60.602,72.425,0.0,0.0,0.48495051293923447,0.0,0.0,0.0,0.08014276232232458,1,0,0,0,0.019398020517569378,0.019398020517569378,1500.0
862,862,1500.0,2050.0,1,0,0,0,1,0,0.1,0,-128.808,-60.5,72.425,0.0,0.0,0.48582815892040876,0.0,0.0,0.0,0.08348736838140747,1,0,0,0,0.019433126356816353,0.019433126356816353,1500.0
863,863,1500.0,2050.0,1,0,0,0,1,0,0.1,0,-128.327,-60.438,72.425,0.0,0.0,0.48497938100500154,0.0,0.0,0.0,0.08333332267981837,1,0,0,0,0.019399175240200062,0.019399175240200062,1500.0
864,864,1500.0,2050.0,1,0,0,0,1,0,0.1,0,-127.842,-60.416,72.425,0.0,0.0,0.4854987126656462,0.0,0.0,0.0,0.08286154131180563,1,0,0,0,0.01941994850662585,0.01941994850662585,1500.0
865,865,1500.0,2050.0,1,0,0,0,1,0,0.1,0,-127.357,-60.433,72.425,0.0,0.0,0.4852978466879897,0.0,0.0,0.0,0.0803669536109526,1,0,1,0,0.01941191386751959,0.01941191386751959,1500.0
866,866,1500.0,2050.0,1,0,0,0,1,0,0.1,0,-126.875,-60.49,72.425,0.0,0.0,0.4853586302931056,0.0,0.0,0.0,0.082673371995678,1,0,0,0,0.019414345211724224,0.019414345211724224,1500.0
867,867,1500.0,2050.0,1,0,0,0,1,0,0.1,0,-126.399,-60.587,72.425,0.0,0.0,0.4857828733086412,0.0,0.0,0.0,0.08331839733798332,1,0,0,0,0.01943131493234565,0.01943131493234565,1500.0
868,868,1500.0,2050.0,1,0,0,0,1,0,0.1,0,-125.933,-60.723,72.425,0.0,0.0,0.48544000659195075,0.0,0.0,0.0,0.08292993675805549,1,0,0,0,0.019417600263678027,0.019417600263678027,1500.0
869,869,1500.0,2050.0,1,0,0,0,1,0,0.1,0,-125.48,-60.896,72.425,0.0,0.0,0.48491030098359766,0.0,0.0,0.0,0.08084596355928883,1,0,0,0,0.019396412039343905,0.019396412039343905,1500.0
870,870,1500.0,2050.0,1,0,0,0,1,0,0.1,0,-125.042,-61.106,72.425,0.0,0.0,0.48574067155222084,0.0,0.0,0.0,0.08226966917678234,1,0,0,0,0.019429626862088833,0.019429626862088833,1500.0
871,871,1500.0,2050.0,1,0,0,0,1,0,0.1,0,-124.624,-61.352,72.425,0.0,0.0,0.48501546367100806,0.0,0.0,0.0,0.08485860017060978,1,0,0,0,0.019400618546840324,0.019400618546840324,1500.0
872,872,1500.0,2050.0,1,0,0,0,1,0,0.1,0,-124.403,-61.501,72.425,0.0,0.0,0.26653705183331566,0.0,0.0,0.0,0.06127232917303109,1,0,0,0,0.010661482073332626,0.010661482073332626,1500.0
873,873,1500.0,2050.0,1,0,0,0,1,0,0.1,0,-105.366,-74.995,72.425,0.0,0.0,23.334425319685945,0.0,0.0,0.0,0.02342223304278881,1,0,0,0,0.9333770127874378,0.9333770127874378,1500.0
874,874,1500.0,2050.0,1,0,0,0,1,0,0.1,0,-104.958,-75.259,72.425,0.0,0.0,0.48596296155159685,0.0,0.0,0.0,0.04232287309992339,1,0,0,0,0.01943851846206387,0.01943851846206387,1500.0
875,875,1500.0,2050.0,1,0,0,0,1,0,0.1,0,-104.531,-75.489,72.425,0.0,0.0,0.4850041236938047,0.0,0.0,0.0,0.08022381595506832,1,0,0,0,0.019400164947752187,0.019400164947752187,1500.0
876,876,1500.0,2050.0,1,0,0,0,1,0,0.1,0,-104.086,-75.683,72.425,0.0,0.0,0.4854492764440046,0.0,0.0,0.0,0.08296804771393096,1,0,0,0,0.01941797105776018,0.01941797105776018,1500.0
877,877,1500.0,2050.0,1,0,0,0,1,0,0.1,0,-103.626,-75.839,72.425,0.0,0.0,0.4857324366356355,0.0,0.0,0.0,0.08415412586999087,1,0,0,0,0.01942929746542542,0.01942929746542542,1500.0
878,878,1500.0,2050.0,1,0,0,0,1,0,0.1,0,-103.156,-75.957,72.425,0.0,0.0,0.48458642160093357,0.0,0.0,0.0,0.08097917684218148,1,0,0,0,0.019383456864037342,0.019383456864037342,1500.0
879,879,1500.0,2050.0,1,0,0,0,1,0,0.1,0,-102.677,-76.036,72.425,0.0,0.0,0.4854709054104071,0.0,0.0,0.0,0.0825241781234862,1,0,0,0,0.019418836216416286,0.019418836216416286,1500.0
880,880,1500.0,2050.0,1,0,0,0,1,0,0.1,0,-102.193,-76.076,72.425,0.0,0.0,0.4856500797899738,0.0,0.0,0.0,0.08099824820298307,1,0,0,0,0.019426003191598953,0.019426003191598953,1500.0
881,881,1500.0,2050.0,1,0,0,0,1,0,0.1,0,-101.95,-76.08,72.425,0.0,0.0,0.24303291958086173,0.0,0.0,0.0,0.06599781863224854,1,0,0,0,0.00972131678323447,0.00972131678323447,1500.0
882,882,1500.0,2050.0,1,0,0,0,1,0,0.1,0,-98.124,-76.055,72.425,0.0,0.0,3.826081677120871,0.0,0.0,0.0,0.022993565255799445,1,0,1,0,0.15304326708483484,0.15304326708483484,1500.0
883,883,1500.0,2050.0,1,0,0,0,1,0,0.1,0,-93.763,-75.977,72.425,0.0,0.0,4.361697490656581,0.0,0.0,0.0,0.011349752717413255,1,0,0,0,0.17446789962626322,0.17446789962626322,1500.0
884,884,1500.0,2050.0,1,0,0,0,1,0,0.1,0,-92.551,-75.928,72.425,0.0,0.0,1.212990107131962,0.0,0.0,0.0,0.02252313815143104,1,0,0,0,0.04851960428527848,0.04851960428527848,1500.0
885,885,1500.0,2050.0,1,0,0,0,1,0,0.1,0,-91.341,-75.839,72.425,0.0,0.0,1.213268725386103,0.0,0.0,0.0,0.03301446510011679,1,0,0,0,0.048530749015444116,0.048530749015444116,1500.0
886,886,1500.0,2050.0,1,0,0,0,1,0,0.1,0,-90.134,-75.71,72.425,0.0,0.0,1.2138739638034857,0.0,0.0,0.0,0.03305088149598154,1,0,0,0,0.04855495855213943,0.04855495855213943,1500.0
887,887,1500.0,2050.0,1,0,0,0,1,0,0.1,0,-89.393,-75.611,72.425,0.0,0.0,0.7475841089803859,0.0,0.0,0.0,0.026344330053928965,1,0,0,0,0.029903364359215433,0.029903364359215433,1500.0
888,888,1500.0,2050.0,1,0,0,0,1,0,0.1,0,-89.128,-76.795,72.425,0.0,0.0,1.2132934517255065,0.0,0.0,0.0,1.4834243391919615,1,0,1,0,0.04853173806902026,0.04853173806902026,1500.0
889,889,1500.0,2050.0,1,0,0,0,1,0,0.1,0,-88.824,-77.97,72.425,0.0,0.0,1.2136890046465751,0.0,0.0,0.0,0.03298322348629644,1,0,0,0,0.048547560185863,0.048547560185863,1500.0
890,890,1500.0,2050.0,1,0,0,0,1,0,0.1,0,-88.482,-79.134,72.425,0.0,0.0,1.213202373884919,0.0,0.0,0.0,0.032600420965616515,1,0,0,0,0.048528094955396756,0.048528094955396756,1500.0
891,891,1500.0,2050.0,1,0,0,0,1,0,0.1,0,-88.264,-79.815,72.425,0.0,0.0,0.7150419568109259,0.0,0.0,0.0,0.024037157234526624,1,0,0,0,0.028601678272437037,0.028601678272437037,1500.0
892,892,1500.0,2050.0,1,0,0,0,1,0,0.1,0,-87.872,-80.964,72.425,0.0,0.0,1.2140284181187848,0.0,0.0,0.0,0.01897401674046935,1,0,0,0,0.04856113672475139,0.04856113672475139,1500.0
893,893,1500.0,2050.0,1,0,0,0,1,0,0.1,0,-87.442,-82.099,72.425,0.0,0.0,1.2137236093938428,0.0,0.0,0.0,0.03336225802512718,1,0,0,0,0.04854894437575371,0.04854894437575371,1500.0
894,894,1500.0,2050.0,1,0,0,0,1,0,0.1,0,-86.976,-83.218,72.425,0.0,0.0,1.2121538681207076,0.0,0.0,0.0,0.032454962217414424,1,0,0,0,0.048486154724828305,0.048486154724828305,1500.0
895,895,1500.0,2050.0,1,0,0,0,1,0,0.1,0,-86.472,-84.322,72.425,0.0,0.0,1.2136029004579725,0.0,0.0,0.0,0.033663412664385106,1,0,0,0,0.0485441160183189,0.0485441160183189,1500.0
896,896,1500.0,2050.0,1,0,0,0,1,0,0.1,0,-85.933,-85.409,72.425,0.0,0.0,1.2132971606329561,0.0,0.0,0.0,0.032066107437971336,1,0,0,0,0.04853188642531824,0.04853188642531824,1500.0
897,897,1500.0,2050.0,1,0,0,0,1,0,0.1,0,-85.358,-86.478,72.425,0.0,0.0,1.2138311249922613,0.0,0.0,0.0,0.03316472988223301,1,0,0,0,0.04855324499969045,0.04855324499969045,1500.0
898,898,1500.0,2050.0,1,0,0,0,1,0,0.1,0,-84.68,-87.641,72.425,0.0,0.0,1.3461994651610965,0.0,0.0,0.0,0.034312107150420615,1,0,0,0,0.05384797860644386,0.05384797860644386,1500.0
899,899,1500.0,2050.0,1,0,0,0,1,0,0.1,0,-84.042,-88.673,72.425,0.0,0.0,1.2132880943947317,0.0,0.0,0.0,0.02589971815499322,1,0,0,0,0.048531523775789266,0.048531523775789266,1500.0
900,900,1500.0,2050.0,1,0,0,0,1,0,0.1,0,-83.37,-89.684,72.425,0.0,0.0,1.2139625200145132,0.0,0.0,0.0,0.03292498698480707,1,0,0,0,0.04855850080058053,0.04855850080058053,1500.0
901,901,1500.0,2050.0,1,0,0,0,1,0,0.1,0,-82.665,-90.671,72.425,0.0,0.0,1.2129278626530167,0.0,0.0,0.0,0.033617683495750915,1,0,0,0,0.048517114506120666,0.048517114506120666,1500.0
902,902,1500.0,2050.0,1,0,0,0,1,0,0.1,0,-81.928,-91.635,72.425,0.0,0.0,1.2134516883667066,0.0,0.0,0.0,0.03248162276490545,1,0,0,0,0.048538067534668265,0.048538067534668265,1500.0
903,903,1500.0,2050.0,1,0,0,0,1,0,0.1,0,-81.16,-92.574,72.425,0.0,0.0,1.213072545233791,0.0,0.0,0.0,0.03282439833224475,1,0,0,0,0.04852290180935164,0.04852290180935164,1500.0
904,904,1500.0,2050.0,1,0,0,0,1,0,0.1,0,-80.361,-93.488,72.425,0.0,0.0,1.2140004118615406,0.0,0.0,0.0,0.03280955650386237,1,0,0,0,0.04856001647446163,0.04856001647446163,1500.0
905,905,1500.0,2050.0,1,0,0,0,1,0,0.1,0,-79.602,-94.304,72.425,0.0,0.0,1.114422271852104,0.0,0.0,0.0,0.03085841138374936,1,0,0,0,0.04457689087408416,0.04457689087408416,1500.0
906,906,1500.0,2050.0,1,0,0,0,1,0,0.1,0,-78.755,-95.173,72.425,0.0,0.0,1.2134949526059076,0.0,0.0,0.0,0.02335487795697654,1,0,0,0,0.0485397981042363,0.0485397981042363,1500.0
907,907,1500.0,2050.0,1,0,0,0,1,0,0.1,0,-77.88,-96.014,72.425,0.0,0.0,1.2136333878070387,0.0,0.0,0.0,0.03263073812903648,1,0,0,0,0.04854533551228155,0.04854533551228155,1500.0
908,908,1500.0,2050.0,1,0,0,0,1,0,0.1,0,-76.978,-96.825,72.425,0.0,0.0,1.2129818630136286,0.0,0.0,0.0,0.033262360032327305,1,0,0,0,0.04851927452054515,0.04851927452054515,1500.0
909,909,1500.0,2050.0,1,0,0,0,1,0,0.1,0,-76.049,-97.606,72.425,0.0,0.0,1.2136729378213738,0.0,0.0,0.0,0.03326127571041142,1,0,0,0,0.04854691751285495,0.04854691751285495,1500.0
910,910,1500.0,2050.0,1,0,0,0,1,0,0.1,0,-75.095,-98.356,72.425,0.0,0.0,1.2135139059771893,0.0,0.0,0.0,0.032816661987886506,1,0,0,0,0.048540556239087575,0.048540556239087575,1500.0
911,911,1500.0,2050.0,1,0,0,0,1,0,0.1,0,-74.117,-99.074,72.425,0.0,0.0,1.213263367946133,0.0,0.0,0.0,0.032966376720421214,1,0,0,0,0.048530534717845325,0.048530534717845325,1500.0
912,912,1500.0,2050.0,1,0,0,0,1,0,0.1,0,-72.973,-99.856,72.425,0.0,0.0,1.3857344622978844,0.0,0.0,0.0,0.03366919181995708,1,0,0,0,0.05542937849191538,0.05542937849191538,1500.0
913,913,1500.0,2050.0,1,0,0,0,1,0,0.1,0,-71.953,-100.513,72.425,0.0,0.0,1.2132802644072003,0.0,0.0,0.0,0.027382491863541435,1,0,0,0,0.04853121057628801,0.04853121057628801,1500.0
914,914,1500.0,2050.0,1,0,0,0,1,0,0.1,0,-70.912,-101.136,72.425,0.0,0.0,1.213181767090151,0.0,0.0,0.0,0.03294027874830876,1,0,0,0,0.04852727068360604,0.04852727068360604,1500.0
915,915,1500.0,2050.0,1,0,0,0,1,0,0.1,0,-69.851,-101.725,72.425,0.0,0.0,1.213524618621317,0.0,0.0,0.0,0.03251024812892697,1,0,0,0,0.04854098474485268,0.04854098474485268,1500.0
916,916,1500.0,2050.0,1,0,0,0,1,0,0.1,0,-68.771,-102.278,72.425,0.0,0.0,1.2133461995654864,0.0,0.0,0.0,0.033547548190437794,1,0,0,0,0.048533847982619456,0.048533847982619456,1500.0
917,917,1500.0,2050.0,1,0,0,0,1,0,0.1,0,-67.673,-102.795,72.425,0.0,0.0,1.2136280319768464,0.0,0.0,0.0,0.03316894071622946,1,0,0,0,0.04854512127907386,0.04854512127907386,1500.0
918,918,1500.0,2050.0,1,0,0,0,1,0,0.1,0,-66.559,-103.276,72.425,0.0,0.0,1.2134071863970497,0.0,0.0,0.0,0.03246474721722856,1,0,0,0,0.04853628745588199,0.04853628745588199,1500.0
919,919,1500.0,2050.0,1,0,0,0,1,0,0.1,0,-65.545,-103.678,72.425,0.0,0.0,1.090779537761867,0.0,0.0,0.0,0.030155079280574378,1,0,0,0,0.043631181510474674,0.043631181510474674,1500.0
920,920,1500.0,2050.0,1,0,0,0,1,0,0.1,0,-64.407,-104.099,72.425,0.0,0.0,1.2133775175105304,0.0,0.0,0.0,0.02310849229622057,1,0,0,0,0.04853510070042122,0.04853510070042122,1500.0
921,921,1500.0,2050.0,1,0,0,0,1,0,0.1,0,-63.255,-104.482,72.425,0.0,0.0,1.2139987644145205,0.0,0.0,0.0,0.033364441976609475,1,0,0,0,0.04855995057658082,0.04855995057658082,1500.0
922,922,1500.0,2050.0,1,0,0,0,1,0,0.1,0,-62.092,-104.827,72.425,0.0,0.0,1.2130927417143373,0.0,0.0,0.0,0.032591649387534324,1,0,0,0,0.04852370966857349,0.04852370966857349,1500.0
923,923,1500.0,2050.0,1,0,0,0,1,0,0.1,0,-60.918,-105.134,72.425,0.0,0.0,1.2134764109779803,0.0,0.0,0.0,0.03260568377189738,1,0,0,0,0.04853905643911921,0.04853905643911921,1500.0
924,924,1500.0,2050.0,1,0,0,0,1,0,0.1,0,-59.735,-105.401,72.425,0.0,0.0,1.2127563646503765,0.0,0.0,0.0,0.03379364887309819,1,0,0,0,0.04851025458601506,0.04851025458601506,1500.0
925,925,1500.0,2050.0,1,0,0,0,1,0,0.1,0,-58.543,-105.63,72.425,0.0,0.0,1.213797759101573,0.0,0.0,0.0,0.03217653178643709,1,0,0,0,0.048551910364062915,0.048551910364062915,1500.0
926,926,1500.0,2050.0,1,0,0,0,1,0,0.1,0,-57.168,-105.845,72.425,0.0,0.0,1.391707584228814,0.0,0.0,0.0,0.03469391907566238,1,0,0,0,0.05566830336915256,0.05566830336915256,1500.0
927,927,1500.0,2050.0,1,0,0,0,1,0,0.1,0,-55.965,-106.0,72.425,0.0,0.0,1.212944351567701,0.0,0.0,0.0,0.02696907370891253,1,0,0,0,0.04851777406270804,0.04851777406270804,1500.0
928,928,1500.0,2050.0,1,0,0,0,1,0,0.1,0,-54.757,-106.115,72.425,0.0,0.0,1.213461577471661,0.0,0.0,0.0,0.03322595365786205,1,0,0,0,0.04853846309886645,0.04853846309886645,1500.0
929,929,1500.0,2050.0,1,0,0,0,1,0,0.1,0,-53.546,-106.191,72.425,0.0,0.0,1.213382462375321,0.0,0.0,0.0,0.032236787822886456,1,0,0,0,0.04853529849501285,0.04853529849501285,1500.0
930,930,1500.0,2050.0,1,0,0,0,1,0,0.1,0,-52.333,-106.226,72.425,0.0,0.0,1.2135048413582874,0.0,0.0,0.0,0.03382977574383958,1,0,0,0,0.0485401936543315,0.0485401936543315,1500.0
931,931,1500.0,2050.0,1,0,0,0,1,0,0.1,0,27.762,-106.222,72.425,0.0,0.0,80.09500009988139,0.0,0.0,0.0,0.028896017919433,1,0,1,0,3.2038000039952554,3.2038000039952554,1500.0
932,932,1500.0,2050.0,1,0,0,0,1,0,0.1,0,28.975,-106.202,72.425,0.0,0.0,1.2131648692572672,0.0,0.0,0.0,0.016436611591883657,1,0,0,0,0.04852659477029069,0.04852659477029069,1500.0
933,933,1500.0,2050.0,1,0,0,0,1,0,0.1,0,30.187,-106.142,72.425,0.0,0.0,1.2134842396998815,0.0,0.0,0.0,0.03297801631432682,1,0,0,0,0.04853936958799526,0.04853936958799526,1500.0
934,934,1500.0,2050.0,1,0,0,0,1,0,0.1,0,31.396,-106.042,72.425,0.0,0.0,1.213128599943138,0.0,0.0,0.0,0.03306056259809848,1,0,0,0,0.04852514399772552,0.04852514399772552,1500.0
935,935,1500.0,2050.0,1,0,0,0,1,0,0.1,0,32.602,-105.902,72.425,0.0,0.0,1.214098842763632,0.0,0.0,0.0,0.03304382053156541,1,0,0,0,0.048563953710545275,0.048563953710545275,1500.0
936,936,1500.0,2050.0,1,0,0,0,1,0,0.1,0,33.802,-105.722,72.425,0.0,0.0,1.2134249049694048,0.0,0.0,0.0,0.03332099587825076,1,0,0,0,0.04853699619877619,0.04853699619877619,1500.0
937,937,1500.0,2050.0,1,0,0,0,1,0,0.1,0,34.995,-105.504,72.425,0.0,0.0,1.2127543032288075,0.0,0.0,0.0,0.03184857297114765,1,0,0,0,0.0485101721291523,0.0485101721291523,1500.0
938,938,1500.0,2050.0,1,0,0,0,1,0,0.1,0,35.794,-105.336,72.425,0.0,0.0,0.8164710650108804,0.0,0.0,0.0,0.026505387686702436,1,0,0,0,0.032658842600435216,0.032658842600435216,1500.0
939,939,1500.0,2050.0,1,0,0,0,1,0,0.1,0,36.976,-105.063,72.425,0.0,0.0,1.2131170594794234,0.0,0.0,0.0,0.019740296596267467,1,0,0,0,0.04852468237917693,0.04852468237917693,1500.0
940,940,1500.0,2050.0,1,0,0,0,1,0,0.1,0,38.149,-104.75,72.425,0.0,0.0,1.2140420091578403,0.0,0.0,0.0,0.03377736340914115,1,0,0,0,0.048561680366313614,0.048561680366313614,1500.0
941,941,1500.0,2050.0,1,0,0,0,1,0,0.1,0,39.311,-104.4,72.425,0.0,0.0,1.2135666442350803,0.0,0.0,0.0,0.03180019813107752,1,0,0,0,0.048542665769403213,0.048542665769403213,1500.0
942,942,1500.0,2050.0,1,0,0,0,1,0,0.1,0,40.46,-104.011,72.425,0.0,0.0,1.2130630651371799,0.0,0.0,0.0,0.03388114145754045,1,0,0,0,0.0485225226054872,0.0485225226054872,1500.0
943,943,1500.0,2050.0,1,0,0,0,1,0,0.1,0,41.596,-103.585,72.425,0.0,0.0,1.213248531835086,0.0,0.0,0.0,0.03232776240919046,1,0,0,0,0.048529941273403446,0.048529941273403446,1500.0
944,944,1500.0,2050.0,1,0,0,0,1,0,0.1,0,42.717,-103.121,72.425,0.0,0.0,1.2132341076643056,0.0,0.0,0.0,0.033674524237382944,1,0,0,0,0.048529364306572224,0.048529364306572224,1500.0
945,945,1500.0,2050.0,1,0,0,0,1,0,0.1,0,43.96,-102.558,72.425,0.0,0.0,1.3645578038324326,0.0,0.0,0.0,0.032847995674713575,1,0,0,0,0.054582312153297306,0.054582312153297306,1500.0
946,946,1500.0,2050.0,1,0,0,0,1,0,0.1,0,45.051,-102.027,72.425,0.0,0.0,1.2133597982461792,0.0,0.0,0.0,0.027665552044533918,1,0,0,0,0.04853439192984717,0.04853439192984717,1500.0
947,947,1500.0,2050.0,1,0,0,0,1,0,0.1,0,46.124,-101.461,72.425,0.0,0.0,1.213130248571852,0.0,0.0,0.0,0.03244059784403515,1,0,0,0,0.048525209942874084,0.048525209942874084,1500.0
948,948,1500.0,2050.0,1,0,0,0,1,0,0.1,0,47.178,-100.86,72.425,0.0,0.0,1.2133082872872782,0.0,0.0,0.0,0.03282671718689487,1,0,0,0,0.04853233149149113,0.04853233149149113,1500.0
949,949,1500.0,2050.0,1,0,0,0,1,0,0.1,0,48.212,-100.224,72.425,0.0,0.0,1.2139406904787429,0.0,0.0,0.0,0.03321305911079086,1,0,0,0,0.04855762761914972,0.04855762761914972,1500.0
950,950,1500.0,2050.0,1,0,0,0,1,0,0.1,0,49.224,-99.555,72.425,0.0,0.0,1.2131384916817958,0.0,0.0,0.0,0.032676904096372666,1,0,0,0,0.04852553966727183,0.04852553966727183,1500.0
951,951,1500.0,2050.0,1,0,0,0,1,0,0.1,0,50.213,-98.852,72.425,0.0,0.0,1.2133960606496186,0.0,0.0,0.0,0.033834178517519,1,0,0,0,0.04853584242598474,0.04853584242598474,1500.0
952,952,1500.0,2050.0,1,0,0,0,1,0,0.1,0,51.084,-98.194,72.425,0.0,0.0,1.09160661412434,0.0,0.0,0.0,0.02903202436739647,1,0,0,0,0.04366426456497359,0.04366426456497359,1500.0
953,953,1500.0,2050.0,1,0,0,0,1,0,0.1,0,52.035,-97.44,72.425,0.0,0.0,1.2136379196448976,0.0,0.0,0.0,0.023383505509391396,1,0,0,0,0.048545516785795904,0.048545516785795904,1500.0
954,954,1500.0,2050.0,1,0,0,0,1,0,0.1,0,52.96,-96.655,72.425,0.0,0.0,1.2131982525539684,0.0,0.0,0.0,0.033343282945391364,1,0,0,0,0.04852793010215874,0.04852793010215874,1500.0
955,955,1500.0,2050.0,1,0,0,0,1,0,0.1,0,53.859,-95.84,72.425,0.0,0.0,1.2134356183992614,0.0,0.0,0.0,0.032720163067178835,1,0,0,0,0.04853742473597046,0.04853742473597046,1500.0
956,956,1500.0,2050.0,1,0,0,0,1,0,0.1,0,54.731,-94.995,72.425,0.0,0.0,1.2142524449223884,0.0,0.0,0.0,0.033245182572669306,1,0,0,0,0.048570097796895535,0.048570097796895535,1500.0
957,957,1500.0,2050.0,1,0,0,0,1,0,0.1,0,55.574,-94.123,72.425,0.0,0.0,1.2128614925043972,0.0,0.0,0.0,0.03263181553457959,1,0,0,0,0.048514459700175885,0.048514459700175885,1500.0
958,958,1500.0,2050.0,1,0,0,0,1,0,0.1,0,56.388,-93.223,72.425,0.0,0.0,1.2135056654173522,0.0,0.0,0.0,0.03322497730391422,1,0,0,0,0.048540226616694084,0.048540226616694084,1500.0
959,959,1500.0,2050.0,1,0,0,0,1,0,0.1,0,57.293,-92.15,72.425,0.0,0.0,1.4036929863755776,0.0,0.0,0.0,0.03459793576520955,1,0,0,0,0.0561477194550231,0.0561477194550231,1500.0
960,960,1500.0,2050.0,1,0,0,0,1,0,0.1,0,58.05,-91.202,72.425,0.0,0.0,1.213158274917173,0.0,0.0,0.0,0.02682743113164133,1,0,0,0,0.04852633099668692,0.04852633099668692,1500.0
961,961,1500.0,2050.0,1,0,0,0,1,0,0.1,0,58.776,-90.229,72.425,0.0,0.0,1.2140037067488745,0.0,0.0,0.0,0.03280986547823806,1,0,0,0,0.04856014826995498,0.04856014826995498,1500.0
962,962,1500.0,2050.0,1,0,0,0,1,0,0.1,0,59.468,-89.233,72.425,0.0,0.0,1.2127984168855064,0.0,0.0,0.0,0.03381652947311235,1,0,0,0,0.04851193667542025,0.04851193667542025,1500.0
963,963,1500.0,2050.0,1,0,0,0,1,0,0.1,0,60.128,-88.215,72.425,0.0,0.0,1.2132287500714765,0.0,0.0,0.0,0.03201303803755665,1,0,0,0,0.04852915000285905,0.04852915000285905,1500.0
964,964,1500.0,2050.0,1,0,0,0,1,0,0.1,0,60.754,-87.175,72.425,0.0,0.0,1.2138681971285061,0.0,0.0,0.0,0.03336804881267655,1,0,0,0,0.048554727885140245,0.048554727885140245,1500.0
965,965,1500.0,2050.0,1,0,0,0,1,0,0.1,0,61.345,-86.116,72.425,0.0,0.0,1.21274976808903,0.0,0.0,0.0,0.032811672976903045,1,0,0,0,0.0485099907235612,0.0485099907235612,1500.0
966,966,1500.0,2050.0,1,0,0,0,1,0,0.1,0,61.85,-85.143,72.425,0.0,0.0,1.0962454104807011,0.0,0.0,0.0,0.030278313156727486,1,0,0,0,0.04384981641922804,0.04384981641922804,1500.0
967,967,1500.0,2050.0,1,0,0,0,1,0,0.1,0,62.384,-84.053,72.425,0.0,0.0,1.2137775743520747,0.0,0.0,0.0,0.023200671570432766,1,0,0,0,0.04855110297408299,0.04855110297408299,1500.0
968,968,1500.0,2050.0,1,0,0,0,1,0,0.1,0,62.882,-82.946,72.425,0.0,0.0,1.2138587232458298,0.0,0.0,0.0,0.03280043272934275,1,0,0,0,0.04855434892983319,0.04855434892983319,1500.0
969,969,1500.0,2050.0,1,0,0,0,1,0,0.1,0,63.342,-81.824,72.425,0.0,0.0,1.2126351471073236,0.0,0.0,0.0,0.03365926651064418,1,0,0,0,0.04850540588429294,0.04850540588429294,1500.0
970,970,1500.0,2050.0,1,0,0,0,1,0,0.1,0,63.766,-80.687,72.425,0.0,0.0,1.2134846517364777,0.0,0.0,0.0,0.03214386027551182,1,0,0,0,0.04853938606945911,0.04853938606945911,1500.0
971,971,1500.0,2050.0,1,0,0,0,1,0,0.1,0,64.152,-79.537,72.425,0.0,0.0,1.2130523484169933,0.0,0.0,0.0,0.03310205348531798,1,0,0,0,0.04852209393667973,0.04852209393667973,1500.0
972,972,1500.0,2050.0,1,0,0,0,1,0,0.1,0,64.273,-79.149,72.425,0.0,0.0,0.40642957569547383,0.0,0.0,0.0,0.021538301538311027,1,0,0,0,0.016257183027818953,0.016257183027818953,1500.0
973,973,1500.0,2050.0,1,0,0,0,1,0,0.1,0,64.613,-77.985,72.425,0.0,0.0,1.212640094999339,0.0,0.0,0.0,0.018107815797809384,1,0,0,0,0.048505603799973554,0.048505603799973554,1500.0
974,974,1500.0,2050.0,1,0,0,0,1,0,0.1,0,64.915,-76.81,72.425,0.0,0.0,1.2131895977133984,0.0,0.0,0.0,0.03261401130432167,1,0,0,0,0.04852758390853594,0.04852758390853594,1500.0
975,975,1500.0,2050.0,1,0,0,0,1,0,0.1,0,65.178,-75.625,72.425,0.0,0.0,1.2138344203391171,0.0,0.0,0.0,0.03317505514580491,1,0,0,0,0.04855337681356468,0.04855337681356468,1500.0
976,976,1500.0,2050.0,1,0,0,0,1,0,0.1,0,65.281,-75.109,72.425,0.0,0.0,0.5261796271236727,0.0,0.0,0.0,0.021378030562605798,1,0,0,0,0.02104718508494691,0.02104718508494691,1500.0
977,977,1500.0,2050.0,1,0,0,0,1,0,0.1,0,65.493,-73.914,72.425,0.0,0.0,1.2136593426493198,0.0,0.0,0.0,0.02144376604649707,1,0,0,0,0.04854637370597279,0.04854637370597279,1500.0
978,978,1500.0,2050.0,1,0,0,0,1,0,0.1,0,65.666,-72.713,72.425,0.0,0.0,1.213396060649621,0.0,0.0,0.0,0.0325165214710074,1,0,0,0,0.04853584242598484,0.04853584242598484,1500.0
979,979,1500.0,2050.0,1,0,0,0,1,0,0.1,0,65.771,-71.793,72.425,0.0,0.0,0.925972461793534,0.0,0.0,0.0,0.029423828293211846,1,0,0,0,0.03703889847174136,0.03703889847174136,1500.0
980,980,1500.0,2050.0,1,0,0,0,1,0,0.1,0,66.944,-71.482,72.425,0.0,0.0,1.2135279148004832,0.0,0.0,0.0,1.1979884042086886,1,0,0,0,0.048541116592019325,0.048541116592019325,1500.0
981,981,1500.0,2050.0,1,0,0,0,1,0,0.1,0,68.106,-71.133,72.425,0.0,0.0,1.2132786159823241,0.0,0.0,0.0,0.032603379993536026,1,0,0,0,0.048531144639292964,0.048531144639292964,1500.0
982,982,1500.0,2050.0,1,0,0,0,1,0,0.1,0,69.255,-70.745,72.425,0.0,0.0,1.2127427592032842,0.0,0.0,0.0,0.03388930171415338,1,0,0,0,0.04850971036813137,0.04850971036813137,1500.0
983,983,1500.0,2050.0,1,0,0,0,1,0,0.1,0,70.725,-70.201,72.425,0.0,0.0,1.5674297432421043,0.0,0.0,0.0,0.028777876156629346,1,0,0,0,0.06269718972968417,0.06269718972968417,1500.0
984,984,1500.0,2050.0,1,0,0,0,1,0,0.1,0,71.846,-69.738,72.425,0.0,0.0,1.2128520107581202,0.0,0.0,0.0,0.03724361949589877,1,0,0,0,0.04851408043032481,0.04851408043032481,1500.0
985,985,1500.0,2050.0,1,0,0,0,1,0,0.1,0,72.952,-69.238,72.425,0.0,0.0,1.2137693355823371,0.0,0.0,0.0,0.032898575457313554,1,0,0,0,0.04855077342329348,0.04855077342329348,1500.0
986,986,1500.0,2050.0,1,0,0,0,1,0,0.1,0,73.963,-68.742,72.425,0.0,0.0,1.1261158910165447,0.0,0.0,0.0,0.031520132582975154,1,0,0,0,0.045044635640661794,0.045044635640661794,1500.0
987,987,1500.0,2050.0,1,0,0,0,1,0,0.1,0,75.107,-69.146,72.425,0.0,0.0,1.213240289472786,0.0,0.0,0.0,0.7955775777138466,1,0,1,0,0.04852961157891144,0.04852961157891144,1500.0
988,988,1500.0,2050.0,1,0,0,0,1,0,0.1,0,76.264,-69.512,72.425,0.0,0.0,1.2135093736761953,0.0,0.0,0.0,0.03310032687095383,1,0,0,0,0.04854037494704781,0.04854037494704781,1500.0
989,989,1500.0,2050.0,1,0,0,0,1,0,0.1,0,76.797,-69.669,72.425,0.0,0.0,0.5556419710569029,0.0,0.0,0.0,0.019917471762177095,1,0,0,0,0.022225678842276116,0.022225678842276116,1500.0
990,990,1500.0,2050.0,1,0,0,0,1,0,0.1,0,77.967,-69.99,72.425,0.0,0.0,1.2132357561496456,0.0,0.0,0.0,0.0186875411879301,1,0,0,0,0.04852943024598583,0.04852943024598583,1500.0
991,991,1500.0,2050.0,1,0,0,0,1,0,0.1,0,79.147,-70.273,72.425,0.0,0.0,1.213461577471663,0.0,0.0,0.0,0.03238544281630572,1,0,0,0,0.04853846309886652,0.04853846309886652,1500.0
992,992,1500.0,2050.0,1,0,0,0,1,0,0.1,0,80.336,-70.516,72.425,0.0,0.0,1.2135773564136683,0.0,0.0,0.0,0.033787498241713114,1,0,0,0,0.04854309425654673,0.04854309425654673,1500.0
993,993,1500.0,2050.0,1,0,0,0,1,0,0.1,0,81.532,-70.72,72.425,0.0,0.0,1.213273258586042,0.0,0.0,0.0,0.032654518646311234,1,0,0,0,0.04853093034344168,0.04853093034344168,1500.0
994,994,1500.0,2050.0,1,0,0,0,1,0,0.1,0,82.735,-70.885,72.425,0.0,0.0,1.2142627392784517,0.0,0.0,0.0,0.03263608046277789,1,0,0,0,0.04857050957113807,0.04857050957113807,1500.0
995,995,1500.0,2050.0,1,0,0,0,1,0,0.1,0,83.941,-71.016,72.425,0.0,0.0,1.2130939782226302,0.0,0.0,0.0,0.02810728769665438,1,0,0,0,0.04852375912890521,0.04852375912890521,1500.0
996,996,1500.0,2050.0,1,0,0,0,1,0,0.1,0,85.151,-71.107,72.425,0.0,0.0,1.2134170758646772,0.0,0.0,0.0,0.03313402856808712,1,0,0,0,0.04853668303458709,0.04853668303458709,1500.0
997,997,1500.0,2050.0,1,0,0,0,1,0,0.1,0,86.55,-71.168,72.425,0.0,0.0,1.4003292469987205,0.0,0.0,0.0,0.03149032785603132,1,0,0,0,0.05601316987994882,0.05601316987994882,1500.0
998,998,1500.0,2050.0,1,0,0,0,1,0,0.1,0,87.764,-71.178,72.425,0.0,0.0,1.2140411854628312,0.0,0.0,0.0,0.03533792657359206,1,0,0,0,0.04856164741851325,0.04856164741851325,1500.0
999,999,1500.0,2050.0,1,0,0,0,1,0,0.1,0,88.977,-71.149,72.425,0.0,0.0,1.213346611648963,0.0,0.0,0.0,0.03214015947576339,1,0,1,0,0.048533864465958525,0.048533864465958525,1500.0
1000,1000,1500.0,2050.0,1,0,0,0,1,0,0.1,0,89.663,-71.115,72.425,0.0,0.0,0.6868420488001522,0.0,0.0,0.0,0.02561904553605393,1,0,0,0,0.02747368195200609,0.02747368195200609,1500.0
1001,1001,1500.0,2050.0,1,0,0,0,1,0,0.1,0,90.873,-71.028,72.425,0.0,0.0,1.2131236540435675,0.0,0.0,0.0,0.022255147747841084,1,0,0,0,0.048524946161742695,0.048524946161742695,1500.0
1002,1002,1500.0,2050.0,1,0,0,0,1,0,0.1,0,92.08,-70.902,72.425,0.0,0.0,1.2135588160447708,0.0,0.0,0.0,0.032237005479575406,1,0,0,0,0.04854235264179083,0.04854235264179083,1500.0
1003,1003,1500.0,2050.0,1,0,0,0,1,0,0.1,0,93.282,-70.736,72.425,0.0,0.0,1.213408422584908,0.0,0.0,0.0,0.03322077147092577,1,0,0,0,0.04853633690339632,0.04853633690339632,1500.0
1004,1004,1500.0,2050.0,1,0,0,0,1,0,0.1,0,94.195,-70.583,72.425,0.0,0.0,0.9257310624582044,0.0,0.0,0.0,0.028801535215461627,1,0,0,0,0.037029242498328174,0.037029242498328174,1500.0
1005,1005,1500.0,2050.0,1,0,0,0,1,0,0.1,0,95.098,-71.393,72.425,0.0,0.0,1.2130577067889285,0.0,0.0,0.0,0.8971973104635064,1,0,1,0,0.04852230827155714,0.04852230827155714,1500.0
1006,1006,1500.0,2050.0,1,0,0,0,1,0,0.1,0,96.027,-72.173,72.425,0.0,0.0,1.2130296781200391,0.0,0.0,0.0,0.03272811084068268,1,0,0,0,0.048521187124801565,0.048521187124801565,1500.0
1007,1007,1500.0,2050.0,1,0,0,0,1,0,0.1,0,97.214,-73.104,72.425,0.0,0.0,1.5085522861339575,0.0,0.0,0.0,0.03331966686696086,1,0,0,0,0.060342091445358306,0.060342091445358306,1500.0
1008,1008,1500.0,2050.0,1,0,0,0,1,0,0.1,0,98.195,-73.818,72.425,0.0,0.0,1.2133247710320545,0.0,0.0,0.0,0.03595305716421301,1,0,0,0,0.04853299084128218,0.04853299084128218,1500.0
1009,1009,1500.0,2050.0,1,0,0,0,1,0,0.1,0,99.199,-74.499,72.425,0.0,0.0,1.213168166413876,0.0,0.0,0.0,0.0331555948995048,1,0,0,0,0.04852672665655504,0.04852672665655504,1500.0
1010,1010,1500.0,2050.0,1,0,0,0,1,0,0.1,0,99.778,-74.871,72.425,0.0,0.0,0.6882041848172742,0.0,0.0,0.0,0.024928699154394517,1,0,0,0,0.027528167392690966,0.027528167392690966,1500.0
1011,1011,1500.0,2050.0,1,0,0,0,1,0,0.1,0,100.813,-75.505,72.425,0.0,0.0,1.2137466786772244,0.0,0.0,0.0,0.021471637814982063,1,0,0,0,0.048549867147088976,0.048549867147088976,1500.0
1012,1012,1500.0,2050.0,1,0,0,0,1,0,0.1,0,101.868,-76.104,72.425,0.0,0.0,1.2131883613025591,0.0,0.0,0.0,0.03321825747363738,1,0,0,0,0.04852753445210237,0.04852753445210237,1500.0
1013,1013,1500.0,2050.0,1,0,0,0,1,0,0.1,0,102.943,-76.667,72.425,0.0,0.0,1.21350484135829,0.0,0.0,0.0,0.033941893985005876,1,0,0,0,0.048540193654331605,0.048540193654331605,1500.0
1014,1014,1500.0,2050.0,1,0,0,0,1,0,0.1,0,103.377,-76.883,72.425,0.0,0.0,0.48478036263858215,0.0,0.0,0.0,0.02064118068767586,1,0,0,0,0.019391214505543285,0.019391214505543285,1500.0
1015,1015,1500.0,2050.0,1,0,0,0,1,0,0.1,0,104.474,-77.402,72.425,0.0,0.0,1.2135773564136834,0.0,0.0,0.0,0.019898699647608143,1,0,0,0,0.048543094256547334,0.048543094256547334,1500.0
1016,1016,1500.0,2050.0,1,0,0,0,1,0,0.1,0,105.587,-77.884,72.425,0.0,0.0,1.2128862271458103,0.0,0.0,0.0,0.03322301582706225,1,0,0,0,0.04851544908583241,0.04851544908583241,1500.0
1017,1017,1500.0,2050.0,1,0,0,0,1,0,0.1,0,106.716,-78.33,72.425,0.0,0.0,1.2139015610830959,0.0,0.0,0.0,0.03245778424947167,1,0,0,0,0.04855606244332384,0.04855606244332384,1500.0
1018,1018,1500.0,2050.0,1,0,0,0,1,0,0.1,0,107.859,-78.738,72.425,0.0,0.0,1.2136362717058198,0.0,0.0,0.0,0.03336543118082344,1,0,0,0,0.048545450868232795,0.048545450868232795,1500.0
1019,1019,1500.0,2050.0,1,0,0,0,1,0,0.1,0,109.014,-79.108,72.425,0.0,0.0,1.212816968878654,0.0,0.0,0.0,0.03284059752744109,1,0,0,0,0.048512678755146164,0.048512678755146164,1500.0
1020,1020,1500.0,2050.0,1,0,0,0,1,0,0.1,0,110.181,-79.44,72.425,0.0,0.0,1.213306638900488,0.0,0.0,0.0,0.03284952291608728,1,0,0,0,0.04853226555601952,0.04853226555601952,1500.0
1021,1021,1500.0,2050.0,1,0,0,0,1,0,0.1,0,110.828,-79.606,72.425,0.0,0.0,0.6679558368634907,0.0,0.0,0.0,0.026016117064000022,1,0,0,0,0.026718233474539627,0.026718233474539627,1500.0
1022,1022,1500.0,2050.0,1,0,0,0,1,0,0.1,0,111.71,-102.47,72.425,0.0,0.0,22.881005659716973,0.0,0.0,0.0,1.281088093248241,1,0,0,0,0.9152402263886789,0.9152402263886789,1500.0
1023,1023,1500.0,2050.0,1,0,0,0,1,0,0.1,0,112.551,-125.335,72.425,0.0,0.0,22.880461227868633,0.0,0.0,0.0,0.001792275807413949,1,0,0,0,0.9152184491147454,0.9152184491147454,1500.0
1024,1024,1500.0,2050.0,1,0,0,0,1,0,0.1,0,113.353,-148.202,72.425,0.0,0.0,22.88105970011005,0.0,0.0,0.0,0.0017065283748279036,1,0,0,0,0.915242388004402,0.915242388004402,1500.0
1025,1025,1500.0,2050.0,1,0,0,0,1,0,0.1,0,113.777,-160.769,72.425,0.0,0.0,12.5741506671425,0.0,0.0,0.0,0.0013316403910482312,1,0,0,0,0.5029660266857001,0.5029660266857001,1500.0
1026,1026,1500.0,2050.0,1,0,0,0,1,0,0.1,0,-125.716,-160.74,72.425,0.0,0.0,239.49300175579245,0.0,0.0,0.0,1.6046437806701637,1,1,1,0,9.579720070231698,9.579720070231698,1500.0
1027,1027,1500.0,2050.0,1,0,0,0,1,0,0.1,0,-125.199,-148.069,72.425,0.0,0.0,12.681542887204243,0.0,0.0,0.0,1.6114544490517035,1,1,0,0,0.5072617154881697,0.5072617154881697,1500.0
1028,1028,1500.0,2050.0,1,0,0,0,1,0,0.1,0,-125.056,-147.441,72.425,0.0,0.0,0.644075306156029,0.0,0.0,0.0,0.18311030005646856,1,0,0,0,0.02576301224624116,0.02576301224624116,1500.0
1029,1029,1500.0,2050.0,1,0,0,0,1,0,0.1,0,-124.874,-146.823,72.425,0.0,0.0,0.6442421904842888,0.0,0.0,0.0,0.06251231568014028,1,0,0,0,0.02576968761937155,0.02576968761937155,1500.0
1030,1030,1500.0,2050.0,1,0,0,0,1,0,0.1,0,-124.654,-146.217,72.425,0.0,0.0,0.644698379089007,0.0,0.0,0.0,0.06183909434386756,1,0,0,0,0.025787935163560278,0.025787935163560278,1500.0
1031,1031,1500.0,2050.0,1,0,0,0,1,0,0.1,0,-124.07,-144.809,72.425,0.0,0.0,1.5243096798223277,0.0,0.0,0.0,0.044935342951187084,1,0,0,0,0.06097238719289311,0.06097238719289311,1500.0
1032,1032,1500.0,2050.0,1,0,0,0,1,0,0.1,0,-123.642,-143.674,72.425,0.0,0.0,1.2130164879340992,0.0,0.0,0.0,0.03257232719711947,1,0,0,0,0.048520659517363965,0.048520659517363965,1500.0
1033,1033,1500.0,2050.0,1,0,0,0,1,0,0.1,0,-123.253,-142.525,72.425,0.0,0.0,1.2130630651371754,0.0,0.0,0.0,0.03416102936351129,1,0,0,0,0.04852252260548701,0.04852252260548701,1500.0
1034,1034,1500.0,2050.0,1,0,0,0,1,0,0.1,0,-122.901,-141.363,72.425,0.0,0.0,1.2141449666329045,0.0,0.0,0.0,0.03230388567255057,1,0,0,0,0.04856579866531618,0.04856579866531618,1500.0
1035,1035,1500.0,2050.0,1,0,0,0,1,0,0.1,0,-122.588,-140.191,72.425,0.0,0.0,1.213075842641339,0.0,0.0,0.0,0.033164922727080305,1,0,0,0,0.048523033705653563,0.048523033705653563,1500.0
1036,1036,1500.0,2050.0,1,0,0,0,1,0,0.1,0,-122.313,-139.009,72.425,0.0,0.0,1.2135687042767846,0.0,0.0,0.0,0.032384134800599734,1,0,0,0,0.04854274817107139,0.04854274817107139,1500.0
1037,1037,1500.0,2050.0,1,0,0,0,1,0,0.1,0,-122.246,-138.692,72.425,0.0,0.0,0.32400308640503345,0.0,0.0,0.0,0.020298952190754244,1,0,0,0,0.012960123456201338,0.012960123456201338,1500.0
1038,1038,1500.0,2050.0,1,0,0,0,1,0,0.1,0,-122.011,-137.45,72.425,0.0,0.0,1.2640367874393712,0.0,0.0,0.0,0.021290733706773528,1,0,0,0,0.050561471497574846,0.050561471497574846,1500.0
1039,1039,1500.0,2050.0,1,0,0,0,1,0,0.1,0,-121.816,-136.201,72.425,0.0,0.0,1.264130531234803,0.0,0.0,0.0,0.03212565783657252,1,0,0,0,0.05056522124939212,0.05056522124939212,1500.0
1040,1040,1500.0,2050.0,1,0,0,0,1,0,0.1,0,-121.66,-134.946,72.425,0.0,0.0,1.2646584519149786,0.0,0.0,0.0,0.031206170015065246,1,0,0,0,0.050586338076599145,0.050586338076599145,1500.0
1041,1041,1500.0,2050.0,1,0,0,0,1,0,0.1,0,-121.543,-133.687,72.425,0.0,0.0,1.2644247703995533,0.0,0.0,0.0,0.03100369742994088,1,0,0,0,0.05057699081598213,0.05057699081598213,1500.0
1042,1042,1500.0,2050.0,1,0,0,0,1,0,0.1,0,-121.467,-132.425,72.425,0.0,0.0,1.2642863599675518,0.0,0.0,0.0,0.032515527116328866,1,0,0,0,0.05057145439870207,0.05057145439870207,1500.0
1043,1043,1500.0,2050.0,1,0,0,0,1,0,0.1,0,-121.43,-131.161,72.425,0.0,0.0,1.2645414188550823,0.0,0.0,0.0,0.030885430872318424,1,0,0,0,0.05058165675420329,0.05058165675420329,1500.0
1044,1044,1500.0,2050.0,1,0,0,0,1,0,0.1,0,-121.427,-74.335,72.425,0.0,0.0,56.826000079189114,0.0,0.0,0.0,0.029211002757725833,1,0,0,0,2.273040003167565,2.273040003167565,1500.0
1045,1045,1500.0,2050.0,1,0,0,0,1,0,0.1,0,-120.418,-74.622,72.425,0.0,0.0,1.049023355316746,0.0,0.0,0.0,1.8478647203874272,1,0,1,0,0.041960934212669845,0.041960934212669845,1500.0
1046,1046,1500.0,2050.0,1,0,0,0,1,0,0.1,0,-119.244,-74.928,72.425,0.0,0.0,1.2132238045801829,0.0,0.0,0.0,0.022146854515663773,1,0,0,0,0.04852895218320732,0.04852895218320732,1500.0
1047,1047,1500.0,2050.0,1,0,0,0,1,0,0.1,0,-118.06,-75.195,72.425,0.0,0.0,1.21373184847395,0.0,0.0,0.0,0.03317760346632254,1,0,0,0,0.048549273938958006,0.048549273938958006,1500.0
1048,1048,1500.0,2050.0,1,0,0,0,1,0,0.1,0,-116.869,-75.422,72.425,0.0,0.0,1.212439689221698,0.0,0.0,0.0,0.033459477835723596,1,0,0,0,0.04849758756886792,0.04849758756886792,1500.0
1049,1049,1500.0,2050.0,1,0,0,0,1,0,0.1,0,-115.67,-75.611,72.425,0.0,0.0,1.2138047618954204,0.0,0.0,0.0,0.031992354848819876,1,0,0,0,0.04855219047581681,0.04855219047581681,1500.0
1050,1050,1500.0,2050.0,1,0,0,0,1,0,0.1,0,-114.358,-75.771,72.425,0.0,0.0,1.3217200913960538,0.0,0.0,0.0,0.034992895090896356,1,0,0,0,0.05286880365584216,0.05286880365584216,1500.0
1051,1051,1500.0,2050.0,1,0,0,0,1,0,0.1,0,-113.149,-75.882,72.425,0.0,0.0,1.214084840528045,0.0,0.0,0.0,0.029797259022741125,1,0,0,0,0.0485633936211218,0.0485633936211218,1500.0
1052,1052,1500.0,2050.0,1,0,0,0,1,0,0.1,0,-111.938,-75.953,72.425,0.0,0.0,1.2130795522141142,0.0,0.0,0.0,0.03299254841647845,1,0,0,0,0.04852318208856457,0.04852318208856457,1500.0
1053,1053,1500.0,2050.0,1,0,0,0,1,0,0.1,0,-111.274,-75.975,72.425,0.0,0.0,0.6643643578639673,0.0,0.0,0.0,0.02544177893750982,1,0,0,0,0.02657457431455869,0.02657457431455869,1500.0
1054,1054,1500.0,2050.0,1,0,0,0,1,0,0.1,0,-107.449,-76.047,72.425,0.0,0.0,3.825677587042591,0.0,0.0,0.0,0.014299107527051937,1,0,0,0,0.15302710348170365,0.15302710348170365,1500.0
1055,1055,1500.0,2050.0,1,0,0,0,1,0,0.1,0,-103.623,-76.079,72.425,0.0,0.0,3.826133818882966,0.0,0.0,0.0,0.010457675234760853,1,0,0,0,0.15304535275531864,0.15304535275531864,1500.0
1056,1056,1500.0,2050.0,1,0,0,0,1,0,0.1,0,-101.95,-76.08,72.425,0.0,0.0,1.6730002988642907,0.0,0.0,0.0,0.007765902872179893,1,0,0,0,0.06692001195457163,0.06692001195457163,1500.0
1057,1057,1500.0,2050.0,1,0,0,0,1,0,0.1,0,-101.407,-76.099,72.425,0.0,0.0,0.5433323108374902,0.0,0.0,0.0,0.03437879342854824,1,0,0,0,0.02173329243349961,0.02173329243349961,1500.0
1058,1058,1500.0,2050.0,1,0,0,0,1,0,0.1,0,-100.868,-76.158,72.425,0.0,0.0,0.542219512743687,0.0,0.0,0.0,0.07405137272487675,1,0,0,0,0.021688780509747478,0.021688780509747478,1500.0
1059,1059,1500.0,2050.0,1,0,0,0,1,0,0.1,0,-100.334,-76.257,72.425,0.0,0.0,0.543099438408835,0.0,0.0,0.0,0.07428408931358473,1,0,0,0,0.0217239775363534,0.0217239775363534,1500.0
1060,1060,1500.0,2050.0,1,0,0,0,1,0,0.1,0,-99.809,-76.395,72.425,0.0,0.0,0.5428342288397108,0.0,0.0,0.0,0.07373043699928039,1,0,0,0,0.02171336915358843,0.02171336915358843,1500.0
1061,1061,1500.0,2050.0,1,0,0,0,1,0,0.1,0,-99.296,-76.571,72.425,0.0,0.0,0.5423513621260588,0.0,0.0,0.0,0.07345426603731756,1,0,0,0,0.021694054485042354,0.021694054485042354,1500.0
1062,1062,1500.0,2050.0,1,0,0,0,1,0,0.1,0,-98.797,-76.784,72.425,0.0,0.0,0.5425587525789376,0.0,0.0,0.0,0.0729430189254947,1,0,0,0,0.021702350103157506,0.021702350103157506,1500.0
1063,1063,1500.0,2050.0,1,0,0,0,1,0,0.1,0,-98.315,-77.033,72.425,0.0,0.0,0.5425172808307556,0.0,0.0,0.0,0.07339757503380703,1,0,0,0,0.021700691233230224,0.021700691233230224,1500.0
1064,1064,1500.0,2050.0,1,0,0,0,1,0,0.1,0,-97.852,-77.318,72.425,0.0,0.0,0.5436855708955245,0.0,0.0,0.0,0.07493819795038409,1,0,0,0,0.02174742283582098,0.02174742283582098,1500.0
1065,1065,1500.0,2050.0,1,0,0,0,1,0,0.1,0,-97.412,-77.635,72.425,0.0,0.0,0.5422997326202573,0.0,0.0,0.0,0.07254686766146012,1,0,0,0,0.021691989304810293,0.021691989304810293,1500.0
1066,1066,1500.0,2050.0,1,0,0,0,1,0,0.1,0,-96.997,-77.984,72.425,0.0,0.0,0.5422416435501777,0.0,0.0,0.0,0.074902322129619,1,0,0,0,0.02168966574200711,0.02168966574200711,1500.0
1067,1067,1500.0,2050.0,1,0,0,0,1,0,0.1,0,-96.608,-78.363,72.425,0.0,0.0,0.5431040415979248,0.0,0.0,0.0,0.07315339708469276,1,0,0,0,0.021724161663916993,0.021724161663916993,1500.0
1068,1068,1500.0,2050.0,1,0,0,0,1,0,0.1,0,-96.248,-78.769,72.425,0.0,0.0,0.5426195720760582,0.0,0.0,0.0,0.07300028451301555,1,0,0,0,0.021704782883042326,0.021704782883042326,1500.0
1069,1069,1500.0,2050.0,1,0,0,0,1,0,0.1,0,-95.919,-79.201,72.425,0.0,0.0,0.5430147327651383,0.0,0.0,0.0,0.07455051837808836,1,0,0,0,0.021720589310605533,0.021720589310605533,1500.0
1070,1070,1500.0,2050.0,1,0,0,0,1,0,0.1,0,-95.623,-79.656,72.425,0.0,0.0,0.5428084376647132,0.0,0.0,0.0,0.0741060774580235,1,0,0,0,0.02171233750658853,0.02171233750658853,1500.0
1071,1071,1500.0,2050.0,1,0,0,0,1,0,0.1,0,-95.361,-80.131,72.425,0.0,0.0,0.5424656671163576,0.0,0.0,0.0,0.07270673430601773,1,0,0,0,0.0216986266846543,0.0216986266846543,1500.0
1072,1072,1500.0,2050.0,1,0,0,0,1,0,0.1,0,-95.135,-80.624,72.425,0.0,0.0,0.5423329235810737,0.0,0.0,0.0,0.07422252503736095,1,0,0,0,0.021693316943242946,0.021693316943242946,1500.0
1073,1073,1500.0,2050.0,1,0,0,0,1,0,0.1,0,-94.946,-81.133,72.425,0.0,0.0,0.5429567201904799,0.0,0.0,0.0,0.07429489520003958,1,0,0,0,0.021718268807619196,0.021718268807619196,1500.0
1074,1074,1500.0,2050.0,1,0,0,0,1,0,0.1,0,-88.143,-101.972,72.425,0.0,0.0,21.921330479694884,0.0,0.0,0.0,0.039989708079799416,1,0,0,0,0.8768532191877954,0.8768532191877954,1500.0
1075,1075,1500.0,2050.0,1,0,0,0,1,0,0.1,0,-87.956,-102.482,72.425,0.0,0.0,0.5432025404947995,0.0,0.0,0.0,0.03589727603007968,1,0,0,0,0.02172810161979198,0.02172810161979198,1500.0
1076,1076,1500.0,2050.0,1,0,0,0,1,0,0.1,0,-87.731,-102.976,72.425,0.0,0.0,0.5428268600576095,0.0,0.0,0.0,0.07594501030362742,1,0,0,0,0.02171307440230438,0.02171307440230438,1500.0
1077,1077,1500.0,2050.0,1,0,0,0,1,0,0.1,0,-87.471,-103.452,72.425,0.0,0.0,0.5423799406320209,0.0,0.0,0.0,0.07254549882351796,1,0,0,0,0.021695197625280833,0.021695197625280833,1500.0
1078,1078,1500.0,2050.0,1,0,0,0,1,0,0.1,0,-87.177,-103.908,72.425,0.0,0.0,0.5425605956941594,0.0,0.0,0.0,0.07273107957514582,1,0,0,0,0.021702423827766375,0.021702423827766375,1500.0
1079,1079,1500.0,2050.0,1,0,0,0,1,0,0.1,0,-86.85,-104.341,72.425,0.0,0.0,0.5426029856165572,0.0,0.0,0.0,0.07415207477364626,1,0,0,0,0.021704119424662285,0.021704119424662285,1500.0
1080,1080,1500.0,2050.0,1,0,0,0,1,0,0.1,0,-86.491,-104.749,72.425,0.0,0.0,0.5434565300003278,0.0,0.0,0.0,0.07478113866105228,1,0,0,0,0.021738261200013112,0.021738261200013112,1500.0
1081,1081,1500.0,2050.0,1,0,0,0,1,0,0.1,0,-86.141,-105.095,72.425,0.0,0.0,0.49215444730287516,0.0,0.0,0.0,0.06954563042010983,1,0,0,0,0.019686177892115006,0.019686177892115006,1500.0
1082,1082,1500.0,2050.0,1,0,0,0,1,0,0.1,0,-85.098,-106.032,72.425,0.0,0.0,1.4020763174663529,0.0,0.0,0.0,0.047737233426147524,1,0,0,0,0.056083052698654115,0.056083052698654115,1500.0
1083,1083,1500.0,2050.0,1,0,0,0,1,0,0.1,0,-84.03,-106.938,72.425,0.0,0.0,1.40052133150481,0.0,0.0,0.0,0.028399074327284928,1,0,0,0,0.0560208532601924,0.0560208532601924,1500.0
1084,1084,1500.0,2050.0,1,0,0,0,1,0,0.1,0,-82.936,-107.813,72.425,0.0,0.0,1.4008786528461297,0.0,0.0,0.0,0.02888533297698867,1,0,0,0,0.05603514611384519,0.05603514611384519,1500.0
1085,1085,1500.0,2050.0,1,0,0,0,1,0,0.1,0,-81.817,-108.657,72.425,0.0,0.0,1.4016051512462493,0.0,0.0,0.0,0.028417170138815888,1,0,0,0,0.05606420604984997,0.05606420604984997,1500.0
1086,1086,1500.0,2050.0,1,0,0,0,1,0,0.1,0,-80.675,-109.468,72.425,0.0,0.0,1.4006730525001192,0.0,0.0,0.0,0.028701613033458348,1,0,0,0,0.05602692210000476,0.05602692210000476,1500.0
1087,1087,1500.0,2050.0,1,0,0,0,1,0,0.1,0,-79.79,-110.065,72.425,0.0,0.0,1.0675364162406717,0.0,0.0,0.0,0.024052164332170646,1,0,0,0,0.042701456649626865,0.042701456649626865,1500.0
1088,1088,1500.0,2050.0,1,0,0,0,1,0,0.1,0,-78.614,-110.827,72.425,0.0,0.0,1.401292260736498,0.0,0.0,0.0,0.01851929831917015,1,0,0,0,0.05605169042945991,0.05605169042945991,1500.0
1089,1089,1500.0,2050.0,1,0,0,0,1,0,0.1,0,-77.416,-111.554,72.425,0.0,0.0,1.4013325800822671,0.0,0.0,0.0,0.02950200983491139,1,0,0,0,0.05605330320329069,0.05605330320329069,1500.0
1090,1090,1500.0,2050.0,1,0,0,0,1,0,0.1,0,-76.198,-112.247,72.425,0.0,0.0,1.4013468521390433,0.0,0.0,0.0,0.028149823517677725,1,0,0,0,0.056053874085561735,0.056053874085561735,1500.0
1091,1091,1500.0,2050.0,1,0,0,0,1,0,0.1,0,-74.961,-112.905,72.425,0.0,0.0,1.4011184817851732,0.0,0.0,0.0,0.028421619197256227,1,0,0,0,0.05604473927140693,0.05604473927140693,1500.0
1092,1092,1500.0,2050.0,1,0,0,0,1,0,0.1,0,-73.706,-113.528,72.425,0.0,0.0,1.4011259757780505,0.0,0.0,0.0,0.02809079025398075,1,0,0,0,0.05604503903112202,0.05604503903112202,1500.0
1093,1093,1500.0,2050.0,1,0,0,0,1,0,0.1,0,-72.433,-114.114,72.425,0.0,0.0,1.4014010846292322,0.0,0.0,0.0,0.02936395550402128,1,0,0,0,0.05605604338516929,0.05605604338516929,1500.0
1094,1094,1500.0,2050.0,1,0,0,0,1,0,0.1,0,-71.145,-114.664,72.425,0.0,0.0,1.4005156193345454,0.0,0.0,0.0,0.02783181036985857,1,0,0,0,0.056020624773381815,0.056020624773381815,1500.0
1095,1095,1500.0,2050.0,1,0,0,0,1,0,0.1,0,-69.992,-115.12,72.425,0.0,0.0,1.2398971731558965,0.0,0.0,0.0,0.02696677256422244,1,0,0,0,0.04959588692623586,0.04959588692623586,1500.0
1096,1096,1500.0,2050.0,1,0,0,0,1,0,0.1,0,-68.679,-115.609,72.425,0.0,0.0,1.4011031368175566,0.0,0.0,0.0,0.0200972090156517,1,0,0,0,0.056044125472702266,0.056044125472702266,1500.0
1097,1097,1500.0,2050.0,1,0,0,0,1,0,0.1,0,-67.353,-116.061,72.425,0.0,0.0,1.4009211255456286,0.0,0.0,0.0,0.02799276351547093,1,0,0,0,0.05603684502182514,0.05603684502182514,1500.0
1098,1098,1500.0,2050.0,1,0,0,0,1,0,0.1,0,-66.014,-116.474,72.425,0.0,0.0,1.4012458742133709,0.0,0.0,0.0,0.029341435977001673,1,0,0,0,0.056049834968534835,0.056049834968534835,1500.0
1099,1099,1500.0,2050.0,1,0,0,0,1,0,0.1,0,-64.664,-116.849,72.425,0.0,0.0,1.4011156269201999,0.0,0.0,0.0,0.028234173591735,1,0,0,0,0.05604462507680799,0.05604462507680799,1500.0
1100,1100,1500.0,2050.0,1,0,0,0,1,0,0.1,0,-63.304,-117.185,72.425,0.0,0.0,1.400891144950241,0.0,0.0,0.0,0.028738263228799948,1,0,0,0,0.05603564579800964,0.05603564579800964,1500.0
1101,1101,1500.0,2050.0,1,0,0,0,1,0,0.1,0,-61.934,-117.482,72.425,0.0,0.0,1.4018234553609135,0.0,0.0,0.0,0.02872374830712702,1,0,0,0,0.05607293821443654,0.05607293821443654,1500.0
1102,1102,1500.0,2050.0,1,0,0,0,1,0,0.1,0,-60.557,-117.74,72.425,0.0,0.0,1.4009614555725596,0.0,0.0,0.0,0.028268433136488937,1,0,0,0,0.05603845822290238,0.05603845822290238,1500.0
1103,1103,1500.0,2050.0,1,0,0,0,1,0,0.1,0,-58.937,-117.993,72.425,0.0,0.0,1.6396368500372316,0.0,0.0,0.0,0.030294986216276926,1,0,0,0,0.06558547400148927,0.06558547400148927,1500.0
1104,1104,1500.0,2050.0,1,0,0,0,1,0,0.1,0,-57.548,-118.175,72.425,0.0,0.0,1.400872942132865,0.0,0.0,0.0,0.02463414103157574,1,0,0,0,0.0560349176853146,0.0560349176853146,1500.0
1105,1105,1500.0,2050.0,1,0,0,0,1,0,0.1,0,-56.154,-118.317,72.425,0.0,0.0,1.4012137595670384,0.0,0.0,0.0,0.028772299378511196,1,0,0,0,0.056048550382681535,0.056048550382681535,1500.0
1106,1106,1500.0,2050.0,1,0,0,0,1,0,0.1,0,-54.756,-118.42,72.425,0.0,0.0,1.4017892138263908,0.0,0.0,0.0,0.027971177448823138,1,0,0,0,0.05607156855305563,0.05607156855305563,1500.0
1107,1107,1500.0,2050.0,1,0,0,0,1,0,0.1,0,-53.356,-118.482,72.425,0.0,0.0,1.4013721846818552,0.0,0.0,0.0,0.029287004693786572,1,0,0,0,0.0560548873872742,0.0560548873872742,1500.0
1108,1108,1500.0,2050.0,1,0,0,0,1,0,0.1,0,-51.955,-118.505,72.425,0.0,0.0,1.4011887809999084,0.0,0.0,0.0,0.02784142639795304,1,0,0,0,0.056047551239996336,0.056047551239996336,1500.0
1109,1109,1500.0,2050.0,1,0,0,0,1,0,0.1,0,27.763,-118.498,72.425,0.0,0.0,79.71800030733336,0.0,0.0,0.0,0.016503180027472183,1,0,1,0,3.188720012293334,3.188720012293334,1500.0
1110,1110,1500.0,2050.0,1,0,0,0,1,0,0.1,0,29.164,-118.478,72.425,0.0,0.0,1.4011427479025824,0.0,0.0,0.0,0.014186738339903507,1,0,0,0,0.056045709916103296,0.056045709916103296,1500.0
1111,1111,1500.0,2050.0,1,0,0,0,1,0,0.1,0,30.564,-118.418,72.425,0.0,0.0,1.4012851244482667,0.0,0.0,0.0,0.028556384800445093,1,0,0,0,0.056051404977930666,0.056051404977930666,1500.0
1112,1112,1500.0,2050.0,1,0,0,0,1,0,0.1,0,31.962,-118.318,72.425,0.0,0.0,1.4015719746056572,0.0,0.0,0.0,0.0285781994606715,1,0,0,0,0.05606287898422629,0.05606287898422629,1500.0
1113,1113,1500.0,2050.0,1,0,0,0,1,0,0.1,0,33.356,-118.178,72.425,0.0,0.0,1.4010124910221198,0.0,0.0,0.0,0.028685656699608753,1,0,0,0,0.05604049964088479,0.05604049964088479,1500.0
1114,1114,1500.0,2050.0,1,0,0,0,1,0,0.1,0,34.745,-117.998,72.425,0.0,0.0,1.4006145079928258,0.0,0.0,0.0,0.028776646846820915,1,0,0,0,0.05602458031971303,0.05602458031971303,1500.0
1115,1115,1500.0,2050.0,1,0,0,0,1,0,0.1,0,36.129,-117.779,72.425,0.0,0.0,1.401219825723289,0.0,0.0,0.0,0.028064355885855582,1,0,0,0,0.05604879302893156,0.05604879302893156,1500.0
1116,1116,1500.0,2050.0,1,0,0,0,1,0,0.1,0,37.506,-117.52,72.425,0.0,0.0,1.4011459595631024,0.0,0.0,0.0,0.028982108830453785,1,0,0,0,0.056045838382524096,0.056045838382524096,1500.0
1117,1117,1500.0,2050.0,1,0,0,0,1,0,0.1,0,38.361,-117.34,72.425,0.0,0.0,0.8737419527526374,0.0,0.0,0.0,0.021578326043072703,1,0,0,0,0.0349496781101055,0.0349496781101055,1500.0
1118,1118,1500.0,2050.0,1,0,0,0,1,0,0.1,0,39.727,-117.028,72.425,0.0,0.0,1.4011780757633905,0.0,0.0,0.0,0.017055915224534524,1,0,0,0,0.05604712303053562,0.05604712303053562,1500.0
1119,1119,1500.0,2050.0,1,0,0,0,1,0,0.1,0,41.083,-116.676,72.425,0.0,0.0,1.40094253986379,0.0,0.0,0.0,0.02942904833762046,1,0,0,0,0.056037701594551605,0.056037701594551605,1500.0
1120,1120,1500.0,2050.0,1,0,0,0,1,0,0.1,0,42.429,-116.287,72.425,0.0,0.0,1.4010842230215879,0.0,0.0,0.0,0.027357675336506813,1,0,0,0,0.05604336892086352,0.05604336892086352,1500.0
1121,1121,1500.0,2050.0,1,0,0,0,1,0,0.1,0,43.763,-115.858,72.425,0.0,0.0,1.401284054001897,0.0,0.0,0.0,0.02980500040156339,1,0,0,0,0.05605136216007588,0.05605136216007588,1500.0
1122,1122,1500.0,2050.0,1,0,0,0,1,0,0.1,0,45.085,-115.392,72.425,0.0,0.0,1.4017275056158436,0.0,0.0,0.0,0.027753022581785473,1,0,0,0,0.05606910022463374,0.05606910022463374,1500.0
1123,1123,1500.0,2050.0,1,0,0,0,1,0,0.1,0,46.392,-114.889,72.425,0.0,0.0,1.4004492136453952,0.0,0.0,0.0,0.028482010606308176,1,0,0,0,0.05601796854581581,0.05601796854581581,1500.0
1124,1124,1500.0,2050.0,1,0,0,0,1,0,0.1,0,47.685,-114.348,72.425,0.0,0.0,1.4016169234138103,0.0,0.0,0.0,0.0288940263982376,1,0,0,0,0.056064676936552406,0.056064676936552406,1500.0
1125,1125,1500.0,2050.0,1,0,0,0,1,0,0.1,0,49.145,-113.685,72.425,0.0,0.0,1.6034865138191834,0.0,0.0,0.0,0.029993277498273133,1,0,0,0,0.06413946055276734,0.06413946055276734,1500.0
1126,1126,1500.0,2050.0,1,0,0,0,1,0,0.1,0,50.407,-113.075,72.425,0.0,0.0,1.4016932617373827,0.0,0.0,0.0,0.02398080442453658,1,0,0,0,0.05606773046949531,0.05606773046949531,1500.0
1127,1127,1500.0,2050.0,1,0,0,0,1,0,0.1,0,51.65,-112.43,72.425,0.0,0.0,1.400383518897591,0.0,0.0,0.0,0.028410652928835482,1,0,0,0,0.05601534075590364,0.05601534075590364,1500.0
1128,1128,1500.0,2050.0,1,0,0,0,1,0,0.1,0,52.875,-111.749,72.425,0.0,0.0,1.40156555322968,0.0,0.0,0.0,0.02871804448905452,1,0,0,0,0.056062622129187195,0.056062622129187195,1500.0
1129,1129,1500.0,2050.0,1,0,0,0,1,0,0.1,0,54.079,-111.033,72.425,0.0,0.0,1.4008111935589296,0.0,0.0,0.0,0.02912608793389283,1,0,0,0,0.05603244774235719,0.05603244774235719,1500.0
1130,1130,1500.0,2050.0,1,0,0,0,1,0,0.1,0,55.263,-110.283,72.425,0.0,0.0,1.4015548508709867,0.0,0.0,0.0,0.02814797077221219,1,0,0,0,0.05606219403483947,0.05606219403483947,1500.0
1131,1131,1500.0,2050.0,1,0,0,0,1,0,0.1,0,56.425,-109.5,72.425,0.0,0.0,1.401189851519058,0.0,0.0,0.0,0.02830133501993567,1,0,0,0,0.05604759406076232,0.05604759406076232,1500.0
1132,1132,1500.0,2050.0,1,0,0,0,1,0,0.1,0,57.564,-108.684,72.425,0.0,0.0,1.4011341834385493,0.0,0.0,0.0,0.028708823894596947,1,0,0,0,0.05604536733754197,0.05604536733754197,1500.0
1133,1133,1500.0,2050.0,1,0,0,0,1,0,0.1,0,58.554,-107.936,72.425,0.0,0.0,1.2408078013939103,0.0,0.0,0.0,0.025387270937225283,1,0,0,0,0.04963231205575641,0.04963231205575641,1500.0
1134,1134,1500.0,2050.0,1,0,0,0,1,0,0.1,0,59.653,-107.067,72.425,0.0,0.0,1.4010574577796646,0.0,0.0,0.0,0.02200882529499525,1,0,0,0,0.05604229831118658,0.05604229831118658,1500.0
1135,1135,1500.0,2050.0,1,0,0,0,1,0,0.1,0,60.728,-106.168,72.425,0.0,0.0,1.4013657623903841,0.0,0.0,0.0,0.027418208427330212,1,0,0,0,0.05605463049561536,0.05605463049561536,1500.0
1136,1136,1500.0,2050.0,1,0,0,0,1,0,0.1,0,61.776,-105.238,72.425,0.0,0.0,1.401143818456912,0.0,0.0,0.0,0.02933833678396706,1,0,0,0,0.05604575273827648,0.05604575273827648,1500.0
1137,1137,1500.0,2050.0,1,0,0,0,1,0,0.1,0,62.798,-104.279,72.425,0.0,0.0,1.4014867106041367,0.0,0.0,0.0,0.027794194316367385,1,0,0,0,0.05605946842416547,0.05605946842416547,1500.0
1138,1138,1500.0,2050.0,1,0,0,0,1,0,0.1,0,63.791,-103.291,72.425,0.0,0.0,1.4007829953279662,0.0,0.0,0.0,0.02926743292510006,1,0,0,0,0.056031319813118645,0.056031319813118645,1500.0
1139,1139,1500.0,2050.0,1,0,0,0,1,0,0.1,0,64.756,-102.275,72.425,0.0,0.0,1.4012426627818568,0.0,0.0,0.0,0.028262860448799384,1,0,0,0,0.05604970651127427,0.05604970651127427,1500.0
1140,1140,1500.0,2050.0,1,0,0,0,1,0,0.1,0,65.692,-101.232,72.425,0.0,0.0,1.401408220326968,0.0,0.0,0.0,0.028276229470533727,1,0,0,0,0.05605632881307872,0.05605632881307872,1500.0
1141,1141,1500.0,2050.0,1,0,0,0,1,0,0.1,0,66.76,-99.966,72.425,0.0,0.0,1.6563151873964204,0.0,0.0,0.0,0.030615158182011167,1,0,0,0,0.06625260749585682,0.06625260749585682,1500.0
1142,1142,1500.0,2050.0,1,0,0,0,1,0,0.1,0,67.636,-98.873,72.425,0.0,0.0,1.4007230275825269,0.0,0.0,0.0,0.025134984538778896,1,0,0,0,0.05602892110330108,0.05602892110330108,1500.0
1143,1143,1500.0,2050.0,1,0,0,0,1,0,0.1,0,68.481,-97.755,72.425,0.0,0.0,1.4014096474621611,0.0,0.0,0.0,0.02842123628365051,1,0,0,0,0.056056385898486445,0.056056385898486445,1500.0
1144,1144,1500.0,2050.0,1,0,0,0,1,0,0.1,0,69.294,-96.614,72.425,0.0,0.0,1.4010174873997767,0.0,0.0,0.0,0.02812381332171969,1,0,0,0,0.05604069949599107,0.05604069949599107,1500.0
1145,1145,1500.0,2050.0,1,0,0,0,1,0,0.1,0,70.074,-95.45,72.425,0.0,0.0,1.4011766483923451,0.0,0.0,0.0,0.028709957588799826,1,0,0,0,0.05604706593569381,0.05604706593569381,1500.0
1146,1146,1500.0,2050.0,1,0,0,0,1,0,0.1,0,70.82,-94.264,72.425,0.0,0.0,1.4011109877522228,0.0,0.0,0.0,0.028903720964279834,1,0,0,0,0.05604443951008891,0.05604443951008891,1500.0
1147,1147,1500.0,2050.0,1,0,0,0,1,0,0.1,0,71.532,-93.057,72.425,0.0,0.0,1.4013539881129213,0.0,0.0,0.0,0.02851996258149418,1,0,0,0,0.05605415952451685,0.05605415952451685,1500.0
1148,1148,1500.0,2050.0,1,0,0,0,1,0,0.1,0,72.21,-91.831,72.425,0.0,0.0,1.40098536751816,0.0,0.0,0.0,0.0277969147120403,1,0,0,0,0.0560394147007264,0.0560394147007264,1500.0
1149,1149,1500.0,2050.0,1,0,0,0,1,0,0.1,0,72.784,-90.724,72.425,0.0,0.0,1.2469663187111402,0.0,0.0,0.0,0.026804866356066055,1,0,0,0,0.04987865274844561,0.04987865274844561,1500.0
1150,1150,1500.0,2050.0,1,0,0,0,1,0,0.1,0,73.403,-89.467,72.425,0.0,0.0,1.4011459595631042,0.0,0.0,0.0,0.020769222977518525,1,0,0,0,0.056045838382524166,0.056045838382524166,1500.0
1151,1151,1500.0,2050.0,1,0,0,0,1,0,0.1,0,73.986,-88.193,72.425,0.0,0.0,1.401058528399153,0.0,0.0,0.0,0.028415700652855983,1,0,0,0,0.05604234113596612,0.05604234113596612,1500.0
1152,1152,1500.0,2050.0,1,0,0,0,1,0,0.1,0,74.533,-86.903,72.425,0.0,0.0,1.4011812873429248,0.0,0.0,0.0,0.0281178916673793,1,0,0,0,0.05604725149371699,0.05604725149371699,1500.0
1153,1153,1500.0,2050.0,1,0,0,0,1,0,0.1,0,75.042,-85.598,72.425,0.0,0.0,1.4007519409231666,0.0,0.0,0.0,0.029160286716913057,1,0,0,0,0.05603007763692666,0.05603007763692666,1500.0
1154,1154,1500.0,2050.0,1,0,0,0,1,0,0.1,0,75.514,-84.279,72.425,0.0,0.0,1.4009086337088517,0.0,0.0,0.0,0.028241169299031203,1,0,0,0,0.05603634534835407,0.05603634534835407,1500.0
1155,1155,1500.0,2050.0,1,0,0,0,1,0,0.1,0,75.946,-82.954,72.425,0.0,0.0,1.3936459378192187,0.0,0.0,0.0,0.028477950897052903,1,0,0,0,0.05574583751276875,0.05574583751276875,1500.0
1156,1156,1500.0,2050.0,1,0,0,0,1,0,0.1,0,76.179,-82.188,72.425,0.0,0.0,0.800652858609765,0.0,0.0,0.0,0.019885224274992,1,0,0,0,0.0320261143443906,0.0320261143443906,1500.0
1157,1157,1500.0,2050.0,1,0,0,0,1,0,0.1,0,77.55,-82.48,72.425,0.0,0.0,1.4017506911002353,0.0,0.0,0.0,1.4853590355098796,1,0,1,0,0.05607002764400941,0.05607002764400941,1500.0
1158,1158,1500.0,2050.0,1,0,0,0,1,0,0.1,0,78.928,-82.734,72.425,0.0,0.0,1.4012137595670389,0.0,0.0,0.0,0.02756856343925061,1,0,0,0,0.056048550382681556,0.056048550382681556,1500.0
1159,1159,1500.0,2050.0,1,0,0,0,1,0,0.1,0,80.312,-82.948,72.425,0.0,0.0,1.4004470714739634,0.0,0.0,0.0,0.02886975848868901,1,0,0,0,0.056017882858958534,0.056017882858958534,1500.0
1160,1160,1500.0,2050.0,1,0,0,0,1,0,0.1,0,81.213,-83.067,72.425,0.0,0.0,0.9088245155144051,0.0,0.0,0.0,0.02209393269687958,1,0,0,0,0.03635298062057621,0.03635298062057621,1500.0
1161,1161,1500.0,2050.0,1,0,0,0,1,0,0.1,0,82.606,-83.22,72.425,0.0,0.0,1.4013771797770946,0.0,0.0,0.0,0.021919052444453718,1,0,0,0,0.056055087191083784,0.056055087191083784,1500.0
1162,1162,1500.0,2050.0,1,0,0,0,1,0,0.1,0,84.002,-83.334,72.425,0.0,0.0,1.4006469933569998,0.0,0.0,0.0,0.02791529779477459,1,0,0,0,0.05602587973427999,0.05602587973427999,1500.0
1163,1163,1500.0,2050.0,1,0,0,0,1,0,0.1,0,84.626,-83.373,72.425,0.0,0.0,0.625217562133384,0.0,0.0,0.0,0.019062278747901094,1,0,0,0,0.025008702485335356,0.025008702485335356,1500.0
1164,1164,1500.0,2050.0,1,0,0,0,1,0,0.1,0,86.026,-83.434,72.425,0.0,0.0,1.4013282984368707,0.0,0.0,0.0,0.018874923066926893,1,0,0,0,0.056053131937474826,0.056053131937474826,1500.0
1165,1165,1500.0,2050.0,1,0,0,0,1,0,0.1,0,87.427,-83.455,72.425,0.0,0.0,1.4011573787408855,0.0,0.0,0.0,0.028555716008559415,1,0,0,0,0.056046295149635425,0.056046295149635425,1500.0
1166,1166,1500.0,2050.0,1,0,0,0,1,0,0.1,0,88.828,-83.437,72.425,0.0,0.0,1.4011156269202016,0.0,0.0,0.0,0.027835429790379312,1,0,1,0,0.05604462507680807,0.05604462507680807,1500.0
1167,1167,1500.0,2050.0,1,0,0,0,1,0,0.1,0,90.443,-83.366,72.425,0.0,0.0,1.6165599277478033,0.0,0.0,0.0,0.031087299424575415,1,0,0,0,0.06466239710991213,0.06466239710991213,1500.0
1168,1168,1500.0,2050.0,1,0,0,0,1,0,0.1,0,91.587,-84.175,72.425,0.0,0.0,1.4011484575161937,0.0,0.0,0.0,0.6594549664477178,1,0,1,0,0.056045938300647746,0.056045938300647746,1500.0
1169,1169,1500.0,2050.0,1,0,0,0,1,0,0.1,0,92.754,-84.951,72.425,0.0,0.0,1.401451033750376,0.0,0.0,0.0,0.028705217465373276,1,0,0,0,0.05605804135001504,0.05605804135001504,1500.0
1170,1170,1500.0,2050.0,1,0,0,0,1,0,0.1,0,93.199,-85.235,72.425,0.0,0.0,0.5279024531104183,0.0,0.0,0.0,0.01877840453571061,1,0,0,0,0.02111609812441673,0.02111609812441673,1500.0
1171,1171,1500.0,2050.0,1,0,0,0,1,0,0.1,0,94.392,-85.969,72.425,0.0,0.0,1.4007158883942121,0.0,0.0,0.0,0.016475344617668586,1,0,0,0,0.056028635535768485,0.056028635535768485,1500.0
1172,1172,1500.0,2050.0,1,0,0,0,1,0,0.1,0,95.606,-86.669,72.425,0.0,0.0,1.4013550585058738,0.0,0.0,0.0,0.028520852376343796,1,0,0,0,0.056054202340234956,0.056054202340234956,1500.0
1173,1173,1500.0,2050.0,1,0,0,0,1,0,0.1,0,96.84,-87.334,72.425,0.0,0.0,1.4017777997956846,0.0,0.0,0.0,0.02876100698383433,1,0,0,0,0.05607111199182739,0.05607111199182739,1500.0
1174,1174,1500.0,2050.0,1,0,0,0,1,0,0.1,0,97.79,-87.815,72.425,0.0,0.0,1.0648290942681835,0.0,0.0,0.0,0.025592116642969585,1,0,0,0,0.04259316377072734,0.04259316377072734,1500.0
1175,1175,1500.0,2050.0,1,0,0,0,1,0,0.1,0,98.884,-88.343,72.425,0.0,0.0,1.2147510032924416,0.0,0.0,0.0,0.019030107177639505,1,0,0,0,0.04859004013169766,0.04859004013169766,1500.0
1176,1176,1500.0,2050.0,1,0,0,0,1,0,0.1,0,99.751,-111.197,72.425,0.0,0.0,22.870439545404455,0.0,0.0,0.0,1.0832206855554742,1,0,0,0,0.9148175818161782,0.9148175818161782,1500.0
1177,1177,1500.0,2050.0,1,0,0,0,1,0,0.1,0,100.578,-134.052,72.425,0.0,0.0,22.869957455141876,0.0,0.0,0.0,0.0017494207063139052,1,0,0,0,0.9147982982056749,0.9147982982056749,1500.0
1178,1178,1500.0,2050.0,1,0,0,0,1,0,0.1,0,101.08,-148.492,72.425,0.0,0.0,14.448723265396149,0.0,0.0,0.0,0.0014183142638757693,1,0,0,0,0.577948930615846,0.577948930615846,1500.0
1179,1179,1500.0,2050.0,1,0,0,0,1,0,0.1,0,-112.324,-148.466,72.425,0.0,0.0,213.40400158385035,0.0,0.0,0.0,1.6056687093520483,1,1,1,0,8.536160063354014,8.536160063354014,1500.0
1180,1180,1500.0,2050.0,1,0,0,0,1,0,0.1,0,-111.852,-147.146,72.425,0.0,0.0,1.4018502059778182,0.0,0.0,0.0,1.9140823097143718,1,1,0,0,0.056074008239112724,0.056074008239112724,1500.0
1181,1181,1500.0,2050.0,1,0,0,0,1,0,0.1,0,-111.418,-145.814,72.425,0.0,0.0,1.4009211255456107,0.0,0.0,0.0,0.02842916867500556,1,0,0,0,0.056036845021824426,0.056036845021824426,1500.0
1182,1182,1500.0,2050.0,1,0,0,0,1,0,0.1,0,-111.022,-144.47,72.425,0.0,0.0,1.401125262066167,0.0,0.0,0.0,0.028443881928534726,1,0,0,0,0.05604501048264668,0.05604501048264668,1500.0
1183,1183,1500.0,2050.0,1,0,0,0,1,0,0.1,0,-110.665,-143.115,72.425,0.0,0.0,1.4012401649966975,0.0,0.0,0.0,0.028920459913319426,1,0,0,0,0.05604960659986789,0.05604960659986789,1500.0
1184,1184,1500.0,2050.0,1,0,0,0,1,0,0.1,0,-110.346,-141.751,72.425,0.0,0.0,1.4008058395081073,0.0,0.0,0.0,0.02787255989352992,1,0,0,0,0.05603223358032429,0.05603223358032429,1500.0
1185,1185,1500.0,2050.0,1,0,0,0,1,0,0.1,0,-110.222,-141.165,72.425,0.0,0.0,0.5989757924991771,0.0,0.0,0.0,0.021213706808272288,1,0,0,0,0.023959031699967083,0.023959031699967083,1500.0
1186,1186,1500.0,2050.0,1,0,0,0,1,0,0.1,0,-109.95,-139.745,72.425,0.0,0.0,1.445816032557379,0.0,0.0,0.0,0.019271204748904702,1,0,0,0,0.05783264130229516,0.05783264130229516,1500.0
1187,1187,1500.0,2050.0,1,0,0,0,1,0,0.1,0,-109.718,-138.319,72.425,0.0,0.0,1.4447491131681118,0.0,0.0,0.0,0.027977051028141655,1,0,0,0,0.05778996452672447,0.05778996452672447,1500.0
1188,1188,1500.0,2050.0,1,0,0,0,1,0,0.1,0,-109.526,-136.886,72.425,0.0,0.0,1.445805311928263,0.0,0.0,0.0,0.028088369363261763,1,0,0,0,0.057832212477130523,0.057832212477130523,1500.0
1189,1189,1500.0,2050.0,1,0,0,0,1,0,0.1,0,-109.373,-135.449,72.425,0.0,0.0,1.4451221401666883,0.0,0.0,0.0,0.0271192146267097,1,0,0,0,0.05780488560666753,0.05780488560666753,1500.0
1190,1190,1500.0,2050.0,1,0,0,0,1,0,0.1,0,-109.26,-134.008,72.425,0.0,0.0,1.4454238132810762,0.0,0.0,0.0,0.027814583984771046,1,0,0,0,0.05781695253124305,0.05781695253124305,1500.0
1191,1191,1500.0,2050.0,1,0,0,0,1,0,0.1,0,-109.186,-132.564,72.425,0.0,0.0,1.4458948786132582,0.0,0.0,0.0,0.027055869986351018,1,0,0,0,0.05783579514453033,0.05783579514453033,1500.0
1192,1192,1500.0,2050.0,1,0,0,0,1,0,0.1,0,-109.153,-131.119,72.425,0.0,0.0,1.445376767490048,0.0,0.0,0.0,0.02836834536260372,1,0,0,0,0.05781507069960192,0.05781507069960192,1500.0
1193,1193,1500.0,2050.0,1,0,0,0,1,0,0.1,0,-109.152,-88.298,72.425,0.0,0.0,42.82100001167652,0.0,0.0,0.0,0.02281004821403184,1,0,0,0,1.7128400004670605,1.7128400004670605,1500.0
1194,1194,1500.0,2050.0,1,0,0,0,1,0,0.1,0,-105.263,-88.346,72.425,0.0,0.0,3.8892962088275005,0.0,0.0,0.0,1.5831148515825793,1,0,1,0,0.15557184835310003,0.15557184835310003,1500.0
1195,1195,1500.0,2050.0,1,0,0,0,1,0,0.1,0,-101.373,-88.355,72.425,0.0,0.0,3.890010411297122,0.0,0.0,0.0,0.010028257264895365,1,0,0,0,0.15560041645188488,0.15560041645188488,1500.0
1196,1196,1500.0,2050.0,1,0,0,0,1,0,0.1,0,-98.138,-88.332,72.425,0.0,0.0,3.2350817609451537,0.0,0.0,0.0,0.009423238007776946,1,0,1,0,0.12940327043780614,0.12940327043780614,1500.0
1197,1197,1500.0,2050.0,1,0,0,0,1,0,0.1,0,-97.553,-89.605,72.425,0.0,0.0,1.4009832261665505,0.0,0.0,0.0,1.1471433140143306,1,0,1,0,0.05603932904666201,0.05603932904666201,1500.0
1198,1198,1500.0,2050.0,1,0,0,0,1,0,0.1,0,-96.933,-90.861,72.425,0.0,0.0,1.4006912579151727,0.0,0.0,0.0,0.0277764663695037,1,0,0,0,0.056027650316606906,0.056027650316606906,1500.0
1199,1199,1500.0,2050.0,1,0,0,0,1,0,0.1,0,-96.277,-92.1,72.425,0.0,0.0,1.4019475739127991,0.0,0.0,0.0,0.028397217563836986,1,0,0,0,0.056077902956511966,0.056077902956511966,1500.0
1200,1200,1500.0,2050.0,1,0,0,0,1,0,0.1,0,-95.586,-93.318,72.425,0.0,0.0,1.400358882572611,0.0,0.0,0.0,0.029109721432509082,1,0,0,0,0.05601435530290444,0.05601435530290444,1500.0
1201,1201,1500.0,2050.0,1,0,0,0,1,0,0.1,0,-95.226,-93.926,72.425,0.0,0.0,0.7065861589360526,0.0,0.0,0.0,0.018548287837297475,1,0,0,0,0.028263446357442105,0.028263446357442105,1500.0
1202,1202,1500.0,2050.0,1,0,0,0,1,0,0.1,0,-94.491,-95.119,72.425,0.0,0.0,1.4012401649967052,0.0,0.0,0.0,0.017574942084896607,1,0,0,0,0.056049606599868206,0.056049606599868206,1500.0
1203,1203,1500.0,2050.0,1,0,0,0,1,0,0.1,0,-93.723,-96.291,72.425,0.0,0.0,1.401216614232073,0.0,0.0,0.0,0.0279158470924709,1,0,0,0,0.05604866456928292,0.05604866456928292,1500.0
1204,1204,1500.0,2050.0,1,0,0,0,1,0,0.1,0,-92.922,-97.44,72.425,0.0,0.0,1.4006434235736107,0.0,0.0,0.0,0.028710690981273674,1,0,0,0,0.05602573694294443,0.05602573694294443,1500.0
1205,1205,1500.0,2050.0,1,0,0,0,1,0,0.1,0,-92.088,-98.566,72.425,0.0,0.0,1.4012251781922904,0.0,0.0,0.0,0.028710515460021582,1,0,0,0,0.05604900712769161,0.05604900712769161,1500.0
1206,1206,1500.0,2050.0,1,0,0,0,1,0,0.1,0,-91.223,-99.668,72.425,0.0,0.0,1.4009386139299609,0.0,0.0,0.0,0.027981821455633268,1,0,0,0,0.056037544557198435,0.056037544557198435,1500.0
1207,1207,1500.0,2050.0,1,0,0,0,1,0,0.1,0,-90.326,-100.745,72.425,0.0,0.0,1.401619777257729,0.0,0.0,0.0,0.02897608800398505,1,0,0,0,0.05606479109030916,0.05606479109030916,1500.0
1208,1208,1500.0,2050.0,1,0,0,0,1,0,0.1,0,-89.399,-101.796,72.425,0.0,0.0,1.401402868557072,0.0,0.0,0.0,0.02832627936010123,1,0,0,0,0.05605611474228288,0.05605611474228288,1500.0
1209,1209,1500.0,2050.0,1,0,0,0,1,0,0.1,0,-88.533,-102.726,72.425,0.0,0.0,1.2707698454086742,0.0,0.0,0.0,0.026987983575800803,1,0,0,0,0.05083079381634697,0.05083079381634697,1500.0
1210,1210,1500.0,2050.0,1,0,0,0,1,0,0.1,0,-87.558,-103.732,72.425,0.0,0.0,1.4009500347978114,0.0,0.0,0.0,0.019972286814293454,1,0,0,0,0.05603800139191246,0.05603800139191246,1500.0
1211,1211,1500.0,2050.0,1,0,0,0,1,0,0.1,0,-86.554,-104.709,72.425,0.0,0.0,1.4009086337088572,0.0,0.0,0.0,0.029276021332814112,1,0,0,0,0.05603634534835429,0.05603634534835429,1500.0
1212,1212,1500.0,2050.0,1,0,0,0,1,0,0.1,0,-86.141,-105.095,72.425,0.0,0.0,0.565300804881785,0.0,0.0,0.0,0.020150750273469867,1,0,0,0,0.0226120321952714,0.0226120321952714,1500.0
1213,1213,1500.0,2050.0,1,0,0,0,1,0,0.1,0,-85.756,-105.478,72.425,0.0,0.0,0.5430598493720564,0.0,0.0,0.0,0.031175225698485454,1,0,0,0,0.021722393974882258,0.021722393974882258,1500.0
1214,1214,1500.0,2050.0,1,0,0,0,1,0,0.1,0,-85.401,-105.888,72.425,0.0,0.0,0.5423329235810893,0.0,0.0,0.0,0.0743760937156522,1,0,0,0,0.021693316943243574,0.021693316943243574,1500.0
1215,1215,1500.0,2050.0,1,0,0,0,1,0,0.1,0,-85.076,-106.323,72.425,0.0,0.0,0.5430009208095244,0.0,0.0,0.0,0.0719667402124785,1,0,0,0,0.021720036832380978,0.021720036832380978,1500.0
1216,1216,1500.0,2050.0,1,0,0,0,1,0,0.1,0,-84.785,-106.781,72.425,0.0,0.0,0.5426278651156884,0.0,0.0,0.0,0.0756369863889153,1,0,0,0,0.021705114604627537,0.021705114604627537,1500.0
1217,1217,1500.0,2050.0,1,0,0,0,1,0,0.1,0,-84.528,-107.259,72.425,0.0,0.0,0.5427089459369451,0.0,0.0,0.0,0.07270512088238122,1,0,0,0,0.021708357837477803,0.021708357837477803,1500.0
1218,1218,1500.0,2050.0,1,0,0,0,1,0,0.1,0,-84.365,-107.614,72.425,0.0,0.0,0.39063281992173465,0.0,0.0,0.0,0.06287634901591391,1,0,0,0,0.015625312796869385,0.015625312796869385,1500.0
1219,1219,1500.0,2050.0,1,0,0,0,1,0,0.1,0,-77.871,-122.844,72.425,0.0,0.0,16.556718757048444,0.0,0.0,0.0,0.027389172003545757,1,0,0,0,0.6622687502819378,0.6622687502819378,1500.0
1220,1220,1500.0,2050.0,1,0,0,0,1,0,0.1,0,-77.64,-123.335,72.425,0.0,0.0,0.5426251007832177,0.0,0.0,0.0,0.03669263355995965,1,0,0,0,0.021705004031328707,0.021705004031328707,1500.0
1221,1221,1500.0,2050.0,1,0,0,0,1,0,0.1,0,-77.373,-123.808,72.425,0.0,0.0,0.5431555946503822,0.0,0.0,0.0,0.07414932630921939,1,0,0,0,0.02172622378601529,0.02172622378601529,1500.0
1222,1222,1500.0,2050.0,1,0,0,0,1,0,0.1,0,-77.072,-124.259,72.425,0.0,0.0,0.5422195127436813,0.0,0.0,0.0,0.07462029062680675,1,0,0,0,0.021688780509747253,0.021688780509747253,1500.0
1223,1223,1500.0,2050.0,1,0,0,0,1,0,0.1,0,-76.739,-124.688,72.425,0.0,0.0,0.5430745805135798,0.0,0.0,0.0,0.07156006445152222,1,0,0,0,0.021722983220543196,0.021722983220543196,1500.0
1224,1224,1500.0,2050.0,1,0,0,0,1,0,0.1,0,-76.375,-125.09,72.425,0.0,0.0,0.5423098745182536,0.0,0.0,0.0,0.07575626661899271,1,0,0,0,0.021692394980730147,0.021692394980730147,1500.0
1225,1225,1500.0,2050.0,1,0,0,0,1,0,0.1,0,-75.983,-125.465,72.425,0.0,0.0,0.5424841011495146,0.0,0.0,0.0,0.07172836790523747,1,0,0,0,0.021699364045980586,0.021699364045980586,1500.0
1226,1226,1500.0,2050.0,1,0,0,0,1,0,0.1,0,-75.564,-125.81,72.425,0.0,0.0,0.5427577728600564,0.0,0.0,0.0,0.07439678815533934,1,0,0,0,0.021710310914402255,0.021710310914402255,1500.0
1227,1227,1500.0,2050.0,1,0,0,0,1,0,0.1,0,-75.12,-126.123,72.425,0.0,0.0,0.5432356762952809,0.0,0.0,0.0,0.0747970250311746,1,0,0,0,0.02172942705181124,0.02172942705181124,1500.0
1228,1228,1500.0,2050.0,1,0,0,0,1,0,0.1,0,-74.655,-126.403,72.425,0.0,0.0,0.5427936993002073,0.0,0.0,0.0,0.07204442439093586,1,0,0,0,0.02171174797200829,0.02171174797200829,1500.0
1229,1229,1500.0,2050.0,1,0,0,0,1,0,0.1,0,-74.171,-126.648,72.425,0.0,0.0,0.5424767276114156,0.0,0.0,0.0,0.07340529527730015,1,0,0,0,0.021699069104456625,0.021699069104456625,1500.0
1230,1230,1500.0,2050.0,1,0,0,0,1,0,0.1,0,-73.672,-126.855,72.425,0.0,0.0,0.540231431888235,0.0,0.0,0.0,0.07536914374501494,1,0,0,0,0.021609257275529398,0.021609257275529398,1500.0
1231,1231,1500.0,2050.0,1,0,0,0,1,0,0.1,0,-72.197,-127.384,72.425,0.0,0.0,1.5669926611187366,0.0,0.0,0.0,0.04887014145654124,1,0,0,0,0.06267970644474946,0.06267970644474946,1500.0
1232,1232,1500.0,2050.0,1,0,0,0,1,0,0.1,0,-70.71,-127.876,72.425,0.0,0.0,1.5662799877416653,0.0,0.0,0.0,0.024825015497135148,1,0,0,0,0.06265119950966662,0.06265119950966662,1500.0
1233,1233,1500.0,2050.0,1,0,0,0,1,0,0.1,0,-69.21,-128.329,72.425,0.0,0.0,1.5669106547598695,0.0,0.0,0.0,0.02623903646424071,1,0,0,0,0.06267642619039478,0.06267642619039478,1500.0
1234,1234,1500.0,2050.0,1,0,0,0,1,0,0.1,0,-67.699,-128.744,72.425,0.0,0.0,1.566954370745996,0.0,0.0,0.0,0.025247486502892363,1,0,0,0,0.06267817482983984,0.06267817482983984,1500.0
1235,1235,1500.0,2050.0,1,0,0,0,1,0,0.1,0,-66.179,-129.12,72.425,0.0,0.0,1.5658148038641069,0.0,0.0,0.0,0.025542805389381407,1,0,0,0,0.06263259215456426,0.06263259215456426,1500.0
1236,1236,1500.0,2050.0,1,0,0,0,1,0,0.1,0,-64.649,-129.457,72.425,0.0,0.0,1.566674503526497,0.0,0.0,0.0,0.025700693689467587,1,0,0,0,0.06266698014105988,0.06266698014105988,1500.0
1237,1237,1500.0,2050.0,1,0,0,0,1,0,0.1,0,-63.111,-129.755,72.425,0.0,0.0,1.5666039703766912,0.0,0.0,0.0,0.02541304111237195,1,0,0,0,0.06266415881506765,0.06266415881506765,1500.0
1238,1238,1500.0,2050.0,1,0,0,0,1,0,0.1,0,-61.565,-130.013,72.425,0.0,0.0,1.5673799794561634,0.0,0.0,0.0,0.02602816570128232,1,0,0,0,0.06269519917824654,0.06269519917824654,1500.0
1239,1239,1500.0,2050.0,1,0,0,0,1,0,0.1,0,-60.705,-130.141,72.425,0.0,0.0,0.8694734038485568,0.0,0.0,0.0,0.017605902485988405,1,0,0,0,0.03477893615394227,0.03477893615394227,1500.0
1240,1240,1500.0,2050.0,1,0,0,0,1,0,0.1,0,-59.152,-130.347,72.425,0.0,0.0,1.566603012891268,0.0,0.0,0.0,0.01587592421244313,1,0,0,0,0.06266412051565072,0.06266412051565072,1500.0
1241,1241,1500.0,2050.0,1,0,0,0,1,0,0.1,0,-57.595,-130.513,72.425,0.0,0.0,1.5658240641911227,0.0,0.0,0.0,0.025662566474702542,1,0,0,0,0.0626329625676449,0.0626329625676449,1500.0
1242,1242,1500.0,2050.0,1,0,0,0,1,0,0.1,0,-56.033,-130.639,72.425,0.0,0.0,1.5670737059883284,0.0,0.0,0.0,0.025722530221058096,1,0,0,0,0.06268294823953315,0.06268294823953315,1500.0
1243,1243,1500.0,2050.0,1,0,0,0,1,0,0.1,0,-54.469,-130.726,72.425,0.0,0.0,1.5664178880490347,0.0,0.0,0.0,0.024922200274247932,1,0,0,0,0.06265671552196139,0.06265671552196139,1500.0
1244,1244,1500.0,2050.0,1,0,0,0,1,0,0.1,0,-52.903,-130.772,72.425,0.0,0.0,1.5666754609682272,0.0,0.0,0.0,0.026203571572774715,1,0,0,0,0.06266701843872909,0.06266701843872909,1500.0
1245,1245,1500.0,2050.0,1,0,0,0,1,0,0.1,0,-51.86,-130.781,72.425,0.0,0.0,1.0430388295744308,0.0,0.0,0.0,0.020737016930619648,1,0,0,0,0.04172155318297724,0.04172155318297724,1500.0
1246,1246,1500.0,2050.0,1,0,0,0,1,0,0.1,0,27.764,-130.774,72.425,0.0,0.0,79.62400030769616,0.0,0.0,0.0,0.008716653971612722,1,0,1,0,3.1849600123078465,3.1849600123078465,1500.0
1247,1247,1500.0,2050.0,1,0,0,0,1,0,0.1,0,29.331,-130.754,72.425,0.0,0.0,1.5671276272212167,0.0,0.0,0.0,0.012674635693898215,1,0,0,0,0.06268510508884867,0.06268510508884867,1500.0
1248,1248,1500.0,2050.0,1,0,0,0,1,0,0.1,0,30.896,-130.694,72.425,0.0,0.0,1.5661497374133817,0.0,0.0,0.0,0.025557341749628277,1,0,0,0,0.06264598949653527,0.06264598949653527,1500.0
1249,1249,1500.0,2050.0,1,0,0,0,1,0,0.1,0,32.46,-130.594,72.425,0.0,0.0,1.5671936702271354,0.0,0.0,0.0,0.02553181123145291,1,0,0,0,0.06268774680908541,0.06268774680908541,1500.0
1250,1250,1500.0,2050.0,1,0,0,0,1,0,0.1,0,34.02,-130.454,72.425,0.0,0.0,1.5662694531912456,0.0,0.0,0.0,0.025652116484849306,1,0,0,0,0.06265077812764983,0.06265077812764983,1500.0
1251,1251,1500.0,2050.0,1,0,0,0,1,0,0.1,0,35.576,-130.274,72.425,0.0,0.0,1.5663767107563857,0.0,0.0,0.0,0.025665498540994973,1,0,0,0,0.06265506843025544,0.06265506843025544,1500.0
1252,1252,1500.0,2050.0,1,0,0,0,1,0,0.1,0,37.127,-130.054,72.425,0.0,0.0,1.566525135451074,0.0,0.0,0.0,0.025734689378614572,1,0,0,0,0.06266100541804295,0.06266100541804295,1500.0
1253,1253,1500.0,2050.0,1,0,0,0,1,0,0.1,0,38.672,-129.796,72.425,0.0,0.0,1.5663936286897966,0.0,0.0,0.0,0.024559532593982972,1,0,0,0,0.06265574514759187,0.06265574514759187,1500.0
1254,1254,1500.0,2050.0,1,0,0,0,1,0,0.1,0,40.21,-129.497,72.425,0.0,0.0,1.566794498330907,0.0,0.0,0.0,0.026549672159151886,1,0,0,0,0.06267177993323628,0.06267177993323628,1500.0
1255,1255,1500.0,2050.0,1,0,0,0,1,0,0.1,0,40.928,-129.345,72.425,0.0,0.0,0.7339128013599433,0.0,0.0,0.0,0.016605821956594314,1,0,0,0,0.02935651205439773,0.02935651205439773,1500.0
1256,1256,1500.0,2050.0,1,0,0,0,1,0,0.1,0,42.456,-128.998,72.425,0.0,0.0,1.5669055491637087,0.0,0.0,0.0,0.014687841703808458,1,0,0,0,0.06267622196654835,0.06267622196654835,1500.0
1257,1257,1500.0,2050.0,1,0,0,0,1,0,0.1,0,43.974,-128.612,72.425,0.0,0.0,1.5663077603076534,0.0,0.0,0.0,0.025697780935961197,1,0,0,0,0.06265231041230614,0.06265231041230614,1500.0
1258,1258,1500.0,2050.0,1,0,0,0,1,0,0.1,0,45.482,-128.187,72.425,0.0,0.0,1.566744714367977,0.0,0.0,0.0,0.025700419532709465,1,0,0,0,0.06266978857471908,0.06266978857471908,1500.0
1259,1259,1500.0,2050.0,1,0,0,0,1,0,0.1,0,46.979,-127.724,72.425,0.0,0.0,1.566964581603556,0.0,0.0,0.0,0.02524836673816282,1,0,0,0,0.06267858326414225,0.06267858326414225,1500.0
1260,1260,1500.0,2050.0,1,0,0,0,1,0,0.1,0,48.463,-127.223,72.425,0.0,0.0,1.5662876491883635,0.0,0.0,0.0,0.025633152643097134,1,0,0,0,0.06265150596753453,0.06265150596753453,1500.0
1261,1261,1500.0,2050.0,1,0,0,0,1,0,0.1,0,49.934,-126.684,72.425,0.0,0.0,1.5666403543889682,0.0,0.0,0.0,0.025638458766462237,1,0,0,0,0.06266561417555873,0.06266561417555873,1500.0
1262,1262,1500.0,2050.0,1,0,0,0,1,0,0.1,0,51.391,-126.108,72.425,0.0,0.0,1.5667242897204328,0.0,0.0,0.0,0.025251477189185925,1,0,0,0,0.0626689715888173,0.0626689715888173,1500.0
1263,1263,1500.0,2050.0,1,0,0,0,1,0,0.1,0,52.833,-125.495,72.425,0.0,0.0,1.566886403029907,0.0,0.0,0.0,0.025482221383045733,1,0,0,0,0.06267545612119628,0.06267545612119628,1500.0
1264,1264,1500.0,2050.0,1,0,0,0,1,0,0.1,0,54.33,-124.812,72.425,0.0,0.0,1.6454476594531986,0.0,0.0,0.0,0.026077049345723483,1,0,0,0,0.06581790637812794,0.06581790637812794,1500.0
1265,1265,1500.0,2050.0,1,0,0,0,1,0,0.1,0,55.742,-124.132,72.425,0.0,0.0,1.5672089841498444,0.0,0.0,0.0,0.020772714412261476,1,0,0,0,0.06268835936599378,0.06268835936599378,1500.0
1266,1266,1500.0,2050.0,1,0,0,0,1,0,0.1,0,57.136,-123.417,72.425,0.0,0.0,1.5666719503457067,0.0,0.0,0.0,0.02511563710424093,1,0,0,0,0.06266687801382827,0.06266687801382827,1500.0
1267,1267,1500.0,2050.0,1,0,0,0,1,0,0.1,0,58.51,-122.666,72.425,0.0,0.0,1.5658470551110648,0.0,0.0,0.0,0.026289031520797205,1,0,0,0,0.06263388220444259,0.06263388220444259,1500.0
1268,1268,1500.0,2050.0,1,0,0,0,1,0,0.1,0,59.866,-121.88,72.425,0.0,0.0,1.56733276619868,0.0,0.0,0.0,0.025105691094935902,1,0,0,0,0.0626933106479472,0.0626933106479472,1500.0
1269,1269,1500.0,2050.0,1,0,0,0,1,0,0.1,0,61.2,-121.06,72.425,0.0,0.0,1.565872280870952,0.0,0.0,0.0,0.025834057181762803,1,0,0,0,0.06263489123483808,0.06263489123483808,1500.0
1270,1270,1500.0,2050.0,1,0,0,0,1,0,0.1,0,62.514,-120.206,72.425,0.0,0.0,1.5671349654704279,0.0,0.0,0.0,0.025168786372857917,1,0,0,0,0.06268539861881711,0.06268539861881711,1500.0
1271,1271,1500.0,2050.0,1,0,0,0,1,0,0.1,0,63.805,-119.319,72.425,0.0,0.0,1.566349258626566,0.0,0.0,0.0,0.02566970115343749,1,0,0,0,0.06265397034506263,0.06265397034506263,1500.0
1272,1272,1500.0,2050.0,1,0,0,0,1,0,0.1,0,65.073,-118.399,72.425,0.0,0.0,1.5665963104769483,0.0,0.0,0.0,0.025678529306567697,1,0,0,0,0.06266385241907793,0.06266385241907793,1500.0
1273,1273,1500.0,2050.0,1,0,0,0,1,0,0.1,0,66.023,-117.678,72.425,0.0,0.0,1.192619386057434,0.0,0.0,0.0,0.021532925577112016,1,0,0,0,0.047704775442297356,0.047704775442297356,1500.0
1274,1274,1500.0,2050.0,1,0,0,0,1,0,0.1,0,67.254,-116.709,72.425,0.0,0.0,1.5666275881651037,0.0,0.0,0.0,0.017662644417404116,1,0,0,0,0.06266510352660415,0.06266510352660415,1500.0
1275,1275,1500.0,2050.0,1,0,0,0,1,0,0.1,0,68.46,-115.709,72.425,0.0,0.0,1.566663971628879,0.0,0.0,0.0,0.025420980121003817,1,0,0,0,0.06266655886515515,0.06266655886515515,1500.0
1276,1276,1500.0,2050.0,1,0,0,0,1,0,0.1,0,69.64,-114.678,72.425,0.0,0.0,1.5669591570937733,0.0,0.0,0.0,0.025823082422458194,1,0,0,0,0.06267836628375092,0.06267836628375092,1500.0
1277,1277,1500.0,2050.0,1,0,0,0,1,0,0.1,0,70.793,-113.618,72.425,0.0,0.0,1.5662084790984943,0.0,0.0,0.0,0.025288893115897035,1,0,0,0,0.06264833916393978,0.06264833916393978,1500.0
1278,1278,1500.0,2050.0,1,0,0,0,1,0,0.1,0,71.919,-112.528,72.425,0.0,0.0,1.5671553847656445,0.0,0.0,0.0,0.025755629934022563,1,0,0,0,0.06268621539062577,0.06268621539062577,1500.0
1279,1279,1500.0,2050.0,1,0,0,0,1,0,0.1,0,73.017,-111.41,72.425,0.0,0.0,1.567012444111411,0.0,0.0,0.0,0.025269084161043814,1,0,0,0,0.06268049776445644,0.06268049776445644,1500.0
1280,1280,1500.0,2050.0,1,0,0,0,1,0,0.1,0,74.085,-110.265,72.425,0.0,0.0,1.5657742493731293,0.0,0.0,0.0,0.025755339940381435,1,0,0,0,0.06263096997492516,0.06263096997492516,1500.0
1281,1281,1500.0,2050.0,1,0,0,0,1,0,0.1,0,75.124,-109.092,72.425,0.0,0.0,1.566987555789773,0.0,0.0,0.0,0.025724355587514562,1,0,0,0,0.06267950223159091,0.06267950223159091,1500.0
1282,1282,1500.0,2050.0,1,0,0,0,1,0,0.1,0,76.226,-107.782,72.425,0.0,0.0,1.7118714905038912,0.0,0.0,0.0,0.02551795162569973,1,0,0,0,0.06847485962015565,0.06847485962015565,1500.0
1283,1283,1500.0,2050.0,1,0,0,0,1,0,0.1,0,77.208,-106.561,72.425,0.0,0.0,1.5668966143303689,0.0,0.0,0.0,0.02204310588301971,1,0,0,0,0.06267586457321475,0.06267586457321475,1500.0
1284,1284,1500.0,2050.0,1,0,0,0,1,0,0.1,0,78.159,-105.316,72.425,0.0,0.0,1.5666607801307932,0.0,0.0,0.0,0.02502261820114525,1,0,0,0,0.06266643120523173,0.06266643120523173,1500.0
1285,1285,1500.0,2050.0,1,0,0,0,1,0,0.1,0,79.077,-104.046,72.425,0.0,0.0,1.5670430753492308,0.0,0.0,0.0,0.0264223580003382,1,0,0,0,0.06268172301396924,0.06268172301396924,1500.0
1286,1286,1500.0,2050.0,1,0,0,0,1,0,0.1,0,79.963,-102.754,72.425,0.0,0.0,1.5666078003125086,0.0,0.0,0.0,0.024783571518333047,1,0,0,0,0.06266431201250035,0.06266431201250035,1500.0
1287,1287,1500.0,2050.0,1,0,0,0,1,0,0.1,0,80.815,-101.44,72.425,0.0,0.0,1.5660459763365906,0.0,0.0,0.0,0.02585293323738941,1,0,0,0,0.06264183905346363,0.06264183905346363,1500.0
1288,1288,1500.0,2050.0,1,0,0,0,1,0,0.1,0,81.633,-100.104,72.425,0.0,0.0,1.566531199816969,0.0,0.0,0.0,0.02585419768003621,1,0,0,0,0.06266124799267876,0.06266124799267876,1500.0
1289,1289,1500.0,2050.0,1,0,0,0,1,0,0.1,0,82.418,-98.748,72.425,0.0,0.0,1.566831516149711,0.0,0.0,0.0,0.02463000496855491,1,0,0,0,0.06267326064598844,0.06267326064598844,1500.0
1290,1290,1500.0,2050.0,1,0,0,0,1,0,0.1,0,83.167,-97.372,72.425,0.0,0.0,1.566645141696104,0.0,0.0,0.0,0.02628600053680225,1,0,0,0,0.06266580566784416,0.06266580566784416,1500.0
1291,1291,1500.0,2050.0,1,0,0,0,1,0,0.1,0,83.559,-96.616,72.425,0.0,0.0,0.8515867542417491,0.0,0.0,0.0,0.020128269122159315,1,0,0,0,0.034063470169669964,0.034063470169669964,1500.0
1292,1292,1500.0,2050.0,1,0,0,0,1,0,0.1,0,84.054,-95.636,72.425,0.0,0.0,1.0979184851344896,0.0,0.0,0.0,0.0106315251501248,1,0,0,0,0.04391673940537959,0.04391673940537959,1500.0
1293,1293,1500.0,2050.0,1,0,0,0,1,0,0.1,0,85.62,-95.703,72.425,0.0,0.0,1.5674326141815504,0.0,0.0,0.0,1.1458335074224766,1,0,1,0,0.06269730456726202,0.06269730456726202,1500.0
1294,1294,1500.0,2050.0,1,0,0,0,1,0,0.1,0,86.823,-95.728,72.425,0.0,0.0,1.2032597392084439,0.0,0.0,0.0,0.021979697786307557,1,0,0,0,0.048130389568337754,0.048130389568337754,1500.0
1295,1295,1500.0,2050.0,1,0,0,0,1,0,0.1,0,86.885,-95.767,72.425,0.0,0.0,0.07324616030893075,0.0,0.0,0.0,0.5407152741972083,1,0,0,0,0.0029298464123572302,0.004,1098.6924046339611
1296,1296,1500.0,2050.0,1,0,0,0,1,0,0.1,0,87.74,-118.611,72.425,0.0,0.0,22.85999477252784,0.0,0.0,0.0,0.9718923546334233,1,0,0,0,0.9143997909011137,0.9143997909011137,1500.0
1297,1297,1500.0,2050.0,1,0,0,0,1,0,0.1,0,88.371,-136.214,72.425,0.0,0.0,17.61430583361149,0.0,0.0,0.0,0.0015794879596811617,1,0,0,0,0.7045722333444595,0.7045722333444595,1500.0
1298,1298,1500.0,2050.0,1,0,0,0,1,0,0.1,0,-97.114,-136.191,72.425,0.0,0.0,185.48500142599133,0.0,0.0,0.0,1.606751146974127,1,1,1,0,7.4194000570396526,7.4194000570396526,1500.0
1299,1299,1500.0,2050.0,1,0,0,0,1,0,0.1,0,-96.996,-134.589,72.425,0.0,0.0,1.6063399391162552,0.0,0.0,0.0,1.6441974769817171,1,1,0,0,0.06425359756465021,0.06425359756465021,1500.0
1300,1300,1500.0,2050.0,1,0,0,0,1,0,0.1,0,-96.918,-132.985,72.425,0.0,0.0,1.6058953888718748,0.0,0.0,0.0,0.02493499714943556,1,0,0,0,0.06423581555487498,0.06423581555487498,1500.0
1301,1301,1500.0,2050.0,1,0,0,0,1,0,0.1,0,-96.879,-131.379,72.425,0.0,0.0,1.6064734669455558,0.0,0.0,0.0,0.02431098884003566,1,0,0,0,0.06425893867782223,0.06425893867782223,1500.0
1302,1302,1500.0,2050.0,1,0,0,0,1,0,0.1,0,-96.876,-111.764,72.425,0.0,0.0,19.615000229416257,0.0,0.0,0.0,0.024126219267739585,1,0,0,0,0.7846000091766503,0.7846000091766503,1500.0
1303,1303,1500.0,2050.0,1,0,0,0,1,0,0.1,0,-95.771,-112.875,72.425,0.0,0.0,1.566954370746008,0.0,0.0,0.0,2.358749120629205,1,0,1,0,0.06267817482984032,0.06267817482984032,1500.0
1304,1304,1500.0,2050.0,1,0,0,0,1,0,0.1,0,-94.638,-113.957,72.425,0.0,0.0,1.5666566311735244,0.0,0.0,0.0,0.025728337788266026,1,0,0,0,0.06266626524694098,0.06266626524694098,1500.0
1305,1305,1500.0,2050.0,1,0,0,0,1,0,0.1,0,-93.478,-115.01,72.425,0.0,0.0,1.5666553545691053,0.0,0.0,0.0,0.025292266977423577,1,0,0,0,0.0626662141827642,0.0626662141827642,1500.0
1306,1306,1500.0,2050.0,1,0,0,0,1,0,0.1,0,-92.292,-116.033,72.425,0.0,0.0,1.5662455107677005,0.0,0.0,0.0,0.025342527712984005,1,0,0,0,0.06264982043070802,0.06264982043070802,1500.0
1307,1307,1500.0,2050.0,1,0,0,0,1,0,0.1,0,-91.079,-117.025,72.425,0.0,0.0,1.5669821313595216,0.0,0.0,0.0,0.02623760182643542,1,0,0,0,0.06267928525438086,0.06267928525438086,1500.0
1308,1308,1500.0,2050.0,1,0,0,0,1,0,0.1,0,-89.842,-117.986,72.425,0.0,0.0,1.5664258680192893,0.0,0.0,0.0,0.025021745208509517,1,0,0,0,0.06265703472077157,0.06265703472077157,1500.0
1309,1309,1500.0,2050.0,1,0,0,0,1,0,0.1,0,-88.581,-118.916,72.425,0.0,0.0,1.566850662954187,0.0,0.0,0.0,0.025023845125120424,1,0,0,0,0.06267402651816747,0.06267402651816747,1500.0
1310,1310,1500.0,2050.0,1,0,0,0,1,0,0.1,0,-87.296,-119.812,72.425,0.0,0.0,1.5665379025098602,0.0,0.0,0.0,0.026563799410113127,1,0,0,0,0.0626615161003944,0.0626615161003944,1500.0
1311,1311,1500.0,2050.0,1,0,0,0,1,0,0.1,0,-86.607,-120.275,72.425,0.0,0.0,0.8301144499404991,0.0,0.0,0.0,0.01721778472769903,1,0,0,0,0.033204577997619965,0.033204577997619965,1500.0
1312,1312,1500.0,2050.0,1,0,0,0,1,0,0.1,0,-85.293,-121.128,72.425,0.0,0.0,1.5665902463630916,0.0,0.0,0.0,0.015891331846031705,1,0,0,0,0.06266360985452367,0.06266360985452367,1500.0
1313,1313,1500.0,2050.0,1,0,0,0,1,0,0.1,0,-83.958,-121.947,72.425,0.0,0.0,1.566201136508343,0.0,0.0,0.0,0.0255118628324644,1,0,0,0,0.06264804546033372,0.06264804546033372,1500.0
1314,1314,1500.0,2050.0,1,0,0,0,1,0,0.1,0,-82.602,-122.732,72.425,0.0,0.0,1.566831516149704,0.0,0.0,0.0,0.025507933515842445,1,0,0,0,0.06267326064598815,0.06267326064598815,1500.0
1315,1315,1500.0,2050.0,1,0,0,0,1,0,0.1,0,-81.227,-123.483,72.425,0.0,0.0,1.5667246088576023,0.0,0.0,0.0,0.024859641175575577,1,0,0,0,0.0626689843543041,0.0626689843543041,1500.0
1316,1316,1500.0,2050.0,1,0,0,0,1,0,0.1,0,-79.833,-124.198,72.425,0.0,0.0,1.5666719503457,0.0,0.0,0.0,0.025982907126470108,1,0,0,0,0.062666878013828,0.062666878013828,1500.0
1317,1317,1500.0,2050.0,1,0,0,0,1,0,0.1,0,-78.421,-124.877,72.425,0.0,0.0,1.566775350840056,0.0,0.0,0.0,0.025690681105830813,1,0,0,0,0.06267101403360223,0.06267101403360223,1500.0
1318,1318,1500.0,2050.0,1,0,0,0,1,0,0.1,0,-76.992,-125.519,72.425,0.0,0.0,1.5665902463631065,0.0,0.0,0.0,0.02599075678338716,1,0,0,0,0.06266360985452425,0.06266360985452425,1500.0
1319,1319,1500.0,2050.0,1,0,0,0,1,0,0.1,0,-75.548,-126.125,72.425,0.0,0.0,1.5660051085485005,0.0,0.0,0.0,0.024897322285208558,1,0,0,0,0.06264020434194002,0.06264020434194002,1500.0
1320,1320,1500.0,2050.0,1,0,0,0,1,0,0.1,0,-74.764,-126.436,72.425,0.0,0.0,0.8434316806950126,0.0,0.0,0.0,0.019701182886308743,1,0,0,0,0.0337372672278005,0.0337372672278005,1500.0
1321,1321,1500.0,2050.0,1,0,0,0,1,0,0.1,0,-73.672,-126.855,72.425,0.0,0.0,1.1696260086027477,0.0,0.0,0.0,0.01126836230561133,1,0,0,0,0.04678504034410991,0.04678504034410991,1500.0
1322,1322,1500.0,2050.0,1,0,0,0,1,0,0.1,0,-67.131,-129.347,72.425,0.0,0.0,6.999624632792817,0.0,0.0,0.0,0.0023714612582767447,1,0,0,0,0.2799849853117127,0.2799849853117127,1500.0
1323,1323,20000.0,2050.0,0,0,0,0,1,0,0.1,0,-67.131,-129.347,77.425,0.0,0.0,5.0,0.0,0.0,0.0,1.5707963267948966,1,0,0,0,0.015,0.015,20000.0
1324,1324,20000.0,2050.0,0,0,0,0,1,0,0.1,0,-166.723,-196.958,77.425,0.0,0.0,120.37364240148257,0.0,0.0,0.0,1.5707963267948966,1,0,0,0,0.3611209272044477,0.3611209272044477,20000.0
1325,1325,500.0,2050.0,1,0,0,0,1,0,0.1,0,-166.723,-196.958,72.425,0.0,0.0,5.0,0.0,0.0,0.0,1.5707963267948966,1,0,0,0,0.6,0.6,500.0
1326,1326,1500.0,2050.0,1,0,0,0,1,0,0.1,0,-164.09,-203.444,72.425,0.0,0.0,7.00006321400028,0.0,0.0,0.0,1.5707963267948966,1,0,0,0,0.2800025285600112,0.2800025285600112,1500.0
1327,1327,1500.0,2050.0,1,0,0,0,1,0,0.1,0,-163.875,-203.356,72.425,0.0,0.0,0.2323122898169625,0.0,0.0,0.0,1.573669899774277,1,0,1,0,0.0092924915926785,0.0092924915926785,1500.0
1328,1328,1500.0,2050.0,1,0,0,0,1,0,0.1,0,-162.546,-202.931,72.425,0.0,0.0,1.3953014011316718,0.0,0.0,0.0,0.07898799371214388,1,0,0,0,0.055812056045266865,0.055812056045266865,1500.0
1329,1329,1500.0,2050.0,1,0,0,0,1,0,0.1,0,-161.187,-202.614,72.425,0.0,0.0,1.395481995584304,0.0,0.0,0.0,0.08034967028170384,1,0,0,0,0.05581927982337216,0.05581927982337216,1500.0
1330,1330,1500.0,2050.0,1,0,0,0,1,0,0.1,0,-159.807,-202.406,72.425,0.0,0.0,1.3955873315561678,0.0,0.0,0.0,0.07956358371227346,1,0,0,0,0.05582349326224671,0.05582349326224671,1500.0
1331,1331,1500.0,2050.0,1,0,0,0,1,0,0.1,0,-158.415,-202.308,72.425,0.0,0.0,1.395445448593384,0.0,0.0,0.0,0.07931223667793647,1,0,0,0,0.05581781794373536,0.05581781794373536,1500.0
1332,1332,1500.0,2050.0,1,0,0,0,1,0,0.1,0,-157.017,-202.3,72.425,0.0,0.0,1.3980228896552405,0.0,0.0,0.0,0.06456392939731884,1,0,0,0,0.05592091558620962,0.05592091558620962,1500.0
1333,1333,1500.0,2050.0,1,0,0,0,1,0,0.1,0,-155.619,-202.245,72.425,0.0,0.0,1.3990814844032458,0.0,0.0,0.0,0.03359924002916957,1,0,0,0,0.05596325937612983,0.05596325937612983,1500.0
1334,1334,1500.0,2050.0,1,0,0,0,1,0,0.1,0,-154.262,-201.926,72.425,0.0,0.0,1.393990674287317,0.0,0.0,0.0,0.1915636479922285,1,0,0,0,0.05575962697149268,0.05575962697149268,1500.0
1335,1335,1500.0,2050.0,1,0,0,0,1,0,0.1,0,-152.897,-201.615,72.425,0.0,0.0,1.3999807141528813,0.0,0.0,0.0,0.0068704549558594435,1,0,0,0,0.05599922856611525,0.05599922856611525,1500.0
1336,1336,1500.0,2050.0,1,0,0,0,1,0,0.1,0,-148.791,-200.732,72.425,0.0,0.0,4.1998720218597105,0.0,0.0,0.0,0.012189786795900631,1,0,0,0,0.1679948808743884,0.1679948808743884,1500.0
1337,1337,1500.0,2050.0,1,0,0,0,1,0,0.1,0,-147.419,-200.455,72.425,0.0,0.0,1.399683178437161,0.0,0.0,0.0,0.01260799300511708,1,0,0,0,0.05598732713748644,0.05598732713748644,1500.0
1338,1338,1500.0,2050.0,1,0,0,0,1,0,0.1,0,-144.685,-199.85,72.425,0.0,0.0,2.8001394608126344,0.0,0.0,0.0,0.01856097429003411,1,0,0,0,0.11200557843250537,0.11200557843250537,1500.0
1339,1339,1500.0,2050.0,1,0,0,0,1,0,0.1,0,-143.327,-199.513,72.425,0.0,0.0,1.3991901228925265,0.0,0.0,0.0,0.025467236443319812,1,0,0,0,0.05596760491570106,0.05596760491570106,1500.0
1340,1340,1500.0,2050.0,1,0,0,0,1,0,0.1,0,-142.008,-199.059,72.425,0.0,0.0,1.39494695239639,0.0,0.0,0.0,0.08825333980559999,1,0,0,0,0.055797878095855596,0.055797878095855596,1500.0
1341,1341,1500.0,2050.0,1,0,0,0,1,0,0.1,0,-140.721,-198.516,72.425,0.0,0.0,1.3968600502555804,0.0,0.0,0.0,0.06775308616746827,1,0,0,0,0.055874402010223215,0.055874402010223215,1500.0
1342,1342,1500.0,2050.0,1,0,0,0,1,0,0.1,0,-139.393,-198.091,72.425,0.0,0.0,1.3943489520202585,0.0,0.0,0.0,0.0895214212197835,1,0,0,0,0.055773958080810336,0.055773958080810336,1500.0
1343,1343,1500.0,2050.0,1,0,0,0,1,0,0.1,0,-138.033,-197.787,72.425,0.0,0.0,1.393562341626681,0.0,0.0,0.0,0.0898159917041848,1,0,0,0,0.05574249366506724,0.05574249366506724,1500.0
1344,1344,1500.0,2050.0,1,0,0,0,1,0,0.1,0,-136.65,-197.605,72.425,0.0,0.0,1.3949240122673185,0.0,0.0,0.0,0.08906817499378171,1,0,0,0,0.05579696049069274,0.05579696049069274,1500.0
1345,1345,1500.0,2050.0,1,0,0,0,1,0,0.1,0,-135.257,-197.547,72.425,0.0,0.0,1.3942069430324902,0.0,0.0,0.0,0.08923338080984798,1,0,0,0,0.05576827772129961,0.05576827772129961,1500.0
1346,1346,1500.0,2050.0,1,0,0,0,1,0,0.1,0,122.342,-197.547,72.425,0.0,0.0,257.599,0.0,0.0,0.0,0.041612719438993535,1,0,0,0,10.30396,10.30396,1500.0
1347,1347,1500.0,2050.0,1,0,0,0,1,0,0.1,0,123.742,-197.557,72.425,0.0,0.0,1.4000357138301922,0.0,0.0,0.0,0.007142735669402935,1,0,0,0,0.05600142855320769,0.05600142855320769,1500.0
1348,1348,1500.0,2050.0,1,0,0,0,1,0,0.1,0,125.134,-197.67,72.425,0.0,0.0,1.39657903464143,0.0,0.0,0.0,0.07385780852149934,1,0,0,0,0.0558631613856572,0.0558631613856572,1500.0
1349,1349,1500.0,2050.0,1,0,0,0,1,0,0.1,0,126.508,-197.906,72.425,0.0,0.0,1.3941205112901809,0.0,0.0,0.0,0.0891009229144997,1,0,0,0,0.05576482045160724,0.05576482045160724,1500.0
1350,1350,1500.0,2050.0,1,0,0,0,1,0,0.1,0,127.855,-198.265,72.425,0.0,0.0,1.394019368588546,0.0,0.0,0.0,0.09036229888614315,1,0,0,0,0.05576077474354184,0.05576077474354184,1500.0
1351,1351,1500.0,2050.0,1,0,0,0,1,0,0.1,0,129.166,-198.742,72.425,0.0,0.0,1.3950806428303653,0.0,0.0,0.0,0.0884909598023126,1,0,0,0,0.05580322571321461,0.05580322571321461,1500.0
1352,1352,1500.0,2050.0,1,0,0,0,1,0,0.1,0,130.445,-199.303,72.425,0.0,0.0,1.3966252181598322,0.0,0.0,0.0,0.06439868629194755,1,0,0,0,0.055865008726393287,0.055865008726393287,1500.0
1353,1353,1500.0,2050.0,1,0,0,0,1,0,0.1,0,131.112,-199.494,72.425,0.0,0.0,0.6938083308810893,0.0,0.0,0.0,0.13445981135682802,1,0,0,0,0.02775233323524357,0.02775233323524357,1500.0
1354,1354,1500.0,2050.0,1,0,0,0,1,0,0.1,0,133.153,-199.983,72.425,0.0,0.0,2.0987620160466007,0.0,0.0,0.0,0.043737804369198094,1,0,0,0,0.08395048064186403,0.08395048064186403,1500.0
1355,1355,1500.0,2050.0,1,0,0,0,1,0,0.1,0,135.89,-200.576,72.425,0.0,0.0,2.8005031690751503,0.0,0.0,0.0,0.021792970562402474,1,0,0,0,0.11202012676300602,0.11202012676300602,1500.0
1356,1356,1500.0,2050.0,1,0,0,0,1,0,0.1,0,138.63,-201.152,72.425,0.0,0.0,2.7998885692112894,0.0,0.0,0.0,0.0061609117663095824,1,0,0,0,0.11199554276845158,0.11199554276845158,1500.0
1357,1357,1500.0,2050.0,1,0,0,0,1,0,0.1,0,141.366,-201.748,72.425,0.0,0.0,2.800162852407,0.0,0.0,0.0,0.007283604125155411,1,0,0,0,0.11200651409628,0.11200651409628,1500.0
1358,1358,1500.0,2050.0,1,0,0,0,1,0,0.1,0,142.729,-202.065,72.425,0.0,0.0,1.3993777188450598,0.0,0.0,0.0,0.014027307865763249,1,0,0,0,0.05597510875380239,0.05597510875380239,1500.0
1359,1359,1500.0,2050.0,1,0,0,0,1,0,0.1,0,144.107,-202.3,72.425,0.0,0.0,1.3978944881499347,0.0,0.0,0.0,0.059600788742693984,1,0,0,0,0.05591577952599739,0.05591577952599739,1500.0
1360,1360,1500.0,2050.0,1,0,0,0,1,0,0.1,0,151.915,-202.3,72.425,0.0,0.0,7.807999999999993,0.0,0.0,0.0,0.1689120372792941,1,0,0,0,0.3123199999999997,0.3123199999999997,1500.0
1361,1361,1500.0,2050.0,1,0,0,0,1,0,0.1,0,151.915,-195.3,72.425,0.0,0.0,7.0,0.0,0.0,0.0,1.5707963267948966,1,0,0,0,0.28,0.28,1500.0
1362,1362,1500.0,2050.0,1,0,0,0,1,0,0.1,0,153.84,-195.3,82.147,0.0,0.0,9.91074714640628,0.0,0.0,0.0,1.5707963267948966,1,0,0,0,0.39642988585625116,0.39642988585625116,1500.0
1363,1363,20000.0,2050.0,0,0,0,0,1,0,0.1,0,153.84,-195.3,215.0,0.0,0.0,132.853,0.0,0.0,0.0,0.19547610044801234,1,0,0,0,0.39855900000000005,0.39855900000000005,20000.0
1364,1364,20000.0,2050.0,0,0,0,0,1,0,0.1,0,153.84,-195.3,215.0,0.0,0.0,0.0,0.0,0.0,0.0,0.0,0,0,0,0,0.0,0.0008,20000.0
1365,1365,20000.0,2050.0,0,0,0,0,1,0,0.1,0,153.84,-195.3,215.0,0.0,0.0,0.0,0.0,0.0,0.0,0.0,0,0,0,0,0.0,0.0008,20000.0
1366,1366,20000.0,2050.0,0,0,0,0,1,0,0.1,0,153.84,-195.3,215.0,0.0,0.0,0.0,0.0,0.0,0.0,0.0,0,0,0,0,0.0,0.0008,20000.0
1367,1367,20000.0,2050.0,0,0,0,0,1,0,0.1,0,153.84,-195.3,215.0,0.0,0.0,0.0,0.0,0.0,0.0,0.0,0,0,0,0,0.0,0.0008,20000.0
1368,1368,20000.0,2050.0,0,0,0,0,1,0,0.1,0,153.84,-195.3,215.0,0.0,0.0,0.0,0.0,0.0,0.0,0.0,0,0,0,0,0.0,0.0008,20000.0
1369,1369,20000.0,2050.0,0,0,0,0,1,0,0.1,0,153.84,-195.3,-1.0,0.0,0.0,216.0,0.0,0.0,0.0,3.141592653589793,1,0,0,1,0.648,0.648,20000.0
1370,1370,20000.0,2050.0,0,0,0,0,1,0,0.1,0,-650.0,-500.0,-1.0,0.0,0.0,859.6515780244924,0.0,0.0,0.0,1.5707963267948966,1,0,0,0,2.5789547340734775,2.5789547340734775,20000.0
1371,1371,20000.0,2050.0,0,0,0,0,1,0,0.1,0,-650.0,-500.0,-1.0,0.0,0.0,0.0,0.0,0.0,0.0,0.0,0,0,0,0,0.0,0.0003076923076923077,20000.0
1372,1372,20000.0,2050.0,0,0,0,0,1,0,0.1,0,-650.0,-500.0,-1.0,0.0,0.0,0.0,0.0,0.0,0.0,0.0,0,0,0,0,0.0,0.0003076923076923077,20000.0
1373,1373,20000.0,2050.0,0,0,0,0,0,0,0.1,0,-650.0,-500.0,-1.0,0.0,0.0,0.0,0.0,0.0,0.0,0.0,0,0,0,0,0.0,0.0003076923076923077,20000.0
1374,1374,20000.0,2050.0,0,0,0,0,0,0,0.1,0,-650.0,-500.0,-1.0,0.0,0.0,0.0,0.0,0.0,0.0,0.0,0,0,0,0,0.0,0.0003076923076923077,20000.0
1375,1375,20000.0,2050.0,0,0,0,0,0,0,0.1,0,-650.0,-500.0,-1.0,0.0,0.0,0.0,0.0,0.0,0.0,0.0,0,0,0,0,0.0,0.0003076923076923077,20000.0
1376,1376,20000.0,2050.0,0,0,0,0,0,0,0.1,0,-650.0,-500.0,-1.0,0.0,0.0,0.0,0.0,0.0,0.0,0.0,0,0,0,0,0.0,0.0003076923076923077,20000.0
1377,1377,20000.0,2050.0,0,0,0,0,0,0,0.1,0,-650.0,-500.0,-1.0,0.0,0.0,0.0,0.0,0.0,0.0,0.0,0,0,0,0,0.0,0.0003076923076923077,20000.0
1378,1378,20000.0,2050.0,0,0,0,0,0,0,0.1,0,-650.0,-500.0,-1.0,0.0,0.0,0.0,0.0,0.0,0.0,0.0,0,0,0,0,0.0,0.0003076923076923077,20000.0
1379,1379,20000.0,2050.0,0,0,0,0,0,0,0.1,0,-650.0,-500.0,-1.0,0.0,0.0,0.0,0.0,0.0,0.0,0.0,0,0,0,0,0.0,0.0003076923076923077,20000.0
1380,1380,20000.0,2050.0,0,0,0,0,0,0,0.1,0,-650.0,-500.0,-1.0,0.0,0.0,0.0,0.0,0.0,0.0,0.0,0,0,0,0,0.0,0.0003076923076923077,20000.0
1381,1381,20000.0,2050.0,0,0,0,0,0,0,0.1,0,-650.0,-500.0,-1.0,0.0,0.0,0.0,0.0,0.0,0.0,0.0,0,0,0,0,0.0,0.0003076923076923077,20000.0
1382,1382,20000.0,2050.0,0,0,0,0,0,0,0.1,0,-650.0,-500.0,-1.0,0.0,0.0,0.0,0.0,0.0,0.0,0.0,0,0,0,0,0.0,0.0003076923076923077,20000.0
1383,1383,20000.0,2050.0,0,0,0,0,0,0,0.1,0,-650.0,-500.0,-1.0,0.0,0.0,0.0,0.0,0.0,0.0,0.0,0,0,0,0,0.0,0.0003076923076923077,20000.0
