Block_ID,N_Number,Cmd_F,Cmd_S,Is_G01,Is_G02,Is_G03,Is_Traori,Is_Cycle800,Is_MCALL_Sub,C832_Tol,C832_Mode,Tgt_X,Tgt_Y,Tgt_Z,Tgt_B,Tgt_C,Delta_3D,Delta_Rot,Tool_Vector_Delta,Kinematic_Blend_Ratio,Sharpness_Angle,Is_Motion_Block,Is_Reversal_X,Is_Reversal_Y,Is_Reversal_Z,Theo_Duration,Duration_Sec,Target_Feedrate
1,1,1000.0,0.0,1,0,0,0,0,0,0.1,0,0.0,0.0,0.0,0.0,0.0,0.0,0.0,0.0,0.0,0.0,0,0,0,0,0.0,0.276,1000.0
2,2,1000.0,0.0,1,0,0,0,0,0,0.1,0,0.0,0.0,0.0,0.0,0.0,0.0,0.0,0.0,0.0,0.0,0,0,0,0,0.0,0.268,1000.0
3,3,1000.0,0.0,1,0,0,0,0,0,0.1,0,0.0,0.0,0.0,0.0,0.0,0.0,0.0,0.0,0.0,0.0,0,0,0,0,0.0,0.264,1000.0
4,4,1000.0,0.0,1,0,0,0,0,0,0.1,0,0.0,0.0,0.0,0.0,0.0,0.0,0.0,0.0,0.0,0.0,0,0,0,0,0.0,0.264,1000.0
5,5,1000.0,0.0,1,0,0,0,0,0,0.1,0,0.0,0.0,0.0,0.0,0.0,0.0,0.0,0.0,0.0,0.0,0,0,0,0,0.0,0.264,1000.0
6,6,1000.0,0.0,1,0,0,0,0,0,0.1,0,0.0,0.0,0.0,0.0,0.0,0.0,0.0,0.0,0.0,0.0,0,0,0,0,0.0,0.264,1000.0
7,7,1000.0,0.0,1,0,0,0,0,0,0.1,0,0.0,0.0,0.0,0.0,0.0,0.0,0.0,0.0,0.0,0.0,0,0,0,0,0.0,0.264,1000.0
8,8,1000.0,0.0,1,0,0,0,0,0,0.1,0,0.0,0.0,0.0,0.0,0.0,0.0,0.0,0.0,0.0,0.0,0,0,0,0,0.0,0.26,1000.0
9,9,1000.0,0.0,1,0,0,0,0,0,0.1,0,0.0,0.0,0.0,0.0,0.0,0.0,0.0,0.0,0.0,0.0,0,0,0,0,0.0,0.264,1000.0
10,10,1000.0,0.0,1,0,0,0,0,0,0.1,0,0.0,0.0,0.0,0.0,0.0,0.0,0.0,0.0,0.0,0.0,0,0,0,0,0.0,0.264,1000.0
11,11,1000.0,0.0,1,0,0,0,0,0,0.1,0,0.0,0.0,0.0,0.0,0.0,0.0,0.0,0.0,0.0,0.0,0,0,0,0,0.0,0.256,1000.0
12,12,1000.0,0.0,1,0,0,0,0,0,0.1,0,0.0,0.0,0.0,0.0,0.0,0.0,0.0,0.0,0.0,0.0,0,0,0,0,0.0,0.268,1000.0
13,13,1000.0,0.0,1,0,0,0,0,0,0.1,0,0.0,0.0,0.0,0.0,0.0,0.0,0.0,0.0,0.0,0.0,0,0,0,0,0.0,0.272,1000.0
14,14,1000.0,0.0,1,0,0,0,0,0,0.1,0,0.0,0.0,0.0,0.0,0.0,0.0,0.0,0.0,0.0,0.0,0,0,0,0,0.0,9.672,1000.0
15,15,1000.0,0.0,1,0,0,0,0,0,0.1,0,0.0,0.0,0.0,0.0,0.0,0.0,0.0,0.0,0.0,0.0,0,0,0,0,0.0,0.328,1000.0
16,16,1000.0,0.0,1,0,0,0,0,0,0.1,0,0.0,0.0,0.0,0.0,0.0,0.0,0.0,0.0,0.0,0.0,0,0,0,0,0.0,0.364,1000.0
17,17,1000.0,0.0,1,0,0,0,0,0,0.1,0,0.0,0.0,0.0,0.0,0.0,0.0,0.0,0.0,0.0,0.0,0,0,0,0,0.0,0.396,1000.0
18,18,20000.0,0.0,0,0,0,0,0,0,0.1,0,0.0,0.0,-1.0,0.0,0.0,1.0,0.0,0.0,0.0,0.0,1,0,0,0,0.003,0.396,151.5151515151515
19,19,20000.0,0.0,0,0,0,0,0,0,0.1,0,-650.0,-500.0,-1.0,0.0,0.0,820.0609733428363,0.0,0.0,0.0,1.5707963267948966,1,0,0,0,2.460182920028509,0.40800000000000003,120597.2019621818
20,20,20000.0,0.0,0,0,0,0,0,0,0.1,0,-650.0,-500.0,-1.0,0.0,0.0,0.0,0.0,0.0,0.0,0.0,0,0,0,0,0.0,1.8760000000000001,20000.0
21,21,20000.0,0.0,0,0,0,0,0,0,0.1,0,-650.0,-500.0,-1.0,0.0,0.0,0.0,0.0,0.0,0.0,0.0,0,0,0,0,0.0,0.5760000000000001,20000.0
22,22,20000.0,0.0,0,0,0,0,0,0,0.1,0,-650.0,-500.0,-1.0,0.0,0.0,0.0,0.0,0.0,0.0,0.0,0,0,0,0,0.0,0.512,20000.0
23,23,20000.0,0.0,0,0,0,0,0,0,0.1,0,-650.0,-500.0,-1.0,0.0,0.0,0.0,0.0,0.0,0.0,0.0,0,0,0,0,0.0,0.484,20000.0
24,24,20000.0,0.0,0,0,0,0,0,0,0.1,0,-650.0,-500.0,-1.0,0.0,0.0,0.0,0.0,0.0,0.0,0.0,0,0,0,0,0.0,0.464,20000.0
25,25,20000.0,0.0,0,0,0,0,0,0,0.1,0,-650.0,-500.0,-1.0,0.0,0.0,0.0,0.0,0.0,0.0,0.0,0,0,0,0,0.0,0.444,20000.0
26,26,20000.0,0.0,0,0,0,0,0,0,0.1,0,-650.0,-500.0,-1.0,0.0,0.0,0.0,0.0,0.0,0.0,0.0,0,0,0,0,0.0,0.464,20000.0
27,27,20000.0,0.0,0,0,0,0,0,0,0.1,0,-650.0,-500.0,-1.0,0.0,0.0,0.0,0.0,0.0,0.0,0.0,0,0,0,0,0.0,0.548,20000.0
28,28,20000.0,0.0,0,0,0,0,0,0,0.1,0,-650.0,-500.0,-1.0,0.0,0.0,0.0,0.0,0.0,0.0,0.0,0,0,0,0,0.0,0.548,20000.0
29,29,20000.0,0.0,0,0,0,0,0,0,0.1,0,-650.0,-500.0,-1.0,0.0,0.0,0.0,0.0,0.0,0.0,0.0,0,0,0,0,0.0,0.544,20000.0
30,30,20000.0,0.0,0,0,0,0,0,0,0.1,0,-650.0,-500.0,-1.0,0.0,0.0,0.0,0.0,0.0,0.0,0.0,0,0,0,0,0.0,0.548,20000.0
31,31,20000.0,0.0,0,0,0,0,0,0,0.1,0,-650.0,-500.0,-1.0,0.0,0.0,0.0,0.0,0.0,0.0,0.0,0,0,0,0,0.0,0.536,20000.0
32,32,20000.0,0.0,0,0,0,0,0,0,0.1,0,-650.0,-500.0,-1.0,0.0,0.0,0.0,0.0,0.0,0.0,0.0,0,0,0,0,0.0,0.54,20000.0
33,33,20000.0,0.0,0,0,0,0,0,0,0.1,0,-650.0,-500.0,-1.0,0.0,0.0,0.0,0.0,0.0,0.0,0.0,0,0,0,0,0.0,0.536,20000.0
34,34,20000.0,0.0,0,0,0,0,0,0,0.1,0,-650.0,-500.0,-1.0,0.0,0.0,0.0,0.0,0.0,0.0,0.0,0,0,0,0,0.0,0.536,20000.0
35,35,20000.0,0.0,0,0,0,0,0,0,0.1,0,-650.0,-500.0,-1.0,0.0,0.0,0.0,0.0,0.0,0.0,0.0,0,0,0,0,0.0,2.84,20000.0
36,36,20000.0,0.0,0,0,0,0,0,0,0.1,0,-650.0,-500.0,-1.0,0.0,0.0,0.0,0.0,0.0,0.0,0.0,0,0,0,0,0.0,0.6880000000000001,20000.0
37,37,20000.0,0.0,0,0,0,0,0,0,0.1,0,-650.0,-500.0,-1.0,0.0,0.0,0.0,0.0,0.0,0.0,0.0,0,0,0,0,0.0,0.604,20000.0
38,38,20000.0,0.0,0,0,0,0,0,0,0.1,0,-650.0,-500.0,-1.0,0.0,0.0,0.0,0.0,0.0,0.0,0.0,0,0,0,0,0.0,0.584,20000.0
39,39,20000.0,0.0,0,0,0,0,0,0,0.1,0,-650.0,-500.0,-1.0,0.0,0.0,0.0,0.0,0.0,0.0,0.0,0,0,0,0,0.0,0.5680000000000001,20000.0
40,40,20000.0,0.0,0,0,0,0,0,0,0.1,0,-650.0,-500.0,-1.0,0.0,0.0,0.0,0.0,0.0,0.0,0.0,0,0,0,0,0.0,0.548,20000.0
41,41,20000.0,0.0,0,0,0,0,0,0,0.1,0,-650.0,-500.0,-1.0,0.0,0.0,0.0,0.0,0.0,0.0,0.0,0,0,0,0,0.0,0.544,20000.0
42,42,20000.0,0.0,0,0,0,0,0,0,0.1,0,-650.0,-500.0,-1.0,0.0,0.0,0.0,0.0,0.0,0.0,0.0,0,0,0,0,0.0,0.54,20000.0
43,43,20000.0,1820.0,0,0,0,0,0,0,0.1,0,-650.0,-500.0,-1.0,0.0,0.0,0.0,0.0,0.0,0.0,0.0,0,0,0,0,0.0,0.536,20000.0
44,44,20000.0,1820.0,0,0,0,0,0,0,0.1,0,-650.0,-500.0,-1.0,0.0,0.0,0.0,0.0,0.0,0.0,0.0,0,0,0,0,0.0,0.548,20000.0
45,45,20000.0,1820.0,0,0,0,0,0,0,0.1,0,-650.0,-500.0,-1.0,0.0,0.0,0.0,0.0,0.0,0.0,0.0,0,0,0,0,0.0,0.41600000000000004,20000.0
46,46,20000.0,1820.0,0,0,0,0,0,0,0.1,0,-650.0,-500.0,-1.0,119.3654,0.0,0.0,119.3654,0.0,119365400.0,0.0,1,0,0,0,1.4323848,0.264,27128.499999999996
47,47,20000.0,1820.0,0,0,0,0,0,0,0.1,0,-650.0,-500.0,-1.0,119.3654,0.0,0.0,0.0,0.0,0.0,0.0,0,0,0,0,0.0,0.264,20000.0
48,48,20000.0,1820.0,0,0,0,0,1,0,0.1,0,-650.0,-500.0,-1.0,119.3654,0.0,0.0,0.0,0.0,0.0,0.0,0,0,0,0,0.0,0.0,70157036.5071445
49,49,20000.0,1820.0,0,0,0,0,1,0,0.1,0,0.0,0.0,-1.0,119.3654,0.0,820.0609733428363,0.0,0.0,0.0,3.141592653589793,1,1,1,0,2.460182920028509,0.0007013360433997163,70157036.5071445
50,50,20000.0,1820.0,0,0,0,0,1,0,0.1,0,0.0,0.0,0.0,119.3654,0.0,1.0,0.0,0.0,0.0,1.5707963267948966,1,0,0,0,0.003,8.552242652651078e-07,70157036.5071445
51,51,20000.0,1820.0,0,0,0,0,1,0,0.1,0,0.0,0.0,0.0,119.3654,0.0,0.0,0.0,0.0,0.0,0.0,0,0,0,0,0.0,0.0,70157036.5071445
52,52,20000.0,1820.0,0,0,0,1,1,0,0.1,0,0.0,0.0,0.0,119.3654,0.0,0.0,0.0,0.0,0.0,0.0,0,0,0,0,0.0,0.0,70157036.5071445
53,53,20000.0,1820.0,0,0,0,1,1,0,0.1,0,0.0,0.0,0.0,119.3654,0.0,0.0,0.0,0.0,0.0,0.0,0,0,0,0,0.0,0.0,70157036.5071445
54,54,20000.0,1820.0,0,0,0,1,1,0,0.005,3,0.0,0.0,0.0,119.3654,0.0,0.0,0.0,0.0,0.0,0.0,0,0,0,0,0.0,0.0,70157036.5071445
55,55,20000.0,1820.0,0,0,0,1,1,0,0.005,3,0.0,0.0,0.0,119.3654,0.0,0.0,0.0,0.0,0.0,0.0,0,0,0,0,0.0,0.0,70157036.5071445
56,56,20000.0,1820.0,0,0,0,1,1,0,0.005,3,0.0,0.0,0.0,119.3654,0.0,0.0,0.0,0.0,0.0,0.0,0,0,0,0,0.0,0.0,70157036.5071445
57,57,20000.0,1820.0,0,0,0,1,1,0,0.005,3,424.9,5.521,-22.959,3.0,3.0,425.55564515348635,116.40406486527866,1.4142135623730951,0.2735342978466672,1.6247731746181395,1,0,0,1,1.2766669354604592,0.0003639455139558093,70157036.5071445
58,58,20000.0,1820.0,0,0,0,1,1,0,0.005,3,384.9,5.521,-22.959,3.0,3.0,40.0,0.0,0.0,0.0,3.08607552161274,1,1,0,0,0.12,3.420897061060431e-05,70157036.5071445
59,59,910.0,1820.0,1,0,0,1,1,0,0.005,3,379.9,5.521,-22.959,3.0,3.0,5.0,0.0,0.0,0.0,0.0,1,0,0,0,0.3296703296703297,4.2761213263255386e-06,70157036.5071445
60,60,700.0,1820.0,1,0,0,1,1,0,0.005,3,374.9,5.521,-22.959,3.0,3.0,5.0,0.0,0.0,0.0,0.0,1,0,0,0,0.42857142857142855,4.2761213263255386e-06,70157036.5071445
61,61,910.0,1820.0,1,0,0,1,1,0,0.005,3,374.9,5.521,-15.947,3.0,3.0,7.0120000000000005,0.0,0.0,0.0,1.5707963267948966,1,0,0,0,0.4623296703296704,5.996832548038936e-06,70157036.5071445
62,62,910.0,1820.0,1,0,0,1,1,0,0.005,3,374.9,5.521,-0.622,3.0,3.0,15.325,0.0,0.0,0.0,0.0,1,0,0,0,1.0104395604395604,1.3106311865187777e-05,70157036.5071445
63,63,910.0,1820.0,1,0,0,1,1,0,0.005,3,374.9,-72.179,-0.622,3.0,3.0,77.7,0.0,0.0,0.0,1.5707963267948966,1,0,0,0,5.1230769230769235,6.645092541109887e-05,70157036.5071445
64,64,910.0,1820.0,1,0,0,1,1,0,0.005,3,374.9,-72.961,-0.642,3.0,3.0,0.7822557126668968,0.0,0.0,0.0,0.025569873427728127,1,0,0,0,0.051577299736278906,6.6900406711498e-07,70157036.5071445
65,65,910.0,1820.0,1,0,0,1,1,0,0.005,3,374.9,-73.354,-0.667,3.0,3.0,0.39379436258026923,0.0,0.0,0.0,0.03795775917732333,1,0,0,0,0.025964463466830935,3.3678249440325224e-07,70157036.5071445
66,66,910.0,1820.0,1,0,0,1,1,0,0.005,3,374.9,-73.658,-0.67,3.0,3.0,0.30401480227120725,0.0,0.0,0.0,0.05365953188150915,1,0,0,0,0.020044932017881795,2.6000083590211027e-07,70157036.5071445
67,67,910.0,1820.0,1,0,0,1,1,0,0.005,3,374.9,-73.886,-0.646,3.0,3.0,0.22925967809450806,0.0,0.0,0.0,0.11474503945377548,1,0,0,1,0.015116022731506027,1.960684397532908e-07,70157036.5071445
68,68,910.0,1820.0,1,0,0,1,1,0,0.005,3,374.9,-74.067,-0.598,3.0,3.0,0.18725650856512052,0.0,0.0,0.0,0.15434946489342646,1,0,0,0,0.012346582982315639,1.6014630995371457e-07,70157036.5071445
69,69,910.0,1820.0,1,0,0,1,1,0,0.005,3,374.9,-74.233,-0.512,3.0,3.0,0.18695453992883845,0.0,0.0,0.0,0.21877428665093565,1,0,0,0,0.012326672962340997,1.598880590486171e-07,70157036.5071445
70,70,910.0,1820.0,1,0,0,1,1,0,0.005,3,374.9,-74.377,-0.393,3.0,3.0,0.18680738743421652,0.0,0.0,0.0,0.21262520334736923,1,0,0,0,0.012316970600058232,1.5976221066452217e-07,70157036.5071445
71,71,910.0,1820.0,1,0,0,1,1,0,0.005,3,374.9,-74.492,-0.246,3.0,3.0,0.18663868837945174,0.0,0.0,0.0,0.21630772292165507,1,0,0,0,0.012305847585458357,1.5961793513936002e-07,70157036.5071445
72,72,910.0,1820.0,1,0,0,1,1,0,0.005,3,374.9,-74.574,-0.079,3.0,3.0,0.186045693312151,0.0,0.0,0.0,0.20742651470082282,1,0,0,0,0.012266749009592374,1.5911079136862195e-07,70157036.5071445
73,73,910.0,1820.0,1,0,0,1,1,0,0.005,3,374.9,-74.619,0.103,3.0,3.0,0.18748066566982355,0.0,0.0,0.0,0.2140448487718218,1,0,0,0,0.012361362571636718,1.6033801454888816e-07,70157036.5071445
74,74,910.0,1820.0,1,0,0,1,1,0,0.005,3,374.9,-74.626,0.24,3.0,3.0,0.13717871555019048,0.0,0.0,0.0,0.1913408510175803,1,0,0,0,0.009044750475836735,1.1731856621642288e-07,70157036.5071445
75,75,910.0,1820.0,1,0,0,1,1,0,0.005,3,374.9,-74.621,34.209,3.0,3.0,33.969000367982574,0.0,0.0,0.0,0.05119768878892304,1,0,1,0,2.239714309976873,2.9051113381498072e-05,70157036.5071445
76,76,910.0,1820.0,1,0,0,1,1,0,0.005,3,374.9,-74.63,34.723,3.0,3.0,0.5140787877358836,0.0,0.0,0.0,0.017655131544354514,1,0,1,0,0.03389530468588243,4.3965265352979834e-07,70157036.5071445
77,77,910.0,1820.0,1,0,0,1,1,0,0.005,3,374.9,-74.616,34.909,3.0,3.0,0.18652613757862427,0.0,0.0,0.0,0.09263509442722849,1,0,1,0,0.012298426653535666,1.5952167896341735e-07,70157036.5071445
78,78,910.0,1820.0,1,0,0,1,1,0,0.005,3,374.9,-74.563,35.089,3.0,3.0,0.18764061394058487,0.0,0.0,0.0,0.21122503767719703,1,0,0,0,0.012371908611467135,1.6047480619123044e-07,70157036.5071445
79,79,910.0,1820.0,1,0,0,1,1,0,0.005,3,374.9,-74.474,35.252,3.0,3.0,0.18571483516402507,0.0,0.0,0.0,0.21342426592562966,1,0,0,0,0.012244934186639014,1.5882783345198395e-07,70157036.5071445
80,80,910.0,1820.0,1,0,0,1,1,0,0.005,3,374.9,-74.351,35.393,3.0,3.0,0.18710959355415385,0.0,0.0,0.0,0.21754524562590882,1,0,0,0,0.012336896278295859,1.6002066467140419e-07,70157036.5071445
81,81,910.0,1820.0,1,0,0,1,1,0,0.005,3,374.9,-74.202,35.505,3.0,3.0,0.1864001072961083,0.0,0.0,0.0,0.2089005519004901,1,0,0,0,0.01229011696457857,1.594138948076515e-07,70157036.5071445
82,82,910.0,1820.0,1,0,0,1,1,0,0.005,3,374.9,-74.032,35.583,3.0,3.0,0.18704010265181084,0.0,0.0,0.0,0.21440676840419076,1,0,0,0,0.012332314460558956,1.5996123436550527e-07,70157036.5071445
83,83,910.0,1820.0,1,0,0,1,1,0,0.005,3,374.9,-73.849,35.622,3.0,3.0,0.1871095935541453,0.0,0.0,0.0,0.22019378848856408,1,0,0,0,0.012336896278295295,1.6002066467139685e-07,70157036.5071445
84,84,910.0,1820.0,1,0,0,1,1,0,0.005,3,374.9,-42.509,35.641,3.0,3.0,31.340005759412364,0.0,0.0,0.0,0.20936725894794095,1,0,0,0,2.0663740061151006,2.6802733398997686e-05,70157036.5071445
85,85,910.0,1820.0,1,0,0,1,1,0,0.005,3,374.9,-41.726,35.662,3.0,3.0,0.7832815585726515,0.0,0.0,0.0,0.026207241633594017,1,0,0,0,0.051644937927867125,6.698813954260043e-07,70157036.5071445
86,86,910.0,1820.0,1,0,0,1,1,0,0.005,3,374.9,-40.945,35.722,3.0,3.0,0.7833013468646651,0.0,0.0,0.0,0.04986048129946501,1,0,0,0,0.05164624265041748,6.698983188535026e-07,70157036.5071445
87,87,910.0,1820.0,1,0,0,1,1,0,0.005,3,374.9,-40.169,35.822,3.0,3.0,0.7824167687364615,0.0,0.0,0.0,0.05148569179513848,1,0,0,0,0.05158791881778867,6.6914180617374e-07,70157036.5071445
88,88,910.0,1820.0,1,0,0,1,1,0,0.005,3,374.9,-39.399,35.962,3.0,3.0,0.7826237921249226,0.0,0.0,0.0,0.051693831150040295,1,0,0,0,0.05160156871153336,6.693188575990293e-07,70157036.5071445
89,89,910.0,1820.0,1,0,0,1,1,0,0.005,3,374.9,-38.984,36.05,3.0,3.0,0.4242275332884444,0.0,0.0,0.0,0.029099566694978485,1,0,0,0,0.027971046150886445,3.628096804618389e-07,70157036.5071445
90,90,910.0,1820.0,1,0,0,1,1,0,0.005,3,374.9,-38.222,36.233,3.0,3.0,0.7836663830993394,0.0,0.0,0.0,0.026740812385985312,1,0,0,0,0.05167031097358282,6.70210506699097e-07,70157036.5071445
91,91,910.0,1820.0,1,0,0,1,1,0,0.005,3,374.9,-37.471,36.454,3.0,3.0,0.7828422574184462,0.0,0.0,0.0,0.05050173816008214,1,0,0,0,0.05161597301660085,6.69505694419169e-07,70157036.5071445
92,92,910.0,1820.0,1,0,0,1,1,0,0.005,3,374.9,-36.733,36.714,3.0,3.0,0.7824602226311561,0.0,0.0,0.0,0.05252986292866738,1,0,0,0,0.05159078390974656,6.691789689989031e-07,70157036.5071445
93,93,910.0,1820.0,1,0,0,1,1,0,0.005,3,374.9,-36.04,36.997,3.0,3.0,0.7485572790374814,0.0,0.0,0.0,0.048975017640487666,1,0,0,0,0.04935542499148229,6.401843489736782e-07,70157036.5071445
94,94,910.0,1820.0,1,0,0,1,1,0,0.005,3,374.9,-35.721,37.136,3.0,3.0,0.3479683893689231,0.0,0.0,0.0,0.023228951166036,1,0,0,0,0.022942970727621304,2.975910101335202e-07,70157036.5071445
95,95,910.0,1820.0,1,0,0,1,1,0,0.005,3,374.9,-35.012,37.468,3.0,3.0,0.7828824943757492,0.0,0.0,0.0,0.02700953990883269,1,0,0,0,0.05161862600279665,6.69540106041415e-07,70157036.5071445
96,96,910.0,1820.0,1,0,0,1,1,0,0.005,3,374.9,-34.321,37.836,3.0,3.0,0.7828824943757523,0.0,0.0,0.0,0.051417240646569766,1,0,0,0,0.051618626002796854,6.695401060414177e-07,70157036.5071445
97,97,910.0,1820.0,1,0,0,1,1,0,0.005,3,374.9,-33.649,38.238,3.0,3.0,0.7830632158389237,0.0,0.0,0.0,0.0497492112560697,1,0,0,0,0.0516305417036653,6.69694663421976e-07,70157036.5071445
98,98,910.0,1820.0,1,0,0,1,1,0,0.005,3,374.9,-33.023,38.658,3.0,3.0,0.7538408320063317,0.0,0.0,0.0,0.051840495159499164,1,0,0,0,0.049703791121296595,6.447029716794526e-07,70157036.5071445
99,99,910.0,1820.0,1,0,0,1,1,0,0.005,3,374.9,-32.739,38.858,3.0,3.0,0.34735572544583415,0.0,0.0,0.0,0.022610209772228555,1,0,0,0,0.022902575304120935,2.97067045080042e-07,70157036.5071445
100,100,910.0,1820.0,1,0,0,1,1,0,0.005,3,374.9,-32.111,39.326,3.0,3.0,0.7832036772130244,0.0,0.0,0.0,0.02688062149405084,1,0,0,0,0.05163980289316644,6.698147893974395e-07,70157036.5071445
101,101,910.0,1820.0,1,0,0,1,1,0,0.005,3,374.9,-31.508,39.825,3.0,3.0,0.7826940653920916,0.0,0.0,0.0,0.05086622088852753,1,0,0,0,0.05160620211376428,6.693789570023118e-07,70157036.5071445
102,102,910.0,1820.0,1,0,0,1,1,0,0.005,3,374.9,-30.931,40.354,3.0,3.0,0.7827962697918239,0.0,0.0,0.0,0.05072275456783777,1,0,0,0,0.05161294086539499,6.694663646849796e-07,70157036.5071445
103,103,910.0,1820.0,1,0,0,1,1,0,0.005,3,374.9,-30.392,40.902,3.0,3.0,0.7686514164431127,0.0,0.0,0.0,0.05165190055767809,1,0,0,0,0.05068031317207337,6.573693428725455e-07,70157036.5071445
104,104,910.0,1820.0,1,0,0,1,1,0,0.005,3,374.9,-30.154,41.155,3.0,3.0,0.3473514070793436,0.0,0.0,0.0,0.02226091982753892,1,0,0,0,0.022902290576660017,2.97063351908233e-07,70157036.5071445
105,105,910.0,1820.0,1,0,0,1,1,0,0.005,3,374.9,-29.634,41.74,3.0,3.0,0.7827036476214996,0.0,0.0,0.0,0.028215423265641294,1,0,0,0,0.05160683390910986,6.693871519574169e-07,70157036.5071445
106,106,910.0,1820.0,1,0,0,1,1,0,0.005,3,374.9,-29.144,42.351,3.0,3.0,0.7832119764150689,0.0,0.0,0.0,0.05070498826131791,1,0,0,0,0.05164035009330124,6.698218870764102e-07,70157036.5071445
107,107,910.0,1820.0,1,0,0,1,1,0,0.005,3,374.9,-28.686,42.986,3.0,3.0,0.7829361404354739,0.0,0.0,0.0,0.051085077858348524,1,0,0,0,0.051622163105635645,6.695859854534274e-07,70157036.5071445
108,108,910.0,1820.0,1,0,0,1,1,0,0.005,3,374.9,-28.268,43.631,3.0,3.0,0.7686019776191078,0.0,0.0,0.0,0.04984063990440572,1,0,0,0,0.05067705346939172,6.573270615906102e-07,70157036.5071445
109,109,910.0,1820.0,1,0,0,1,1,0,0.005,3,374.9,-28.087,43.928,3.0,3.0,0.34780741797724585,0.0,0.0,0.0,0.027688890989450286,1,0,0,0,0.02293235722926896,2.9745334349334434e-07,70157036.5071445
110,110,910.0,1820.0,1,0,0,1,1,0,0.005,3,374.9,-27.695,44.605,3.0,3.0,0.782299814649089,0.0,0.0,0.0,0.02246874785513317,1,0,0,0,0.0515802075592806,6.690417842002972e-07,70157036.5071445
111,111,910.0,1820.0,1,0,0,1,1,0,0.005,3,374.9,-27.339,45.302,3.0,3.0,0.782652541042323,0.0,0.0,0.0,0.052635168144120975,1,0,0,0,0.051603464244548765,6.693434443707903e-07,70157036.5071445
112,112,910.0,1820.0,1,0,0,1,1,0,0.005,3,374.9,-27.018,46.017,3.0,3.0,0.7837512360436848,0.0,0.0,0.0,0.050237552428587615,1,0,0,0,0.05167590567320998,6.702830749960803e-07,70157036.5071445
113,113,910.0,1820.0,1,0,0,1,1,0,0.005,3,374.9,-26.745,46.718,3.0,3.0,0.7522831913581484,0.0,0.0,0.0,0.050608191434359094,1,0,0,0,0.04960108954009769,6.433708396005629e-07,70157036.5071445
114,114,910.0,1820.0,1,0,0,1,1,0,0.005,3,374.9,-26.627,47.045,3.0,3.0,0.34763918076074124,0.0,0.0,0.0,0.025059681565746606,1,0,0,0,0.02292126466554338,2.9730946294346893e-07,70157036.5071445
115,115,910.0,1820.0,1,0,0,1,1,0,0.005,3,374.9,-26.379,47.788,3.0,3.0,0.7832962402565146,0.0,0.0,0.0,0.02415913369518892,1,0,0,0,0.05164590595097898,6.69893951558299e-07,70157036.5071445
116,116,910.0,1820.0,1,0,0,1,1,0,0.005,3,374.9,-26.17,48.543,3.0,3.0,0.7833938983678669,0.0,0.0,0.0,0.05209569948993464,1,0,0,0,0.05165234494733188,6.699774711448274e-07,70157036.5071445
117,117,910.0,1820.0,1,0,0,1,1,0,0.005,3,374.9,-25.973,49.444,3.0,3.0,0.9222852053459424,0.0,0.0,0.0,0.054800170935969186,1,0,0,0,0.060810013539292905,7.887606871068626e-07,70157036.5071445
118,118,910.0,1820.0,1,0,0,1,1,0,0.005,3,374.9,-25.84,50.216,3.0,3.0,0.7833728358833981,0.0,0.0,0.0,0.04465332154967576,1,0,0,0,0.05165095621209218,6.69959457997023e-07,70157036.5071445
119,119,910.0,1820.0,1,0,0,1,1,0,0.005,3,374.9,-25.747,50.993,3.0,3.0,0.7825458453023706,0.0,0.0,0.0,0.05148065724089729,1,0,0,0,0.051596429360595865,6.692521955849826e-07,70157036.5071445
120,120,910.0,1820.0,1,0,0,1,1,0,0.005,3,374.9,-25.677,51.956,3.0,3.0,0.9655407811169873,0.0,0.0,0.0,0.046562527810508604,1,0,0,0,0.06366202952419696,8.257539051142737e-07,70157036.5071445
121,121,910.0,1820.0,1,0,0,1,1,0,0.005,3,374.9,-25.664,52.642,3.0,3.0,0.6861231667856725,0.0,0.0,0.0,0.05361372219948409,1,0,0,0,0.04523889011773665,5.867891811956458e-07,70157036.5071445
122,122,910.0,1820.0,1,0,0,1,1,0,0.005,3,374.9,-25.666,60.977,3.0,3.0,8.335000239952,0.0,0.0,0.0,0.019188121323600184,1,0,1,0,0.5495604553814506,7.128294456197447e-06,70157036.5071445
123,123,910.0,1820.0,1,0,0,1,1,0,0.005,3,374.9,-25.649,65.909,3.0,3.0,4.932029298372029,0.0,0.0,0.0,0.0036868158888131376,1,0,1,0,0.32518874494760636,4.217991132966204e-06,70157036.5071445
124,124,910.0,1820.0,1,0,0,1,1,0,0.005,3,374.9,-25.628,66.095,3.0,3.0,0.18718172987767093,0.0,0.0,0.0,0.10898026694637525,1,0,0,0,0.012341652519406875,1.60082357405683e-07,70157036.5071445
125,125,910.0,1820.0,1,0,0,1,1,0,0.005,3,374.9,-25.569,66.272,3.0,3.0,0.18657438194994108,0.0,0.0,0.0,0.20932342356643827,1,0,0,0,0.012301607601095017,1.5956293872042995e-07,70157036.5071445
126,126,910.0,1820.0,1,0,0,1,1,0,0.005,3,374.9,-25.473,66.432,3.0,3.0,0.18659046063504672,0.0,0.0,0.0,0.2186689458739575,1,0,0,0,0.012302667734178905,1.5957668960208583e-07,70157036.5071445
127,127,910.0,1820.0,1,0,0,1,1,0,0.005,3,374.9,-25.345,66.568,3.0,3.0,0.18676188047885697,0.0,0.0,0.0,0.2146849032080949,1,0,0,0,0.012313970141463097,1.5972329201206033e-07,70157036.5071445
128,128,910.0,1820.0,1,0,0,1,1,0,0.005,3,374.9,-25.191,66.674,3.0,3.0,0.18695453992883357,0.0,0.0,0.0,0.2128536130496266,1,0,0,0,0.012326672962340676,1.5988805904861293e-07,70157036.5071445
129,129,910.0,1820.0,1,0,0,1,1,0,0.005,3,374.9,-25.018,66.745,3.0,3.0,0.18700267377767388,0.0,0.0,0.0,0.2133947331759763,1,0,0,0,0.012329846622703772,1.5992922428412176e-07,70157036.5071445
130,130,910.0,1820.0,1,0,0,1,1,0,0.005,3,374.9,-24.834,66.778,3.0,3.0,0.1869358178627105,0.0,0.0,0.0,0.21198241723170017,1,0,0,0,0.012325438540398493,1.598720474833686e-07,70157036.5071445
131,131,910.0,1820.0,1,0,0,1,1,0,0.005,3,374.9,-24.647,66.771,3.0,3.0,0.18713097017864389,0.0,0.0,0.0,0.21487684533248347,1,0,0,1,0.012338305726064432,1.600389464793775e-07,70157036.5071445
132,132,910.0,1820.0,1,0,0,1,1,0,0.005,3,374.9,-24.472,66.726,3.0,3.0,0.1806931099959242,0.0,0.0,0.0,0.2142742862846225,1,0,0,0,0.011913831428302695,1.5453313223473157e-07,70157036.5071445
133,133,910.0,1820.0,1,0,0,1,1,0,0.005,3,374.9,-2.817,58.927,3.0,3.0,23.01659023400295,0.0,0.0,0.0,0.09399642054218811,1,0,0,0,1.5175773780661288,1.968434647178323e-05,70157036.5071445
134,134,910.0,1820.0,1,0,0,1,1,0,0.005,3,374.9,18.715,51.131,3.0,3.0,22.89988296913327,0.0,0.0,0.0,0.0016967389038232883,1,0,0,0,1.5098823935692265,1.958453558693396e-05,70157036.5071445
135,135,910.0,1820.0,1,0,0,1,1,0,0.005,3,374.9,40.233,43.297,3.0,3.0,22.899691700981478,0.0,0.0,0.0,0.0017684210976243256,1,0,0,0,1.5098697824822953,1.958437200976937e-05,70157036.5071445
136,136,910.0,1820.0,1,0,0,1,1,0,0.005,3,374.9,61.737,35.426,3.0,3.0,22.89922830577485,0.0,0.0,0.0,0.0017274368772772948,1,0,0,0,1.509839228952188,1.9583975702944256e-05,70157036.5071445
137,137,910.0,1820.0,1,0,0,1,1,0,0.005,3,374.9,84.032,27.22,3.0,3.0,23.75721913440207,0.0,0.0,0.0,0.0017975000162673146,1,0,0,0,1.566410052817719,2.031775027896117e-05,70157036.5071445
138,138,910.0,1820.0,1,0,0,1,1,0,0.005,3,374.9,84.199,27.137,3.0,3.0,0.18648860555004498,0.0,0.0,0.0,0.10857304286766559,1,0,0,0,0.01229595201428868,1.594895806618517e-07,70157036.5071445
139,139,910.0,1820.0,1,0,0,1,1,0,0.005,3,374.9,84.345,27.02,3.0,3.0,0.18709623192357572,0.0,0.0,0.0,0.21432613450762195,1,0,0,0,0.012336015291664334,1.6000923748071026e-07,70157036.5071445
140,140,910.0,1820.0,1,0,0,1,1,0,0.005,3,374.9,84.463,26.875,3.0,3.0,0.18694651641578855,0.0,0.0,0.0,0.21212569346736196,1,0,0,0,0.012326143939502541,1.5988119714556417e-07,70157036.5071445
141,141,910.0,1820.0,1,0,0,1,1,0,0.005,3,374.9,84.547,26.709,3.0,3.0,0.18604300578092328,0.0,0.0,0.0,0.21463970248943576,1,0,0,0,0.012266571809731206,1.591084929267023e-07,70157036.5071445
142,142,910.0,1820.0,1,0,0,1,1,0,0.005,3,374.9,84.594,26.528,3.0,3.0,0.1870026737776764,0.0,0.0,0.0,0.21439773256485428,1,0,0,0,0.012329846622703939,1.5992922428412394e-07,70157036.5071445
143,143,910.0,1820.0,1,0,0,1,1,0,0.005,3,374.9,84.604,26.373,3.0,3.0,0.1553222456700886,0.0,0.0,0.0,0.18963069227706952,1,0,0,0,0.010241027187038808,1.3283535343252808e-07,70157036.5071445
144,144,910.0,1820.0,1,0,0,1,1,0,0.005,3,374.9,84.597,25.919,3.0,3.0,0.45405396155082783,0.0,0.0,0.0,0.07984411998789935,1,0,1,0,0.02993762383851612,3.8831796565801824e-07,70157036.5071445
145,145,910.0,1820.0,1,0,0,1,1,0,0.005,3,374.9,84.597,0.719,3.0,3.0,25.2,0.0,0.0,0.0,0.015417280562313326,1,0,0,0,1.6615384615384616,2.1551651484680714e-05,70157036.5071445
146,146,910.0,1820.0,1,0,0,1,1,0,0.005,3,374.9,84.681,0.552,3.0,3.0,0.1869358178627106,0.0,0.0,0.0,0.46603994893440004,1,0,0,0,0.012325438540398501,1.598720474833687e-07,70157036.5071445
147,147,910.0,1820.0,1,0,0,1,1,0,0.005,3,374.9,84.727,0.371,3.0,3.0,0.1867538486885896,0.0,0.0,0.0,0.21716520162501868,1,0,0,0,0.01231344057287404,1.5971642303013015e-07,70157036.5071445
148,148,910.0,1820.0,1,0,0,1,1,0,0.005,3,374.9,84.735,0.184,3.0,3.0,0.1871710447692162,0.0,0.0,0.0,0.20612006902515817,1,0,0,0,0.012340948006761507,1.6007321924165552e-07,70157036.5071445
149,149,910.0,1820.0,1,0,0,1,1,0,0.005,3,374.9,84.702,0.0,3.0,3.0,0.18693581786270944,0.0,0.0,0.0,0.22021583814313028,1,0,1,0,0.012325438540398425,1.598720474833677e-07,70157036.5071445
150,150,910.0,1820.0,1,0,0,1,1,0,0.005,3,374.9,84.631,-0.173,3.0,3.0,0.18700267377767546,0.0,0.0,0.0,0.21198241723169436,1,0,0,0,0.012329846622703877,1.5992922428412314e-07,70157036.5071445
151,151,910.0,1820.0,1,0,0,1,1,0,0.005,3,374.9,84.525,-0.326,3.0,3.0,0.1861316738225895,0.0,0.0,0.0,0.21644087583188326,1,0,0,0,0.01227241805423667,1.5918432398748878e-07,70157036.5071445
152,152,910.0,1820.0,1,0,0,1,1,0,0.005,3,374.9,84.41,-0.438,3.0,3.0,0.16052725625264416,0.0,0.0,0.0,0.19272880016386335,1,0,0,0,0.010584214697976537,1.3728680478369128e-07,70157036.5071445
153,153,910.0,1820.0,1,0,0,1,1,0,0.005,3,374.9,84.254,-0.539,3.0,3.0,0.18584133017172852,0.0,0.0,0.0,0.19761249812418558,1,0,0,0,0.012253274516817266,1.5893601505200683e-07,70157036.5071445
154,154,910.0,1820.0,1,0,0,1,1,0,0.005,3,374.9,84.079,-0.606,3.0,3.0,0.18738729946291444,0.0,0.0,0.0,0.20892930761609663,1,0,0,0,0.012355206557994358,1.6025816550318373e-07,70157036.5071445
155,155,910.0,1820.0,1,0,0,1,1,0,0.005,3,374.9,83.894,-0.633,3.0,3.0,0.18695988874621097,0.0,0.0,0.0,0.2207185039893294,1,0,0,0,0.012327025631618306,1.5989263348702458e-07,70157036.5071445
156,156,910.0,1820.0,1,0,0,1,1,0,0.005,3,374.9,83.221,-0.622,3.0,3.0,0.6730898899849874,0.0,0.0,0.0,0.16126603382565066,1,0,0,1,0.044379553185823345,5.756428066197831e-07,70157036.5071445
157,157,910.0,1820.0,1,0,0,1,1,0,0.005,3,374.9,5.521,-0.622,3.0,3.0,77.7,0.0,0.0,0.0,0.01634326984671718,1,0,0,0,5.1230769230769235,6.645092541109887e-05,70157036.5071445
158,158,910.0,1820.0,1,0,0,1,1,0,0.005,3,374.9,4.915,-0.602,3.0,3.0,0.6063299431827525,0.0,0.0,0.0,0.03299132556052203,1,0,0,0,0.03997779845161006,5.185480801667039e-07,70157036.5071445
159,159,910.0,1820.0,1,0,0,1,1,0,0.005,3,374.9,4.311,-0.542,3.0,3.0,0.6069728165247601,0.0,0.0,0.0,0.06602158931971298,1,0,0,0,0.04002018570492924,5.190978810482811e-07,70157036.5071445
160,160,910.0,1820.0,1,0,0,1,1,0,0.005,3,374.9,3.712,-0.442,3.0,3.0,0.6072898813581531,0.0,0.0,0.0,0.06640647178603976,1,0,0,0,0.04004109107855955,5.193690425874609e-07,70157036.5071445
161,161,910.0,1820.0,1,0,0,1,1,0,0.005,3,374.9,3.122,-0.303,3.0,3.0,0.6061526210452285,0.0,0.0,0.0,0.06595467368281555,1,0,0,0,0.039966106882102975,5.183964299719249e-07,70157036.5071445
162,162,910.0,1820.0,1,0,0,1,1,0,0.005,3,374.9,2.541,-0.126,3.0,3.0,0.6073631533110977,0.0,0.0,0.0,0.06434071186516747,1,0,0,0,0.04004592219633611,5.194317065395825e-07,70157036.5071445
163,163,910.0,1820.0,1,0,0,1,1,0,0.005,3,374.9,1.974,0.089,3.0,3.0,0.606394261186565,0.0,0.0,0.0,0.06672312732202859,1,0,0,0,0.03998203919911418,5.18603086484258e-07,70157036.5071445
164,164,910.0,1820.0,1,0,0,1,1,0,0.005,3,374.9,1.422,0.341,3.0,3.0,0.6068014502289856,0.0,0.0,0.0,0.06582625334037409,1,0,0,0,0.04000888682828476,5.18951324433886e-07,70157036.5071445
165,165,910.0,1820.0,1,0,0,1,1,0,0.005,3,374.9,0.888,0.629,3.0,3.0,0.6067124524847004,0.0,0.0,0.0,0.06634700830713135,1,0,0,0,0.04000301884514508,5.188752114034195e-07,70157036.5071445
166,166,910.0,1820.0,1,0,0,1,1,0,0.005,3,374.9,-20.434,13.413,3.0,3.0,24.860779151104662,0.0,0.0,0.0,0.045491014557226976,1,0,0,0,1.6391722517211866,2.1261541583421595e-05,70157036.5071445
167,167,910.0,1820.0,1,0,0,1,1,0,0.005,3,374.9,-20.965,13.707,3.0,3.0,0.606957164880685,0.0,0.0,0.0,0.03444390078973927,1,0,0,0,0.04001915372839681,5.190844953824767e-07,70157036.5071445
168,168,910.0,1820.0,1,0,0,1,1,0,0.005,3,374.9,-21.513,13.967,3.0,3.0,0.606550904706276,0.0,0.0,0.0,0.06265669948468773,1,0,0,0,0.03999236734327095,5.187370518233113e-07,70157036.5071445
169,169,910.0,1820.0,1,0,0,1,1,0,0.005,3,374.9,-22.078,14.189,3.0,3.0,0.6070494213818156,0.0,0.0,0.0,0.06861320094410758,1,0,0,0,0.0400252365746252,5.19163395380872e-07,70157036.5071445
170,170,910.0,1820.0,1,0,0,1,1,0,0.005,3,374.9,-22.656,14.374,3.0,3.0,0.6068846677911706,0.0,0.0,0.0,0.06462265534105395,1,0,0,0,0.04001437370051674,5.190224941123628e-07,70157036.5071445
171,171,910.0,1820.0,1,0,0,1,1,0,0.005,3,374.9,-23.245,14.52,3.0,3.0,0.6068253455484555,0.0,0.0,0.0,0.06678545467326849,1,0,0,0,0.040010462343854206,5.18971760290923e-07,70157036.5071445
172,172,910.0,1820.0,1,0,0,1,1,0,0.005,3,374.9,-23.842,14.627,3.0,3.0,0.6065129841973687,0.0,0.0,0.0,0.06563376432999846,1,0,0,0,0.03998986708993639,5.187046212839425e-07,70157036.5071445
173,173,910.0,1820.0,1,0,0,1,1,0,0.005,3,374.9,-24.445,14.695,3.0,3.0,0.6068220496982635,0.0,0.0,0.0,0.06505142787553912,1,0,0,0,0.04001024503505034,5.189689415998641e-07,70157036.5071445
174,174,910.0,1820.0,1,0,0,1,1,0,0.005,3,374.9,-25.051,14.723,3.0,3.0,0.6066465198119888,0.0,0.0,0.0,0.06612329002681175,1,0,0,0,0.03999867163595531,5.188188241818427e-07,70157036.5071445
175,175,910.0,1820.0,1,0,0,1,1,0,0.005,3,374.9,-58.401,14.723,3.0,3.0,33.35000000000001,0.0,0.0,0.0,0.04617178227580988,1,0,0,0,2.1989010989010995,2.852172924659135e-05,70157036.5071445
176,176,910.0,1820.0,1,0,0,1,1,0,0.005,3,374.9,-58.587,14.743,3.0,3.0,0.1870721785835616,0.0,0.0,0.0,0.10711532335222917,1,0,0,0,0.012334429357157908,1.599886664806695e-07,70157036.5071445
177,177,910.0,1820.0,1,0,0,1,1,0,0.005,3,374.9,-58.764,14.802,3.0,3.0,0.18657438194993378,0.0,0.0,0.0,0.21463523104441007,1,0,0,0,0.012301607601094536,1.5956293872042373e-07,70157036.5071445
178,178,910.0,1820.0,1,0,0,1,1,0,0.005,3,374.9,-58.925,14.897,3.0,3.0,0.18693849255837672,0.0,0.0,0.0,0.2113296281144002,1,0,0,0,0.012325614893958904,1.5987433494800453e-07,70157036.5071445
179,179,910.0,1820.0,1,0,0,1,1,0,0.005,3,374.9,-59.062,15.025,3.0,3.0,0.18749133313302818,0.0,0.0,0.0,0.2183687654652227,1,0,0,0,0.012362065920859002,1.603471376222696e-07,70157036.5071445
180,180,910.0,1820.0,1,0,0,1,1,0,0.005,3,374.9,-59.169,15.178,3.0,3.0,0.18670297265978386,0.0,0.0,0.0,0.20906020334378797,1,0,0,0,0.012310086109436298,1.5967291261577517e-07,70157036.5071445
181,181,910.0,1820.0,1,0,0,1,1,0,0.005,3,374.9,-59.241,15.35,3.0,3.0,0.1864617923329066,0.0,0.0,0.0,0.21384589225638947,1,0,0,0,0.012294184109861975,1.5946664934792517e-07,70157036.5071445
182,182,910.0,1820.0,1,0,0,1,1,0,0.005,3,374.9,-59.274,15.534,3.0,3.0,0.1869358178627105,0.0,0.0,0.0,0.21898012335955286,1,0,0,0,0.012325438540398493,1.598720474833686e-07,70157036.5071445
183,183,910.0,1820.0,1,0,0,1,1,0,0.005,3,374.9,-59.276,19.411,3.0,3.0,3.877000515862747,0.0,0.0,0.0,0.17694529712416354,1,0,0,0,0.255626407639302,3.3157049176111616e-06,70157036.5071445
184,184,910.0,1820.0,1,0,0,1,1,0,0.005,3,374.9,-59.257,19.597,3.0,3.0,0.18696791168540175,0.0,0.0,0.0,0.1023133039208121,1,0,1,0,0.012327554616619897,1.598994948992993e-07,70157036.5071445
185,185,910.0,1820.0,1,0,0,1,1,0,0.005,3,374.9,-59.198,19.774,3.0,3.0,0.1865743819499332,0.0,0.0,0.0,0.21995311321056074,1,0,0,0,0.012301607601094496,1.595629387204232e-07,70157036.5071445
186,186,910.0,1820.0,1,0,0,1,1,0,0.005,3,374.9,-59.102,19.935,3.0,3.0,0.1874486596377792,0.0,0.0,0.0,0.2159242135167573,1,0,0,0,0.01235925228380962,1.6031064221364898e-07,70157036.5071445
187,187,910.0,1820.0,1,0,0,1,1,0,0.005,3,374.9,-58.975,20.072,3.0,3.0,0.18681006396872452,0.0,0.0,0.0,0.20986270821940137,1,0,0,0,0.012317147074860956,1.597644997017802e-07,70157036.5071445
188,188,910.0,1820.0,1,0,0,1,1,0,0.005,3,374.9,-58.822,20.178,3.0,3.0,0.18613167382259246,0.0,0.0,0.0,0.21737439773958878,1,0,0,0,0.012272418054236867,1.5918432398749135e-07,70157036.5071445
189,189,910.0,1820.0,1,0,0,1,1,0,0.005,3,374.9,-58.649,20.25,3.0,3.0,0.18738463117342496,0.0,0.0,0.0,0.21150384223090485,1,0,0,0,0.012355030626819228,1.6025588351726558e-07,70157036.5071445
190,190,910.0,1820.0,1,0,0,1,1,0,0.005,3,374.9,-58.466,20.284,3.0,3.0,0.18613167382259221,0.0,0.0,0.0,0.21068282421460466,1,0,0,0,0.01227241805423685,1.591843239874911e-07,70157036.5071445
191,191,910.0,1820.0,1,0,0,1,1,0,0.005,3,374.9,-42.499,20.296,3.0,3.0,15.967004509299795,0.0,0.0,0.0,0.18294623654648437,1,0,0,0,1.0527695280857008,1.3655369699950579e-05,70157036.5071445
192,192,910.0,1820.0,1,0,0,1,1,0,0.005,3,374.9,-41.392,20.317,3.0,3.0,1.1071991690748322,0.0,0.0,0.0,0.018216364673907498,1,0,0,0,0.073002143015923,9.469035958741612e-07,70157036.5071445
193,193,910.0,1820.0,1,0,0,1,1,0,0.005,3,374.9,-40.286,20.378,3.0,3.0,1.1076809107319687,0.0,0.0,0.0,0.03612996970023235,1,0,0,0,0.07303390620210783,9.473155930289334e-07,70157036.5071445
194,194,910.0,1820.0,1,0,0,1,1,0,0.005,3,374.9,-39.183,20.478,3.0,3.0,1.1075238146423776,0.0,0.0,0.0,0.03531676461112921,1,0,0,0,0.07302354821817873,9.471812406411367e-07,70157036.5071445
195,195,910.0,1820.0,1,0,0,1,1,0,0.005,3,374.9,-38.084,20.618,3.0,3.0,1.1078813113325776,0.0,0.0,0.0,0.0362914384776472,1,0,0,0,0.0730471194285216,9.474869804853479e-07,70157036.5071445
196,196,910.0,1820.0,1,0,0,1,1,0,0.005,3,374.9,-36.991,20.798,3.0,3.0,1.1077224381585884,0.0,0.0,0.0,0.036513236523182495,1,0,0,0,0.07303664427419264,9.473511082918525e-07,70157036.5071445
197,197,910.0,1820.0,1,0,0,1,1,0,0.005,3,374.9,-35.784,21.043,3.0,3.0,1.2316143877042043,0.0,0.0,0.0,0.03704247012246593,1,0,0,0,0.08120534424423324,1.0533065098142637e-06,70157036.5071445
198,198,910.0,1820.0,1,0,0,1,1,0,0.005,3,374.9,-34.705,21.293,3.0,3.0,1.1075834054372615,0.0,0.0,0.0,0.027416799338355557,1,0,0,0,0.07302747728157769,9.47232204134908e-07,70157036.5071445
199,199,910.0,1820.0,1,0,0,1,1,0,0.005,3,374.9,-33.636,21.582,3.0,3.0,1.1073761781797509,0.0,0.0,0.0,0.03635581328186116,1,0,0,0,0.07301381394591763,9.470549783558605e-07,70157036.5071445
200,200,910.0,1820.0,1,0,0,1,1,0,0.005,3,374.9,-32.578,21.91,3.0,3.0,1.1076768481827177,0.0,0.0,0.0,0.03658850951996361,1,0,0,0,0.07303363834171765,9.47312118638235e-07,70157036.5071445
201,201,910.0,1820.0,1,0,0,1,1,0,0.005,3,374.9,-31.532,22.276,3.0,3.0,1.108184100228841,0.0,0.0,0.0,0.03596673158685907,1,0,0,0,0.07306708353157194,9.477459328966851e-07,70157036.5071445
202,202,910.0,1820.0,1,0,0,1,1,0,0.005,3,374.9,-30.501,22.679,3.0,3.0,1.106964317401422,0.0,0.0,0.0,0.036032309602562214,1,0,0,0,0.07298665829020365,9.467027450243227e-07,70157036.5071445
203,203,910.0,1820.0,1,0,0,1,1,0,0.005,3,374.9,-29.574,23.076,3.0,3.0,1.0084334385570526,0.0,0.0,0.0,0.03200941225562782,1,0,0,0,0.06649011682793753,8.624367465587214e-07,70157036.5071445
204,204,910.0,1820.0,1,0,0,1,1,0,0.005,3,374.9,-28.567,23.538,3.0,3.0,1.1079228312477374,0.0,0.0,0.0,0.02550697783071581,1,0,0,0,0.07304985700534532,9.475224893242842e-07,70157036.5071445
205,205,910.0,1820.0,1,0,0,1,1,0,0.005,3,374.9,-27.578,24.036,3.0,3.0,1.10730528762397,0.0,0.0,0.0,0.036336394562905175,1,0,0,0,0.07300913984333868,9.469943510323786e-07,70157036.5071445
206,206,910.0,1820.0,1,0,0,1,1,0,0.005,3,374.9,-26.607,24.57,3.0,3.0,1.1081502605693863,0.0,0.0,0.0,0.0363289338423428,1,0,0,0,0.07306485234523426,9.477169923987911e-07,70157036.5071445
207,207,910.0,1820.0,1,0,0,1,1,0,0.005,3,374.9,-25.656,25.138,3.0,3.0,1.1077116050669518,0.0,0.0,0.0,0.03560313166437601,1,0,0,0,0.0730359300044144,9.47341843569017e-07,70157036.5071445
208,208,910.0,1820.0,1,0,0,1,1,0,0.005,3,374.9,-24.727,25.74,3.0,3.0,1.1069981933137891,0.0,0.0,0.0,0.03656721728581842,1,0,0,0,0.07298889186684324,9.46731716526587e-07,70157036.5071445
209,209,910.0,1820.0,1,0,0,1,1,0,0.005,3,374.9,-23.89,26.322,3.0,3.0,1.019457208518337,0.0,0.0,0.0,0.03261790933829357,1,0,0,0,0.06721695880340685,8.718645421243127e-07,70157036.5071445
210,210,910.0,1820.0,1,0,0,1,1,0,0.005,3,374.9,-22.996,26.977,3.0,3.0,1.108269371587975,0.0,0.0,0.0,0.024720325571910874,1,0,0,0,0.07307270581898737,9.478188590321486e-07,70157036.5071445
211,211,910.0,1820.0,1,0,0,1,1,0,0.005,3,374.9,-22.127,27.664,3.0,3.0,1.1077589990607168,0.0,0.0,0.0,0.03664840005921691,1,0,0,0,0.07303905488312418,9.473823760625129e-07,70157036.5071445
212,212,910.0,1820.0,1,0,0,1,1,0,0.005,3,374.9,-21.284,28.381,3.0,3.0,1.1066788151943625,0.0,0.0,0.0,0.035843225788778056,1,0,0,0,0.07296783396885906,9.464585766090587e-07,70157036.5071445
213,213,910.0,1820.0,1,0,0,1,1,0,0.005,3,374.9,-20.467,29.129,3.0,3.0,1.107697160779968,0.0,0.0,0.0,0.03653335589357998,1,0,0,0,0.07303497763384405,9.47329490464294e-07,70157036.5071445
214,214,910.0,1820.0,1,0,0,1,1,0,0.005,3,374.9,-19.677,29.906,3.0,3.0,1.1080744559820854,0.0,0.0,0.0,0.03576500504373669,1,0,0,0,0.07305985424057707,9.47652162476313e-07,70157036.5071445
215,215,910.0,1820.0,1,0,0,1,1,0,0.005,3,374.9,-18.955,30.665,3.0,3.0,1.0475519080217468,0.0,0.0,0.0,0.033273840560836015,1,0,0,0,0.06906935657286242,8.958918108649602e-07,70157036.5071445
216,216,910.0,1820.0,1,0,0,1,1,0,0.005,3,374.9,-18.213,31.487,3.0,3.0,1.1073608264698525,0.0,0.0,0.0,0.026128430731984804,1,0,0,0,0.073012801745265,9.470418492010421e-07,70157036.5071445
217,217,910.0,1820.0,1,0,0,1,1,0,0.005,3,374.9,-17.5,32.335,3.0,3.0,1.1079138053115891,0.0,0.0,0.0,0.035162020524095866,1,0,0,0,0.0730492618886762,9.475147701246734e-07,70157036.5071445
218,218,910.0,1820.0,1,0,0,1,1,0,0.005,3,374.9,-16.819,33.208,3.0,3.0,1.1071991690748313,0.0,0.0,0.0,0.03666076507429289,1,0,0,0,0.07300214301592295,9.469035958741603e-07,70157036.5071445
219,219,910.0,1820.0,1,0,0,1,1,0,0.005,3,374.9,-16.17,34.106,3.0,3.0,1.1079733751313712,0.0,0.0,0.0,0.03665879313701958,1,0,0,0,0.0730531895691014,9.475657156800285e-07,70157036.5071445
220,220,910.0,1820.0,1,0,0,1,1,0,0.005,3,374.9,-15.553,35.026,3.0,3.0,1.1077404930758847,0.0,0.0,0.0,0.03505350247987461,1,0,0,0,0.0730378347083001,9.473665492952318e-07,70157036.5071445
221,221,910.0,1820.0,1,0,0,1,1,0,0.005,3,374.9,-14.999,35.916,3.0,3.0,1.0483396396206663,0.0,0.0,0.0,0.03397743065010641,1,0,0,0,0.06912129492004393,8.965654980428723e-07,70157036.5071445
222,222,910.0,1820.0,1,0,0,1,1,0,0.005,3,374.9,-14.438,36.871,3.0,3.0,1.1075856626013223,0.0,0.0,0.0,0.025650331655623207,1,0,0,0,0.07302762610558168,9.472341345163834e-07,70157036.5071445
223,223,910.0,1820.0,1,0,0,1,1,0,0.005,3,374.9,-13.912,37.845,3.0,3.0,1.1069561870281919,0.0,0.0,0.0,0.0359639065152882,1,0,0,0,0.07298612222163903,9.466957917318507e-07,70157036.5071445
224,224,910.0,1820.0,1,0,0,1,1,0,0.005,3,374.9,-13.421,38.838,3.0,3.0,1.1077589990607188,0.0,0.0,0.0,0.03595827664037092,1,0,0,0,0.07303905488312433,9.473823760625145e-07,70157036.5071445
225,225,910.0,1820.0,1,0,0,1,1,0,0.005,3,374.9,-12.966,39.848,3.0,3.0,1.107756742249848,0.0,0.0,0.0,0.0359412488831199,1,0,0,0,0.07303890608240757,9.473804459830956e-07,70157036.5071445
226,226,910.0,1820.0,1,0,0,1,1,0,0.005,3,374.9,-12.549,40.874,3.0,3.0,1.1075039503315582,0.0,0.0,0.0,0.03722601359641722,1,0,0,0,0.07302223848339945,9.471642522005113e-07,70157036.5071445
227,227,910.0,1820.0,1,0,0,1,1,0,0.005,3,374.9,-12.196,41.828,3.0,3.0,1.017214333363427,0.0,0.0,0.0,0.03164116090859578,1,0,0,0,0.06706907692506112,8.699463808678732e-07,70157036.5071445
228,228,910.0,1820.0,1,0,0,1,1,0,0.005,3,374.9,-11.838,42.876,3.0,3.0,1.1074601572968614,0.0,0.0,0.0,0.02522361198656154,1,0,0,0,0.07301935103056229,9.47126799334589e-07,70157036.5071445
229,229,910.0,1820.0,1,0,0,1,1,0,0.005,3,374.9,-11.518,43.937,3.0,3.0,1.108206208248266,0.0,0.0,0.0,0.0362486363245813,1,0,0,0,0.07306854120318237,9.477648402113543e-07,70157036.5071445
230,230,910.0,1820.0,1,0,0,1,1,0,0.005,3,374.9,-11.323,44.664,3.0,3.0,0.752697814531174,0.0,0.0,0.0,0.030868863245435536,1,0,0,0,0.04962842733172576,6.437254353990757e-07,70157036.5071445
231,231,910.0,1820.0,1,0,0,1,1,0,0.005,3,374.9,-11.258,44.839,3.0,3.0,0.18668154702594247,0.0,0.0,0.0,0.09357863692605174,1,0,0,0,0.01230867343028192,1.5965458889381532e-07,70157036.5071445
232,232,910.0,1820.0,1,0,0,1,1,0,0.005,3,374.9,-11.157,44.996,3.0,3.0,0.18668154702594722,0.0,0.0,0.0,0.21602344940006601,1,0,0,0,0.012308673430282234,1.596545888938194e-07,70157036.5071445
233,233,910.0,1820.0,1,0,0,1,1,0,0.005,3,374.9,-11.025,45.129,3.0,3.0,0.18738463117342025,0.0,0.0,0.0,0.20996526270268992,1,0,0,0,0.012355030626818917,1.6025588351726153e-07,70157036.5071445
234,234,910.0,1820.0,1,0,0,1,1,0,0.005,3,374.9,-10.868,45.23,3.0,3.0,0.18668154702594422,0.0,0.0,0.0,0.21751239669052003,1,0,0,0,0.012308673430282037,1.5965458889381682e-07,70157036.5071445
235,235,910.0,1820.0,1,0,0,1,1,0,0.005,3,374.9,-10.693,45.295,3.0,3.0,0.18668154702594705,0.0,0.0,0.0,0.2160234494000655,1,0,0,0,0.012308673430282224,1.5965458889381923e-07,70157036.5071445
236,236,910.0,1820.0,1,0,0,1,1,0,0.005,3,374.9,-10.508,45.322,3.0,3.0,0.18695988874622343,0.0,0.0,0.0,0.2107131203218525,1,0,0,0,0.012327025631619127,1.5989263348703524e-07,70157036.5071445
237,237,910.0,1820.0,1,0,0,1,1,0,0.005,3,374.9,-10.322,45.309,3.0,3.0,0.18645374761586347,0.0,0.0,0.0,0.21470176224340537,1,0,0,1,0.012293653688958031,1.5945976931070268e-07,70157036.5071445
238,238,910.0,1820.0,1,0,0,1,1,0,0.005,3,374.9,-10.178,45.271,3.0,3.0,0.1489295135290493,0.0,0.0,0.0,0.1882282435994629,1,0,0,0,0.0098195283645527,1.273681337841711e-07,70157036.5071445
239,239,910.0,1820.0,1,0,0,1,1,0,0.005,3,374.9,11.342,37.483,3.0,3.0,22.885876518062403,0.0,0.0,0.0,0.08922571490982875,1,0,0,0,1.5089588913008176,1.95725569301079e-05,70157036.5071445
240,240,910.0,1820.0,1,0,0,1,1,0,0.005,3,374.9,32.849,29.657,3.0,3.0,22.88661890712562,0.0,0.0,0.0,0.0017545608558652578,1,0,0,0,1.5090078400302604,1.9573191839249033e-05,70157036.5071445
241,241,910.0,1820.0,1,0,0,1,1,0,0.005,3,374.9,54.342,21.794,3.0,3.0,22.886149042597797,0.0,0.0,0.0,0.0017284205059902198,1,0,0,0,1.508976859951503,1.957278999970345e-05,70157036.5071445
242,242,910.0,1820.0,1,0,0,1,1,0,0.005,3,374.9,68.679,16.525,3.0,3.0,15.274551711916136,0.0,0.0,0.0,0.001472603028813966,1,0,0,0,1.0071132996867782,1.306316726507737e-05,70157036.5071445
243,243,910.0,1820.0,1,0,0,1,1,0,0.005,3,374.9,68.847,16.442,3.0,3.0,0.1873846311734159,0.0,0.0,0.0,0.10668583439770185,1,0,0,0,0.01235503062681863,1.6025588351725782e-07,70157036.5071445
244,244,910.0,1820.0,1,0,0,1,1,0,0.005,3,374.9,68.993,16.326,3.0,3.0,0.18647251808242457,0.0,0.0,0.0,0.21251649544196197,1,0,0,0,0.012294891302137885,1.5947582226917607e-07,70157036.5071445
245,245,910.0,1820.0,1,0,0,1,1,0,0.005,3,374.9,69.11,16.181,3.0,3.0,0.18631693428135004,0.0,0.0,0.0,0.22047342327001473,1,0,0,0,0.012284633029539565,1.5934276322721496e-07,70157036.5071445
246,246,910.0,1820.0,1,0,0,1,1,0,0.005,3,374.9,69.195,16.014,3.0,3.0,0.18738729946290242,0.0,0.0,0.0,0.20812464133064384,1,0,0,0,0.012355206557993565,1.6025816550317343e-07,70157036.5071445
247,247,910.0,1820.0,1,0,0,1,1,0,0.005,3,374.9,69.242,15.834,3.0,3.0,0.18603494295427664,0.0,0.0,0.0,0.21539885855592844,1,0,0,0,0.012266040194787471,1.5910159740170748e-07,70157036.5071445
248,248,910.0,1820.0,1,0,0,1,1,0,0.005,3,374.9,69.252,15.598,3.0,3.0,0.2362117693934815,0.0,0.0,0.0,0.21306098361367207,1,0,0,0,0.015574402377592186,2.0201403692651132e-07,70157036.5071445
249,249,910.0,1820.0,1,0,0,1,1,0,0.005,3,374.9,69.232,15.413,3.0,3.0,0.186077940659284,0.0,0.0,0.0,0.1500374198533373,1,0,1,0,0.01226887520830444,1.5913837008238052e-07,70157036.5071445
250,250,910.0,1820.0,1,0,0,1,1,0,0.005,3,374.9,69.173,15.235,3.0,3.0,0.18752333188166212,0.0,0.0,0.0,0.21237434452152373,1,0,0,0,0.012364175728461239,1.6037450372855946e-07,70157036.5071445
251,251,910.0,1820.0,1,0,0,1,1,0,0.005,3,374.9,69.078,15.075,3.0,3.0,0.1860779406592835,0.0,0.0,0.0,0.21574702260613443,1,0,0,0,0.012268875208304407,1.5913837008238004e-07,70157036.5071445
252,252,910.0,1820.0,1,0,0,1,1,0,0.005,3,374.9,68.951,14.938,3.0,3.0,0.18681006396873287,0.0,0.0,0.0,0.21172623817239342,1,0,0,0,0.012317147074861508,1.5976449970178735e-07,70157036.5071445
253,253,910.0,1820.0,1,0,0,1,1,0,0.005,3,374.9,68.797,14.831,3.0,3.0,0.18752333188165976,0.0,0.0,0.0,0.2160278480147543,1,0,0,0,0.012364175728461083,1.6037450372855742e-07,70157036.5071445
254,254,910.0,1820.0,1,0,0,1,1,0,0.005,3,374.9,68.625,14.759,3.0,3.0,0.18646179233290358,0.0,0.0,0.0,0.21078971942884708,1,0,0,0,0.012294184109861774,1.5946664934792257e-07,70157036.5071445
255,255,910.0,1820.0,1,0,0,1,1,0,0.005,3,374.9,68.441,14.726,3.0,3.0,0.1869358178627067,0.0,0.0,0.0,0.21898012335954417,1,0,0,0,0.012325438540398243,1.5987204748336534e-07,70157036.5071445
256,256,910.0,1820.0,1,0,0,1,1,0,0.005,3,374.9,-25.169,14.723,3.0,3.0,93.61000004807178,0.0,0.0,0.0,0.1774291120007756,1,0,0,0,6.17208791525748,8.005754351257889e-05,70157036.5071445
257,257,910.0,1820.0,1,0,0,1,1,0,0.005,3,374.9,-32.177,14.723,3.0,3.0,7.007999999999999,0.0,0.0,0.0,3.2047852933979575e-05,1,0,0,0,0.462065934065934,5.993411650977875e-06,70157036.5071445
258,258,20000.0,1820.0,0,0,0,1,1,0,0.005,3,383.65,-32.177,14.723,3.0,3.0,8.75,0.0,0.0,0.0,1.5707963267948966,1,0,0,0,0.02625,7.483212321069693e-06,70157036.5071445
259,259,20000.0,1820.0,0,0,0,1,1,0,0.005,3,424.9,-32.177,14.723,3.0,3.0,41.25,0.0,0.0,0.0,0.0,1,0,0,0,0.12375,3.52780009421857e-05,70157036.5071445
260,260,20000.0,1820.0,0,0,0,1,1,0,0.005,3,424.902,96.85,153.74,3.0,3.0,189.66732196664768,0.0,0.044547046631100026,0.0,1.570785782015863,1,0,0,0,0.569001965899943,0.00016220809607372688,70157036.5071445
261,261,20000.0,1820.0,0,0,0,1,1,0,0.005,3,362.067,96.85,153.74,3.0,3.0,62.83499999999998,0.0,0.0,0.0,1.5708068715739303,1,1,0,0,0.18850499999999995,5.373801670793303e-05,70157036.5071445
262,262,910.0,1820.0,1,0,0,1,1,0,0.005,3,357.072,96.669,153.609,3.0,3.0,4.999994699997196,0.0,0.0,0.0,0.04470139632062868,1,0,0,0,0.32966998021959537,4.276116793634535e-06,70157036.5071445
263,263,700.0,1820.0,1,0,0,1,1,0,0.005,3,352.077,96.489,153.479,3.0,3.0,4.999932499544373,0.0,0.0,0.0,0.0002825710664116473,1,0,0,0,0.4285656428180891,4.27606359829797e-06,70157036.5071445
264,264,910.0,1820.0,1,0,0,1,1,0,0.005,3,352.372,89.788,151.434,3.0,3.0,7.012307109646595,0.0,0.0,0.0,1.5708389666895881,1,1,0,0,0.4623499193173579,5.9970951956608e-06,70157036.5071445
265,265,910.0,1820.0,1,0,0,1,1,0,0.005,3,353.015,75.199,146.984,3.0,3.0,15.266134743280626,0.0,0.0,0.0,0.00014955142353051675,1,0,0,0,1.0065583347217995,1.3055968869260307e-05,70157036.5071445
266,266,910.0,1820.0,1,0,0,1,1,0,0.005,3,353.157,78.041,137.62,3.0,3.0,9.786808672902525,0.0,0.0,0.0,1.5687939526041144,1,0,1,0,0.6452840883232435,8.369916256573247e-06,70157036.5071445
267,267,910.0,1820.0,1,0,0,1,1,0,0.005,3,353.302,80.845,128.245,3.0,3.0,9.786422533285593,0.0,0.0,0.0,0.004053680910399742,1,0,0,0,0.6452586285682809,8.369586020603067e-06,70157036.5071445
268,268,910.0,1820.0,1,0,0,1,1,0,0.005,3,353.482,84.242,116.692,3.0,3.0,12.043413884775376,0.0,0.0,0.0,0.004649611482622981,1,0,0,0,0.7940712451500247,1.0299819790890619e-05,70157036.5071445
269,269,910.0,1820.0,1,0,0,1,1,0,0.005,3,353.486,84.275,116.508,3.0,3.0,0.18697860840213476,0.0,0.0,0.0,0.10868861302095305,1,0,0,0,0.012328259894646247,1.59908642991008e-07,70157036.5071445
270,270,910.0,1820.0,1,0,0,1,1,0,0.005,3,354.085,84.327,93.558,3.0,3.0,22.957874574968812,0.0,0.0,0.0,0.17520873997706168,1,0,0,0,1.5137060159320095,1.96341314154262e-05,70157036.5071445
271,271,910.0,1820.0,1,0,0,1,1,0,0.005,3,354.542,84.338,76.123,3.0,3.0,17.440991800926923,0.0,0.0,0.0,0.001638110661557356,1,0,0,0,1.149955503357819,1.4915959398442498e-05,70157036.5071445
272,272,910.0,1820.0,1,0,0,1,1,0,0.005,3,354.547,84.319,75.938,3.0,3.0,0.18604031821086803,0.0,0.0,0.0,0.10294068678630759,1,0,1,0,0.01226639460730998,1.5910619445157646e-07,70157036.5071445
273,273,910.0,1820.0,1,0,0,1,1,0,0.005,3,354.554,84.26,75.761,3.0,3.0,0.18670565069113831,0.0,0.0,0.0,0.2195486175919441,1,0,0,0,0.012310262682932198,1.5967520293317262e-07,70157036.5071445
274,274,910.0,1820.0,1,0,0,1,1,0,0.005,3,354.562,84.164,75.6,3.0,3.0,0.18761929538296895,0.0,0.0,0.0,0.21581141139407403,1,0,0,0,0.012370502992283667,1.6045657404345685e-07,70157036.5071445
275,275,910.0,1820.0,1,0,0,1,1,0,0.005,3,354.57,84.037,75.463,3.0,3.0,0.18698128248570403,0.0,0.0,0.0,0.2096705357846624,1,0,0,0,0.012328436207848617,1.599109299321638e-07,70157036.5071445
276,276,910.0,1820.0,1,0,0,1,1,0,0.005,3,354.578,83.884,75.357,3.0,3.0,0.1863035158015015,0.0,0.0,0.0,0.21717388953983585,1,0,0,0,0.012283748294604494,1.5933128741764552e-07,70157036.5071445
277,277,910.0,1820.0,1,0,0,1,1,0,0.005,3,354.586,83.712,75.285,3.0,3.0,0.18663333035661125,0.0,0.0,0.0,0.20924963231603858,1,0,0,0,0.012305494309227116,1.5961335282821298e-07,70157036.5071445
278,278,910.0,1820.0,1,0,0,1,1,0,0.005,3,354.594,83.528,75.252,3.0,3.0,0.18710692130436776,0.0,0.0,0.0,0.21877858602336953,1,0,0,0,0.01233672008600227,1.6001837929854425e-07,70157036.5071445
279,279,910.0,1820.0,1,0,0,1,1,0,0.005,3,354.6,83.342,75.258,3.0,3.0,0.18619344779020278,0.0,0.0,0.0,0.2098239471149332,1,0,0,1,0.012276491063090292,1.5923715458355338e-07,70157036.5071445
280,280,910.0,1820.0,1,0,0,1,1,0,0.005,3,354.606,83.163,75.303,3.0,3.0,0.18466726835040514,0.0,0.0,0.0,0.2139334914908333,1,0,0,0,0.012175863847279459,1.5793192889348973e-07,70157036.5071445
281,281,910.0,1820.0,1,0,0,1,1,0,0.005,3,355.175,61.645,83.194,3.0,3.0,22.926316014571547,0.0,0.0,0.0,0.10543202441352323,1,0,0,0,1.511625231729992,1.9607141768797626e-05,70157036.5071445
282,282,910.0,1820.0,1,0,0,1,1,0,0.005,3,355.746,40.113,91.046,3.0,3.0,22.92611979816908,0.0,0.0,0.0,0.0018094776388583634,1,0,0,0,1.5116122943847745,1.960697395976899e-05,70157036.5071445
283,283,910.0,1820.0,1,0,0,1,1,0,0.005,3,356.318,18.567,98.861,3.0,3.0,22.92665533827383,0.0,0.0,0.0,0.0017259194783682155,1,0,0,0,1.5116476047213512,1.9607431966661595e-05,70157036.5071445
284,284,910.0,1820.0,1,0,0,1,1,0,0.005,3,356.892,-2.992,106.639,3.0,3.0,22.926343821028244,0.0,0.0,0.0,0.001712737560996393,1,0,0,0,1.5116270651227415,1.9607165549554124e-05,70157036.5071445
285,285,910.0,1820.0,1,0,0,1,1,0,0.005,3,357.22,-15.305,111.061,3.0,3.0,13.087079009465791,0.0,0.0,0.0,0.001455891096125027,1,0,0,0,0.8628843302944478,1.1192387530336796e-05,70157036.5071445
286,286,910.0,1820.0,1,0,0,1,1,0,0.005,3,357.24,-16.048,111.307,3.0,3.0,0.7829208133649244,0.0,0.0,0.0,0.025053777307261653,1,0,0,0,0.05162115252955546,6.695728773707781e-07,70157036.5071445
287,287,910.0,1820.0,1,0,0,1,1,0,0.005,3,357.275,-17.256,111.64,3.0,3.0,1.253546169871697,0.0,0.0,0.0,0.05078602862259068,1,0,0,0,0.08265139581571627,1.0720631021044121e-06,70157036.5071445
288,288,910.0,1820.0,1,0,0,1,1,0,0.005,3,357.308,-18.349,111.897,3.0,3.0,1.1232929270675587,0.0,0.0,0.0,0.03805642757143859,1,0,0,0,0.07406326991654233,9.606673682288452e-07,70157036.5071445
289,289,910.0,1820.0,1,0,0,1,1,0,0.005,3,357.342,-19.451,112.116,3.0,3.0,1.1240644999287175,0.0,0.0,0.0,0.034759400054525345,1,0,0,0,0.07411414285244292,9.61327236062128e-07,70157036.5071445
290,290,910.0,1820.0,1,0,0,1,1,0,0.005,3,357.377,-20.559,112.295,3.0,3.0,1.1229113945454483,0.0,0.0,0.0,0.036000039896748215,1,0,0,0,0.07403811392607351,9.603410723579486e-07,70157036.5071445
291,291,910.0,1820.0,1,0,0,1,1,0,0.005,3,357.414,-21.673,112.434,3.0,3.0,1.1232479690611468,0.0,0.0,0.0,0.03605951560858691,1,0,0,0,0.07406030565238331,9.606289190508437e-07,70157036.5071445
292,292,910.0,1820.0,1,0,0,1,1,0,0.005,3,357.437,-22.376,112.502,3.0,3.0,0.7066555030564787,0.0,0.0,0.0,0.027693637019709408,1,0,0,0,0.0465926705311964,6.043489333970222e-07,70157036.5071445
293,293,910.0,1820.0,1,0,0,1,1,0,0.005,3,357.443,-22.56,112.537,3.0,3.0,0.1873953041033833,0.0,0.0,0.0,0.09149722701633835,1,0,0,0,0.01235573433648681,1.602650112659474e-07,70157036.5071445
294,294,910.0,1820.0,1,0,0,1,1,0,0.005,3,357.447,-22.731,112.611,3.0,3.0,0.18636791569366457,0.0,0.0,0.0,0.22061626577249613,1,0,0,0,0.012287994441340521,1.5938636376810384e-07,70157036.5071445
295,295,910.0,1820.0,1,0,0,1,1,0,0.005,3,357.45,-22.883,112.719,3.0,3.0,0.1864859244018083,0.0,0.0,0.0,0.20937211103569653,1,0,0,0,0.012295775235284065,1.5948728767882095e-07,70157036.5071445
296,296,910.0,1820.0,1,0,0,1,1,0,0.005,3,357.451,-23.009,112.857,3.0,3.0,0.18687161368169808,0.0,0.0,0.0,0.21332275473763898,1,0,0,0,0.012321205297694378,1.598171385098353e-07,70157036.5071445
297,297,910.0,1820.0,1,0,0,1,1,0,0.005,3,357.45,-23.103,113.019,3.0,3.0,0.18729922583930314,0.0,0.0,0.0,0.21447192598445486,1,1,0,0,0.012349399505888118,1.6018284280314153e-07,70157036.5071445
298,298,910.0,1820.0,1,0,0,1,1,0,0.005,3,357.447,-23.16,113.197,3.0,3.0,0.18692779354606093,0.0,0.0,0.0,0.2161139037439111,1,0,0,0,0.012324909464575446,1.5986518489305771e-07,70157036.5071445
299,299,910.0,1820.0,1,0,0,1,1,0,0.005,3,357.443,-23.178,113.383,3.0,3.0,0.18691174387929058,0.0,0.0,0.0,0.2134622987618807,1,0,0,0,0.01232385124478839,1.598514588285863e-07,70157036.5071445
300,300,910.0,1820.0,1,0,0,1,1,0,0.005,3,357.438,-23.156,113.568,3.0,3.0,0.18637059853957888,0.0,0.0,0.0,0.21484246639728954,1,0,1,0,0.012288171332279926,1.593886582030297e-07,70157036.5071445
301,301,910.0,1820.0,1,0,0,1,1,0,0.005,3,357.15,-20.723,121.177,3.0,3.0,7.993704648033985,0.0,0.0,0.0,0.19124201417656184,1,0,0,0,0.527057449320922,6.836410184361141e-06,70157036.5071445
302,302,910.0,1820.0,1,0,0,1,1,0,0.005,3,356.865,-18.271,128.703,3.0,3.0,7.920492724572122,0.0,0.0,0.0,0.005476643951695497,1,0,0,0,0.5222302895322278,6.773797570909825e-06,70157036.5071445
303,303,910.0,1820.0,1,0,0,1,1,0,0.005,3,356.578,-15.781,136.216,3.0,3.0,7.920078156180032,0.0,0.0,0.0,0.005076817616431335,1,0,0,0,0.5222029553525296,6.773443021961297e-06,70157036.5071445
304,304,910.0,1820.0,1,0,0,1,1,0,0.005,3,356.402,-14.24,140.804,3.0,3.0,4.843077637205493,0.0,0.0,0.0,0.004003538146192212,1,0,0,0,0.3193238002553072,4.141917513900942e-06,70157036.5071445
305,305,910.0,1820.0,1,0,0,1,1,0,0.005,3,356.395,-14.162,140.974,3.0,3.0,0.18717104476920496,0.0,0.0,0.0,0.1060629723739053,1,0,0,0,0.012340948006760766,1.600732192416459e-07,70157036.5071445
306,306,910.0,1820.0,1,0,0,1,1,0,0.005,3,356.387,-14.049,141.123,3.0,3.0,0.1871737161035178,0.0,0.0,0.0,0.2185701545717606,1,0,0,0,0.012341124138693482,1.6007550383157087e-07,70157036.5071445
307,307,910.0,1820.0,1,0,0,1,1,0,0.005,3,356.379,-13.908,141.244,3.0,3.0,0.18597311633674896,0.0,0.0,0.0,0.21254141000906276,1,0,0,0,0.01226196371451092,1.5904872177815856e-07,70157036.5071445
308,308,910.0,1820.0,1,0,0,1,1,0,0.005,3,356.371,-13.744,141.333,3.0,3.0,0.18676455766552783,0.0,0.0,0.0,0.21180583217569643,1,0,0,0,0.01231414665926557,1.5972558160706388e-07,70157036.5071445
309,309,910.0,1820.0,1,0,0,1,1,0,0.005,3,356.363,-13.564,141.385,3.0,3.0,0.18753133071569356,0.0,0.0,0.0,0.2157778257415706,1,0,0,0,0.012364703124111663,1.6038134452551696e-07,70157036.5071445
310,310,910.0,1820.0,1,0,0,1,1,0,0.005,3,356.356,-13.378,141.398,3.0,3.0,0.1865851012272957,0.0,0.0,0.0,0.2113450470047535,1,0,0,0,0.012302314366634882,1.5957210610652973e-07,70157036.5071445
311,311,910.0,1820.0,1,0,0,1,1,0,0.005,3,356.327,-12.556,141.348,3.0,3.0,0.8240297324732887,0.0,0.0,0.0,0.13046567453902058,1,0,0,1,0.05433163071252453,7.047302225110717e-07,70157036.5071445
312,312,910.0,1820.0,1,0,0,1,1,0,0.005,3,356.299,-11.774,141.341,3.0,3.0,0.7825324274431068,0.0,0.0,0.0,0.051771941477608455,1,0,0,0,0.051595544666578466,6.692407203061523e-07,70157036.5071445
313,313,910.0,1820.0,1,0,0,1,1,0,0.005,3,356.27,-10.993,141.374,3.0,3.0,0.7822346195355949,0.0,0.0,0.0,0.051161929262271685,1,0,0,1,0.051575908980368894,6.689860277572603e-07,70157036.5071445
314,314,910.0,1820.0,1,0,0,1,1,0,0.005,3,356.24,-10.214,141.447,3.0,3.0,0.7829878670835196,0.0,0.0,0.0,0.05118728827656536,1,0,0,0,0.05162557365385844,6.696302233379969e-07,70157036.5071445
315,315,910.0,1820.0,1,0,0,1,1,0,0.005,3,356.209,-9.439,141.559,3.0,3.0,0.7836644690171933,0.0,0.0,0.0,0.0500629322318837,1,0,0,0,0.0516701847703644,6.702088697296e-07,70157036.5071445
316,316,910.0,1820.0,1,0,0,1,1,0,0.005,3,356.178,-8.672,141.711,3.0,3.0,0.7825305105872896,0.0,0.0,0.0,0.0520765437035369,1,0,0,0,0.05159541828048063,6.692390809645444e-07,70157036.5071445
317,317,910.0,1820.0,1,0,0,1,1,0,0.005,3,356.145,-7.914,141.902,3.0,3.0,0.7823899283605282,0.0,0.0,0.0,0.05122185601201032,1,0,0,0,0.05158614912267219,6.691188516329531e-07,70157036.5071445
318,318,910.0,1820.0,1,0,0,1,1,0,0.005,3,356.112,-7.166,142.132,3.0,3.0,0.7832579396341952,0.0,0.0,0.0,0.05142500948535576,1,0,0,0,0.051643380635221656,6.698611959367168e-07,70157036.5071445
319,319,910.0,1820.0,1,0,0,1,1,0,0.005,3,356.091,-6.701,142.296,3.0,3.0,0.4935200097260466,0.0,0.0,0.0,0.04072219608609345,1,0,0,0,0.032539780861058014,4.220702877115871e-07,70157036.5071445
320,320,910.0,1820.0,1,0,0,1,1,0,0.005,3,356.072,-6.27,142.435,3.0,3.0,0.45325820455895005,0.0,0.0,0.0,0.027076518145508086,1,0,0,0,0.02988515634454616,3.8763741496930997e-07,70157036.5071445
321,321,910.0,1820.0,1,0,0,1,1,0,0.005,3,356.054,-5.827,142.535,3.0,3.0,0.45450302529246117,0.0,0.0,0.0,0.0899167329198091,1,0,0,0,0.02996723243686557,3.887020158665138e-07,70157036.5071445
322,322,910.0,1820.0,1,0,0,1,1,0,0.005,3,356.036,-5.378,142.596,3.0,3.0,0.45348208343880547,0.0,0.0,0.0,0.08691347935331667,1,0,0,0,0.029899917589371793,3.8782888161984274e-07,70157036.5071445
323,323,910.0,1820.0,1,0,0,1,1,0,0.005,3,356.019,-4.925,142.617,3.0,3.0,0.45380502421194013,0.0,0.0,0.0,0.08866833757850467,1,0,0,0,0.02992121038760045,3.8810506840527096e-07,70157036.5071445
324,324,910.0,1820.0,1,0,0,1,1,0,0.005,3,356.003,-4.472,142.599,3.0,3.0,0.4536397248919015,0.0,0.0,0.0,0.08600963646896966,1,0,0,1,0.02991031153133417,3.879637004157421e-07,70157036.5071445
325,325,910.0,1820.0,1,0,0,1,1,0,0.005,3,355.988,-4.022,142.54,3.0,3.0,0.45409910812508697,0.0,0.0,0.0,0.0906280167488178,1,0,0,0,0.029940600535720018,3.883565761038182e-07,70157036.5071445
326,326,910.0,1820.0,1,0,0,1,1,0,0.005,3,355.975,-3.579,142.442,3.0,3.0,0.4538964639650726,0.0,0.0,0.0,0.08741405274988177,1,0,0,0,0.02992723938231248,3.881832699009597e-07,70157036.5071445
327,327,910.0,1820.0,1,0,0,1,1,0,0.005,3,355.963,-3.146,142.306,3.0,3.0,0.4540143169548721,0.0,0.0,0.0,0.08661335776877742,1,0,0,0,0.029935009909112447,3.8828406063757027e-07,70157036.5071445
328,328,910.0,1820.0,1,0,0,1,1,0,0.005,3,355.941,-2.347,142.025,3.0,3.0,0.8472579300307583,0.0,0.0,0.0,0.033840108472332514,1,0,0,0,0.05586316022180824,7.245955407005914e-07,70157036.5071445
329,329,910.0,1820.0,1,0,0,1,1,0,0.005,3,355.399,16.791,136.368,3.0,3.0,19.96392889688801,0.0,0.0,0.0,0.05076916343383404,1,0,0,0,1.3163030041904182,1.70736364226459e-05,70157036.5071445
330,330,910.0,1820.0,1,0,0,1,1,0,0.005,3,355.377,17.547,136.165,3.0,3.0,0.7830893946415065,0.0,0.0,0.0,0.02508370738175519,1,0,0,0,0.05163226777856087,6.697170521691805e-07,70157036.5071445
331,331,910.0,1820.0,1,0,0,1,1,0,0.005,3,355.354,18.312,136.002,3.0,3.0,0.7825107028022021,0.0,0.0,0.0,0.052392438985115565,1,0,0,0,0.051594112272672674,6.692221408660965e-07,70157036.5071445
332,332,910.0,1820.0,1,0,0,1,1,0,0.005,3,355.33,19.084,135.877,3.0,3.0,0.7824225201257935,0.0,0.0,0.0,0.049402908757885,1,0,0,0,0.0515882980302721,6.691467249014557e-07,70157036.5071445
333,333,910.0,1820.0,1,0,0,1,1,0,0.005,3,355.304,19.862,135.793,3.0,3.0,0.7829533830311988,0.0,0.0,0.0,0.05300503090306263,1,0,0,0,0.051623299980079036,6.696007317396874e-07,70157036.5071445
334,334,910.0,1820.0,1,0,0,1,1,0,0.005,3,355.287,20.346,135.756,3.0,3.0,0.4857097898951616,0.0,0.0,0.0,0.03128790983603667,1,0,0,0,0.0320248213117689,4.1539079819515946e-07,70157036.5071445
335,335,910.0,1820.0,1,0,0,1,1,0,0.005,3,355.26,21.128,135.719,3.0,3.0,0.783340283657109,0.0,0.0,0.0,0.029005948044064655,1,0,0,0,0.05164880991145773,6.699316185432121e-07,70157036.5071445
336,336,910.0,1820.0,1,0,0,1,1,0,0.005,3,355.232,21.91,135.721,3.0,3.0,0.7825036741127789,0.0,0.0,0.0,0.049823466731991846,1,0,0,1,0.05159364884260081,6.692161297603487e-07,70157036.5071445
337,337,910.0,1820.0,1,0,0,1,1,0,0.005,3,355.202,22.691,135.763,3.0,3.0,0.7827036476214992,0.0,0.0,0.0,0.05119619291895978,1,0,0,0,0.05160683390910984,6.693871519574166e-07,70157036.5071445
338,338,910.0,1820.0,1,0,0,1,1,0,0.005,3,355.173,23.451,135.843,3.0,3.0,0.764748978423639,0.0,0.0,0.0,0.0511159135665704,1,0,0,0,0.05042300956639378,6.540318831845984e-07,70157036.5071445
339,339,910.0,1820.0,1,0,0,1,1,0,0.005,3,355.159,23.796,135.888,3.0,3.0,0.3482039632169642,0.0,0.0,0.0,0.024911854534171256,1,0,0,0,0.022958503069250385,2.977924786046268e-07,70157036.5071445
340,340,910.0,1820.0,1,0,0,1,1,0,0.005,3,355.128,24.568,136.008,3.0,3.0,0.7818855414956875,0.0,0.0,0.0,0.024490656234501567,1,0,0,0,0.0515528928458695,6.686874877470603e-07,70157036.5071445
341,341,910.0,1820.0,1,0,0,1,1,0,0.005,3,355.096,25.334,136.168,3.0,3.0,0.7831858017099105,0.0,0.0,0.0,0.051682593443434455,1,0,0,0,0.05163862428856553,6.697995018334226e-07,70157036.5071445
342,342,910.0,1820.0,1,0,0,1,1,0,0.005,3,355.064,26.091,136.367,3.0,3.0,0.7833734741488217,0.0,0.0,0.0,0.051104236972156915,1,0,0,0,0.051650998295526704,6.69960003857101e-07,70157036.5071445
343,343,910.0,1820.0,1,0,0,1,1,0,0.005,3,355.031,26.828,136.602,3.0,3.0,0.7742628752562045,0.0,0.0,0.0,0.05159063522109755,1,0,0,0,0.05105029946744206,6.621683986130374e-07,70157036.5071445
344,344,910.0,1820.0,1,0,0,1,1,0,0.005,3,355.016,27.156,136.716,3.0,3.0,0.3475701368069475,0.0,0.0,0.0,0.025813398123224713,1,0,0,0,0.022916712316941593,2.972504148788147e-07,70157036.5071445
345,345,910.0,1820.0,1,0,0,1,1,0,0.005,3,354.983,27.888,136.991,3.0,3.0,0.7826480690578674,0.0,0.0,0.0,0.02486626119080122,1,0,0,0,0.05160316938843082,6.6933961982117e-07,70157036.5071445
346,346,910.0,1820.0,1,0,0,1,1,0,0.005,3,354.949,28.606,137.302,3.0,3.0,0.7831992083754848,0.0,0.0,0.0,0.04935264319997148,1,0,0,0,0.05163950824453746,6.698109675391381e-07,70157036.5071445
347,347,910.0,1820.0,1,0,0,1,1,0,0.005,3,354.914,29.306,137.65,3.0,3.0,0.7825145366061962,0.0,0.0,0.0,0.05257318563019137,1,0,0,0,0.05159436505095799,6.692254196283004e-07,70157036.5071445
348,348,910.0,1820.0,1,0,0,1,1,0,0.005,3,354.881,29.958,138.016,3.0,3.0,0.7484310255461001,0.0,0.0,0.0,0.050110464501125905,1,0,0,0,0.049347100585457146,6.400763739242745e-07,70157036.5071445
349,349,910.0,1820.0,1,0,0,1,1,0,0.005,3,354.866,30.257,138.194,3.0,3.0,0.3482958512529261,0.0,0.0,0.0,0.02545085054945154,1,0,0,0,0.02296456162107205,2.97871063482669e-07,70157036.5071445
350,350,910.0,1820.0,1,0,0,1,1,0,0.005,3,354.831,30.919,138.61,3.0,3.0,0.7826397638760872,0.0,0.0,0.0,0.02410381516423579,1,0,0,0,0.051602621794027734,6.693325170281842e-07,70157036.5071445
351,351,910.0,1820.0,1,0,0,1,1,0,0.005,3,354.796,31.559,139.06,3.0,3.0,0.7831506879266545,0.0,0.0,0.0,0.051728770746499966,1,0,0,0,0.051636309094065136,6.697694716739368e-07,70157036.5071445
352,352,910.0,1820.0,1,0,0,1,1,0,0.005,3,354.761,32.175,139.541,3.0,3.0,0.7823311319383804,0.0,0.0,0.0,0.05008058944594801,1,0,0,0,0.051582272435497616,6.690685675060216e-07,70157036.5071445
353,353,910.0,1820.0,1,0,0,1,1,0,0.005,3,354.728,32.739,140.03,3.0,3.0,0.7471987687356058,0.0,0.0,0.0,0.05129469463346199,1,0,0,0,0.04926585288366631,6.390225179989016e-07,70157036.5071445
354,354,910.0,1820.0,1,0,0,1,1,0,0.005,3,354.713,32.996,140.263,3.0,3.0,0.3472218311108967,0.0,0.0,0.0,0.022164408617498233,1,0,0,0,0.02289374710621297,2.96952535395822e-07,70157036.5071445
355,355,910.0,1820.0,1,0,0,1,1,0,0.005,3,354.678,33.561,140.804,3.0,3.0,0.7830268194640563,0.0,0.0,0.0,0.027259026136809857,1,0,0,0,0.05162814194268503,6.696635363590217e-07,70157036.5071445
356,356,910.0,1820.0,1,0,0,1,1,0,0.005,3,354.644,34.098,141.373,3.0,3.0,0.7831257881081335,0.0,0.0,0.0,0.05058856334558497,1,0,0,0,0.05163466734778902,6.697481767449369e-07,70157036.5071445
357,357,910.0,1820.0,1,0,0,1,1,0,0.005,3,354.606,34.668,142.046,3.0,3.0,0.8827644079821092,0.0,0.0,0.0,0.053701140540525924,1,0,0,0,0.05820424668013907,7.549615422186872e-07,70157036.5071445
358,358,910.0,1820.0,1,0,0,1,1,0,0.005,3,354.572,35.147,142.664,3.0,3.0,0.7826372084177908,0.0,0.0,0.0,0.0433236387835223,1,0,0,0,0.05160245330227192,6.693303315382402e-07,70157036.5071445
359,359,910.0,1820.0,1,0,0,1,1,0,0.005,3,354.539,35.593,143.306,3.0,3.0,0.782412295404435,0.0,0.0,0.0,0.05216534323665795,1,0,0,0,0.05158762387281989,6.691379804716445e-07,70157036.5071445
360,360,910.0,1820.0,1,0,0,1,1,0,0.005,3,354.529,35.732,143.52,3.0,3.0,0.2553761930955939,0.0,0.0,0.0,0.031236886880472315,1,0,0,0,0.016837990753555642,2.1840391710637957e-07,70157036.5071445
361,361,910.0,1820.0,1,0,0,1,1,0,0.005,3,354.497,36.142,144.186,3.0,3.0,0.7827387814590495,0.0,0.0,0.0,0.024266155974612378,1,0,0,0,0.0516091504258714,6.694171992678214e-07,70157036.5071445
362,362,910.0,1820.0,1,0,0,1,1,0,0.005,3,354.461,36.567,144.967,3.0,3.0,0.88987751966212,0.0,0.0,0.0,0.05342060552105136,1,0,0,0,0.058673243054645274,7.610448479289732e-07,70157036.5071445
363,363,910.0,1820.0,1,0,0,1,1,0,0.005,3,354.43,36.909,145.67,3.0,3.0,0.7823899283605099,0.0,0.0,0.0,0.0455519746970367,1,0,0,0,0.05158614912267099,6.691188516329374e-07,70157036.5071445
364,364,910.0,1820.0,1,0,0,1,1,0,0.005,3,354.4,37.216,146.39,3.0,3.0,0.7832936869399635,0.0,0.0,0.0,0.049711858058681085,1,0,0,0,0.051645737600437155,6.698917679000276e-07,70157036.5071445
365,365,910.0,1820.0,1,0,0,1,1,0,0.005,3,354.371,37.485,147.125,3.0,3.0,0.7832158067863665,0.0,0.0,0.0,0.052179952899758485,1,0,0,0,0.051640602645254934,6.698251629028889e-07,70157036.5071445
366,366,910.0,1820.0,1,0,0,1,1,0,0.005,3,354.347,37.683,147.757,3.0,3.0,0.6627246788825708,0.0,0.0,0.0,0.04721486181245939,1,0,0,0,0.043696132673576096,5.667782265704011e-07,70157036.5071445
367,367,910.0,1820.0,1,0,0,1,1,0,0.005,3,354.255,38.431,150.263,3.0,3.0,2.616869121679568,0.0,0.0,0.0,0.013573096579231218,1,0,0,0,0.17254082120964184,2.2380099718833565e-06,70157036.5071445
368,368,910.0,1820.0,1,0,0,1,1,0,0.005,3,354.161,39.217,152.758,3.0,3.0,2.617567000097614,0.0,0.0,0.0,0.01513241682436568,1,0,0,0,0.17258683517127127,2.2386068144406744e-06,70157036.5071445
369,369,910.0,1820.0,1,0,0,1,1,0,0.005,3,354.066,40.041,155.241,3.0,3.0,2.61787891240218,0.0,0.0,0.0,0.015227519633815013,1,0,0,0,0.17260740081772616,2.238873569412174e-06,70157036.5071445
370,370,910.0,1820.0,1,0,0,1,1,0,0.005,3,353.97,40.903,157.71,3.0,3.0,2.6169105831113075,0.0,0.0,0.0,0.015472670992567484,1,0,0,0,0.1725435549304159,2.2380454307058527e-06,70157036.5071445
371,371,910.0,1820.0,1,0,0,1,1,0,0.005,3,353.877,41.768,160.074,3.0,3.0,2.519001786422556,0.0,0.0,0.0,0.014866384187678288,1,0,0,0,0.16608802987401466,2.154311451994724e-06,70157036.5071445
372,372,910.0,1820.0,1,0,0,1,1,0,0.005,3,353.862,41.922,160.442,3.0,3.0,0.3992054608844859,0.0,0.0,0.0,0.045533389078479,1,0,0,0,0.026321239179196872,3.414101969747532e-07,70157036.5071445
373,373,910.0,1820.0,1,0,0,1,1,0,0.005,3,353.846,42.113,160.791,3.0,3.0,0.39816830612191406,0.0,0.0,0.0,0.10437082310098457,1,0,0,0,0.026252855348697632,3.4052319705496644e-07,70157036.5071445
374,374,910.0,1820.0,1,0,0,1,1,0,0.005,3,353.829,42.338,161.12,3.0,3.0,0.3989423517251654,0.0,0.0,0.0,0.09902612335089647,1,0,0,0,0.026303891322538377,3.4118517963728883e-07,70157036.5071445
375,375,910.0,1820.0,1,0,0,1,1,0,0.005,3,353.812,42.594,161.425,3.0,3.0,0.3985599076675979,0.0,0.0,0.0,0.09835341685908242,1,0,0,0,0.02627867523083063,3.408581041991506e-07,70157036.5071445
376,376,910.0,1820.0,1,0,0,1,1,0,0.005,3,353.795,42.88,161.703,3.0,3.0,0.3992104708045569,0.0,0.0,0.0,0.10121426926664899,1,0,0,0,0.026321569503597157,3.4141448157996493e-07,70157036.5071445
377,377,910.0,1820.0,1,0,0,1,1,0,0.005,3,353.777,43.192,161.95,3.0,3.0,0.39834281718137265,0.0,0.0,0.0,0.10151124418316695,1,0,0,0,0.026264361572398195,3.406724431475726e-07,70157036.5071445
378,378,910.0,1820.0,1,0,0,1,1,0,0.005,3,353.771,43.298,162.023,3.0,3.0,0.1288448679614408,0.0,0.0,0.0,0.06649553526953551,1,0,0,0,0.008495266019435658,1.1019125753550302e-07,70157036.5071445
379,379,910.0,1820.0,1,0,0,1,1,0,0.005,3,353.763,43.463,162.109,3.0,3.0,0.186239093640413,0.0,0.0,0.0,0.12254495637423474,1,0,0,0,0.01227950067958767,1.592761920222618e-07,70157036.5071445
380,380,910.0,1820.0,1,0,0,1,1,0,0.005,3,353.755,43.643,162.159,3.0,3.0,0.186986630538116,0.0,0.0,0.0,0.20933283435479694,1,0,0,0,0.012328788826688968,1.5991550371635843e-07,70157036.5071445
381,381,910.0,1820.0,1,0,0,1,1,0,0.005,3,353.753,43.702,162.166,3.0,3.0,0.05944745579080583,0.0,0.0,0.0,0.15301608277847,1,0,0,0,0.003919612469723461,5.084090670057189e-08,70157036.5071445
382,382,910.0,1820.0,1,0,0,1,1,0,0.005,3,353.743,43.983,162.172,3.0,3.0,0.2812418887719238,0.0,0.0,0.0,0.0967039284817181,1,0,0,0,0.018543421237709263,2.405248876867397e-07,70157036.5071445
383,383,910.0,1820.0,1,0,0,1,1,0,0.005,3,353.733,44.261,162.138,3.0,3.0,0.28024988849239973,0.0,0.0,0.0,0.14295597739261226,1,0,0,1,0.01847801462587251,2.3967650497654096e-07,70157036.5071445
384,384,910.0,1820.0,1,0,0,1,1,0,0.005,3,353.726,44.532,162.064,3.0,3.0,0.2810088966563131,0.0,0.0,0.0,0.14519966551352478,1,0,0,0,0.01852805912019647,2.40325627175854e-07,70157036.5071445
385,385,910.0,1820.0,1,0,0,1,1,0,0.005,3,353.703,45.427,161.685,3.0,3.0,0.9722113967651272,0.0,0.0,0.0,0.13397067713640212,1,0,0,0,0.06410185033616224,8.314587774808201e-07,70157036.5071445
386,386,910.0,1820.0,1,0,0,1,1,0,0.005,3,353.684,46.161,161.414,3.0,3.0,0.7826608460885269,0.0,0.0,0.0,0.04687457263506608,1,0,0,0,0.051604011830012765,6.69350547047828e-07,70157036.5071445
387,387,910.0,1820.0,1,0,0,1,1,0,0.005,3,353.663,46.907,161.18,3.0,3.0,0.7821208346540732,0.0,0.0,0.0,0.049781979193140646,1,0,0,0,0.05156840668048835,6.688887161655627e-07,70157036.5071445
388,388,910.0,1820.0,1,0,0,1,1,0,0.005,3,353.64,47.714,160.957,3.0,3.0,0.8375601470939329,0.0,0.0,0.0,0.03434161969847468,1,0,0,0,0.055223745962237336,7.163017614137444e-07,70157036.5071445
389,389,910.0,1820.0,1,0,0,1,1,0,0.005,3,353.617,48.474,160.768,3.0,3.0,0.7834858007647573,0.0,0.0,0.0,0.02592332397853013,1,0,0,0,0.05165840444602795,6.700560683046841e-07,70157036.5071445
390,390,910.0,1820.0,1,0,0,1,1,0,0.005,3,353.594,49.242,160.619,3.0,3.0,0.7826582906990779,0.0,0.0,0.0,0.05208764450252322,1,0,0,0,0.05160384334279634,6.693483616167641e-07,70157036.5071445
391,391,910.0,1820.0,1,0,0,1,1,0,0.005,3,353.568,50.017,160.509,3.0,3.0,0.7831992083755016,0.0,0.0,0.0,0.05075457836025016,1,0,0,0,0.051639508244538564,6.698109675391524e-07,70157036.5071445
392,392,910.0,1820.0,1,0,0,1,1,0,0.005,3,353.539,50.904,160.428,3.0,3.0,0.8911627236369342,0.0,0.0,0.0,0.049904562849267024,1,0,0,0,0.0587579817782594,7.621439855540494e-07,70157036.5071445
393,393,910.0,1820.0,1,0,0,1,1,0,0.005,3,353.512,51.685,160.386,3.0,3.0,0.7825944032511334,0.0,0.0,0.0,0.037371454218411586,1,0,0,0,0.051599630983591216,6.69293723521036e-07,70157036.5071445
394,394,910.0,1820.0,1,0,0,1,1,0,0.005,3,353.483,52.467,160.383,3.0,3.0,0.7825432895373867,0.0,0.0,0.0,0.04992285809335662,1,0,0,0,0.0515962608486189,6.692500098327521e-07,70157036.5071445
395,395,910.0,1820.0,1,0,0,1,1,0,0.005,3,353.454,53.249,160.421,3.0,3.0,0.7834596352078415,0.0,0.0,0.0,0.05235551849171045,1,0,0,1,0.051656679244473064,6.700336908854955e-07,70157036.5071445
396,396,910.0,1820.0,1,0,0,1,1,0,0.005,3,353.423,54.057,160.498,3.0,3.0,0.8122524238190981,0.0,0.0,0.0,0.046436379318158756,1,0,0,0,0.05355510486719328,6.946579823704912e-07,70157036.5071445
397,397,910.0,1820.0,1,0,0,1,1,0,0.005,3,353.392,54.833,160.599,3.0,3.0,0.7831589876902354,0.0,0.0,0.0,0.034420195445526706,1,0,0,0,0.05163685633122431,6.697765698331472e-07,70157036.5071445
398,398,910.0,1820.0,1,0,0,1,1,0,0.005,3,353.361,55.602,160.74,3.0,3.0,0.7824340227776417,0.0,0.0,0.0,0.05187295254968518,1,0,0,0,0.051589056446877474,6.691565622484312e-07,70157036.5071445
399,399,910.0,1820.0,1,0,0,1,1,0,0.005,3,353.329,56.363,160.919,3.0,3.0,0.7824231591664474,0.0,0.0,0.0,0.04965288701201993,1,0,0,0,0.05158834016482071,6.691472714245295e-07,70157036.5071445
400,400,910.0,1820.0,1,0,0,1,1,0,0.005,3,353.296,57.115,161.138,3.0,3.0,0.7839349462806222,0.0,0.0,0.0,0.05233671285222347,1,0,0,0,0.051688018436084976,6.704401884484869e-07,70157036.5071445
401,401,910.0,1820.0,1,0,0,1,1,0,0.005,3,353.168,59.967,162.079,3.0,3.0,3.0059555884942784,0.0,0.0,0.0,0.03528311562117181,1,0,0,0,0.1981948739666557,2.570766159589564e-06,70157036.5071445
402,402,910.0,1820.0,1,0,0,1,1,0,0.005,3,353.053,62.578,162.898,3.0,3.0,2.7388514015915515,0.0,0.0,0.0,0.014742681127280364,1,0,0,0,0.18058360889614625,2.342332177596445e-06,70157036.5071445
403,403,910.0,1820.0,1,0,0,1,1,0,0.005,3,352.938,65.201,163.68,3.0,3.0,2.7395032396403494,0.0,0.0,0.0,0.01419848406251395,1,0,0,0,0.18062658722903402,2.3428896453128e-06,70157036.5071445
404,404,910.0,1820.0,1,0,0,1,1,0,0.005,3,352.823,67.835,164.422,3.0,3.0,2.738931360950834,0.0,0.0,0.0,0.015143519898605096,1,0,0,0,0.18058888094181325,2.3424005607807388e-06,70157036.5071445
405,405,910.0,1820.0,1,0,0,1,1,0,0.005,3,352.778,68.878,164.705,3.0,3.0,1.081648279247935,0.0,0.0,0.0,0.00963088603152156,1,0,0,0,0.0713174689614023,9.250518548950833e-07,70157036.5071445
406,406,910.0,1820.0,1,0,0,1,1,0,0.005,3,352.771,69.062,164.734,3.0,3.0,0.18640278967869267,0.0,0.0,0.0,0.1086211562711176,1,0,0,0,0.012290293824968747,1.5941618884632636e-07,70157036.5071445
407,407,910.0,1820.0,1,0,0,1,1,0,0.005,3,352.764,69.249,164.723,3.0,3.0,0.18745399435594612,0.0,0.0,0.0,0.21492726400313117,1,0,0,1,0.012359604023468975,1.603152045940737e-07,70157036.5071445
408,408,910.0,1820.0,1,0,0,1,1,0,0.005,3,352.759,69.428,164.672,3.0,3.0,0.1861907623916996,0.0,0.0,0.0,0.21894324332577766,1,0,0,0,0.012276314003848326,1.5923485796559156e-07,70157036.5071445
409,409,910.0,1820.0,1,0,0,1,1,0,0.005,3,352.756,69.594,164.585,3.0,3.0,0.1874406572758357,0.0,0.0,0.0,0.20541525903406163,1,0,0,0,0.012358724655549606,1.6030379839953547e-07,70157036.5071445
410,410,910.0,1820.0,1,0,0,1,1,0,0.005,3,352.754,69.736,164.465,3.0,3.0,0.18592471594708374,0.0,0.0,0.0,0.21892984549328937,1,0,0,0,0.012258772480027498,1.5900732859046856e-07,70157036.5071445
411,411,910.0,1820.0,1,0,0,1,1,0,0.005,3,352.753,69.85,164.317,3.0,3.0,0.18681809334215108,0.0,0.0,0.0,0.2128841609978526,1,0,0,0,0.012317676484097873,1.597713666167695e-07,70157036.5071445
412,412,910.0,1820.0,1,0,0,1,1,0,0.005,3,352.755,69.93,164.148,3.0,3.0,0.1869893045069846,0.0,0.0,0.0,0.2148257772351751,1,1,0,0,0.012328965132328654,1.5991779055941939e-07,70157036.5071445
413,413,910.0,1820.0,1,0,0,1,1,0,0.005,3,352.769,70.153,163.299,3.0,3.0,0.877910018168139,0.0,0.0,0.0,0.18531772316784997,1,0,0,0,0.0578841770220751,7.508099502567241e-07,70157036.5071445
414,414,910.0,1820.0,1,0,0,1,1,0,0.005,3,352.915,73.17,153.585,3.0,3.0,10.17277744767868,0.0,0.0,0.0,0.04430096225260676,1,0,0,0,0.6707325789678251,8.700006118396457e-06,70157036.5071445
415,415,910.0,1820.0,1,0,0,1,1,0,0.005,3,352.975,74.395,149.608,3.0,3.0,4.1618209956700465,0.0,0.0,0.0,0.002338536715162289,1,0,0,0,0.2744057799342888,3.559290303186815e-06,70157036.5071445
416,416,910.0,1820.0,1,0,0,1,1,0,0.005,3,352.984,74.554,149.022,3.0,3.0,0.6072544771345997,0.0,0.0,0.0,0.03384603890658826,1,0,0,0,0.04003875673414943,5.193387640363852e-07,70157036.5071445
417,417,910.0,1820.0,1,0,0,1,1,0,0.005,3,352.996,74.674,148.427,3.0,3.0,0.6070988387404475,0.0,0.0,0.0,0.06611630077675489,1,0,0,0,0.040028494862007526,5.192056583050994e-07,70157036.5071445
418,418,910.0,1820.0,1,0,0,1,1,0,0.005,3,353.009,74.755,147.826,3.0,3.0,0.6065731612921874,0.0,0.0,0.0,0.06505047734159759,1,0,0,0,0.039993834810473895,5.187560861956447e-07,70157036.5071445
419,419,910.0,1820.0,1,0,0,1,1,0,0.005,3,353.023,74.795,147.221,3.0,3.0,0.6064824811979225,0.0,0.0,0.0,0.06795174666824057,1,0,0,0,0.03998785590315972,5.186785343786528e-07,70157036.5071445
420,420,910.0,1820.0,1,0,0,1,1,0,0.005,3,353.039,74.796,146.614,3.0,3.0,0.6072116599670975,0.0,0.0,0.0,0.06443534680256517,1,0,0,0,0.040035933624204226,5.193021457557674e-07,70157036.5071445
421,421,910.0,1820.0,1,0,0,1,1,0,0.005,3,353.056,74.757,146.009,3.0,3.0,0.6064940230538319,0.0,0.0,0.0,0.06601815562098975,1,0,1,0,0.039988616904648264,5.186884052538927e-07,70157036.5071445
422,422,910.0,1820.0,1,0,0,1,1,0,0.005,3,353.075,74.678,145.408,3.0,3.0,0.6064676413461813,0.0,0.0,0.0,0.06637737382883165,1,0,0,0,0.03998687745139656,5.186658429773507e-07,70157036.5071445
423,423,910.0,1820.0,1,0,0,1,1,0,0.005,3,353.095,74.56,144.813,3.0,3.0,0.6069176220872146,0.0,0.0,0.0,0.06506739626004276,1,0,0,0,0.04001654651124492,5.190506774259845e-07,70157036.5071445
424,424,910.0,1820.0,1,0,0,1,1,0,0.005,3,353.95,68.459,120.559,3.0,3.0,25.02418314351139,0.0,0.0,0.0,0.050640329042132885,1,0,0,0,1.6499461413304213,2.1401288642769023e-05,70157036.5071445
425,425,910.0,1820.0,1,0,0,1,1,0,0.005,3,353.97,68.331,119.967,3.0,3.0,0.6060099009092179,0.0,0.0,0.0,0.0334963316827827,1,0,0,0,0.039956696763245134,5.182743722484666e-07,70157036.5071445
426,426,910.0,1820.0,1,0,0,1,1,0,0.005,3,353.989,68.241,119.367,3.0,3.0,0.6070098845982591,0.0,0.0,0.0,0.06403790919413513,1,0,0,0,0.040022629753731366,5.191295825642041e-07,70157036.5071445
427,427,910.0,1820.0,1,0,0,1,1,0,0.005,3,354.007,68.192,118.762,3.0,3.0,0.6072478900745614,0.0,0.0,0.0,0.06806322114022374,1,0,0,0,0.04003832242249855,5.193331306228037e-07,70157036.5071445
428,428,910.0,1820.0,1,0,0,1,1,0,0.005,3,354.023,68.182,118.156,3.0,3.0,0.6062936582218174,0.0,0.0,0.0,0.06437216619647551,1,0,0,0,0.03997540603660334,5.185170483876481e-07,70157036.5071445
429,429,910.0,1820.0,1,0,0,1,1,0,0.005,3,354.038,68.213,117.55,3.0,3.0,0.6069777590653629,0.0,0.0,0.0,0.067609447371874,1,0,1,0,0.040020511586727224,5.191021080289366e-07,70157036.5071445
430,430,910.0,1820.0,1,0,0,1,1,0,0.005,3,354.051,68.283,116.947,3.0,3.0,0.6071886033186012,0.0,0.0,0.0,0.06452582073541255,1,0,0,0,0.040034413405622055,5.192824271504978e-07,70157036.5071445
431,431,910.0,1820.0,1,0,0,1,1,0,0.005,3,354.063,68.393,116.351,3.0,3.0,0.6061847903073816,0.0,0.0,0.0,0.06694622643899183,1,0,0,0,0.039968227932354834,5.184239419055138e-07,70157036.5071445
432,432,910.0,1820.0,1,0,0,1,1,0,0.005,3,354.073,68.541,115.763,3.0,3.0,0.6064222951046502,0.0,0.0,0.0,0.06414342583635908,1,0,0,0,0.03998388758931759,5.186270617712549e-07,70157036.5071445
433,433,910.0,1820.0,1,0,0,1,1,0,0.005,3,354.093,68.913,114.491,3.0,3.0,1.325431250574701,0.0,0.0,0.0,0.03796094725217467,1,0,0,0,0.0873910714664638,1.1335409674321616e-06,70157036.5071445
434,434,910.0,1820.0,1,0,0,1,1,0,0.005,3,354.096,68.946,114.307,3.0,3.0,0.1869598887462203,0.0,0.0,0.0,0.10704861112010036,1,0,0,0,0.01232702563161892,1.5989263348703254e-07,70157036.5071445
435,435,910.0,1820.0,1,0,0,1,1,0,0.005,3,354.52,68.985,98.088,3.0,3.0,16.22458806873075,0.0,0.0,0.0,0.17530736544265063,1,0,0,0,1.0697530594767528,1.387566141030929e-05,70157036.5071445
436,436,910.0,1820.0,1,0,0,1,1,0,0.005,3,354.526,68.966,97.902,3.0,3.0,0.18706416011624966,0.0,0.0,0.0,0.10432714991908382,1,0,1,0,0.012333900667005472,1.5998180889285407e-07,70157036.5071445
437,437,910.0,1820.0,1,0,0,1,1,0,0.005,3,354.532,68.907,97.725,3.0,3.0,0.18667083328683606,0.0,0.0,0.0,0.2198392553496202,1,0,0,0,0.012307967029901279,1.596454262441598e-07,70157036.5071445
438,438,910.0,1820.0,1,0,0,1,1,0,0.005,3,354.54,68.812,97.564,3.0,3.0,0.18710959355415432,0.0,0.0,0.0,0.21144675243955166,1,0,0,0,0.01233689627829589,1.6002066467140458e-07,70157036.5071445
439,439,910.0,1820.0,1,0,0,1,1,0,0.005,3,354.548,68.685,97.428,3.0,3.0,0.18624983221468241,0.0,0.0,0.0,0.21790971726542382,1,0,0,0,0.012280208717451589,1.592853759115514e-07,70157036.5071445
440,440,910.0,1820.0,1,0,0,1,1,0,0.005,3,354.556,68.532,97.321,3.0,3.0,0.186874289296311,0.0,0.0,0.0,0.20912497953043127,1,0,0,0,0.012321381711844681,1.5981942676037679e-07,70157036.5071445
441,441,910.0,1820.0,1,0,0,1,1,0,0.005,3,354.564,68.36,97.249,3.0,3.0,0.18663333035661125,0.0,0.0,0.0,0.2136488528373808,1,0,0,0,0.012305494309227116,1.5961335282821298e-07,70157036.5071445
442,442,910.0,1820.0,1,0,0,1,1,0,0.005,3,354.572,68.177,97.215,3.0,3.0,0.1863035158014912,0.0,0.0,0.0,0.2125468863162729,1,0,0,0,0.012283748294603816,1.5933128741763674e-07,70157036.5071445
443,443,910.0,1820.0,1,0,0,1,1,0,0.005,3,354.579,67.99,97.221,3.0,3.0,0.18722713478554462,0.0,0.0,0.0,0.21566889250243404,1,0,0,1,0.012344646249596348,1.601211887846587e-07,70157036.5071445
444,444,910.0,1820.0,1,0,0,1,1,0,0.005,3,354.584,67.811,97.266,3.0,3.0,0.18463748265180543,0.0,0.0,0.0,0.21435370054007952,1,0,0,0,0.012173899955064096,1.579064554412894e-07,70157036.5071445
445,445,910.0,1820.0,1,0,0,1,1,0,0.005,3,355.155,46.267,105.125,3.0,3.0,22.939787662487202,0.0,0.0,0.0,0.1034835094697468,1,0,0,0,1.5125134722519034,1.96186630489882e-05,70157036.5071445
446,446,910.0,1820.0,1,0,0,1,1,0,0.005,3,355.727,24.71,112.946,3.0,3.0,22.93903821000349,0.0,0.0,0.0,0.0017510314244248157,1,0,0,0,1.5124640578024278,1.9618022099038468e-05,70157036.5071445
447,447,910.0,1820.0,1,0,0,1,1,0,0.005,3,356.302,3.138,120.73,3.0,3.0,22.940629132610994,0.0,0.0,0.0,0.0017439475501001137,1,0,0,0,1.512568953798527,1.9619382694656563e-05,70157036.5071445
448,448,910.0,1820.0,1,0,0,1,1,0,0.005,3,356.468,-3.11,122.976,3.0,3.0,6.641504046524399,0.0,0.0,0.0,0.0012082560334211582,1,0,0,0,0.43790136570490545,5.679975418444069e-06,70157036.5071445
449,449,910.0,1820.0,1,0,0,1,1,0,0.005,3,356.472,-3.278,123.058,3.0,3.0,0.1869866305381244,0.0,0.0,0.0,0.10901792123252778,1,0,0,0,0.012328788826689521,1.599155037163656e-07,70157036.5071445
450,450,910.0,1820.0,1,0,0,1,1,0,0.005,3,356.474,-3.425,123.173,3.0,3.0,0.18664940396368482,0.0,0.0,0.0,0.21002767252854307,1,0,0,0,0.012306554107495702,1.5962709936701265e-07,70157036.5071445
451,451,910.0,1820.0,1,0,0,1,1,0,0.005,3,356.475,-3.544,123.317,3.0,3.0,0.1868100639687209,0.0,0.0,0.0,0.21636691615643344,1,0,0,0,0.012317147074860719,1.5976449970177713e-07,70157036.5071445
452,452,910.0,1820.0,1,0,0,1,1,0,0.005,3,356.474,-3.63,123.483,3.0,3.0,0.18695721435666424,0.0,0.0,0.0,0.21289334401917817,1,1,0,0,0.012326849298241597,1.5989034628418945e-07,70157036.5071445
453,453,910.0,1820.0,1,0,0,1,1,0,0.005,3,356.471,-3.679,123.663,3.0,3.0,0.186574381949927,0.0,0.0,0.0,0.2124767060534815,1,0,0,0,0.012301607601094089,1.5956293872041793e-07,70157036.5071445
454,454,910.0,1820.0,1,0,0,1,1,0,0.005,3,356.466,-3.688,123.85,3.0,3.0,0.18728320800327794,0.0,0.0,0.0,0.21789863242152754,1,0,0,0,0.012348343384831513,1.6016914396109573e-07,70157036.5071445
455,455,910.0,1820.0,1,0,0,1,1,0,0.005,3,356.46,-3.657,124.034,3.0,3.0,0.18668958192680346,0.0,0.0,0.0,0.2149772769778896,1,0,1,0,0.012309203203965065,1.5966146053600064e-07,70157036.5071445
456,456,910.0,1820.0,1,0,0,1,1,0,0.005,3,356.408,-3.208,125.402,3.0,3.0,1.440739046461913,0.0,0.0,0.0,0.15019184936184046,1,0,0,0,0.09499378328320306,1.2321549924491414e-06,70157036.5071445
457,457,910.0,1820.0,1,0,0,1,1,0,0.005,3,356.401,-3.131,125.572,3.0,3.0,0.18675652599039402,0.0,0.0,0.0,0.10809452400344519,1,0,0,0,0.012313617098267738,1.5971871272359872e-07,70157036.5071445
458,458,910.0,1820.0,1,0,0,1,1,0,0.005,3,356.393,-3.02,125.722,3.0,3.0,0.1867752660284493,0.0,0.0,0.0,0.21166923393818718,1,0,0,0,0.01231485270517248,1.597347396588756e-07,70157036.5071445
459,459,910.0,1820.0,1,0,0,1,1,0,0.005,3,356.385,-2.879,125.844,3.0,3.0,0.1866252930339285,0.0,0.0,0.0,0.22024259987642095,1,0,0,0,0.012304964375863418,1.5960647911482693e-07,70157036.5071445
460,460,910.0,1820.0,1,0,0,1,1,0,0.005,3,356.376,-2.716,125.934,3.0,3.0,0.18641351882307466,0.0,0.0,0.0,0.20864223616373814,1,0,0,0,0.012291001241081847,1.5942536467094738e-07,70157036.5071445
461,461,910.0,1820.0,1,0,0,1,1,0,0.005,3,356.368,-2.537,125.987,3.0,3.0,0.18685288330662578,0.0,0.0,0.0,0.21646822147351538,1,0,0,0,0.012319970327909392,1.5980111983857596e-07,70157036.5071445
462,462,910.0,1820.0,1,0,0,1,1,0,0.005,3,356.361,-2.351,126.001,3.0,3.0,0.18665744024817316,0.0,0.0,0.0,0.21263204288274232,1,0,0,0,0.012307083972407021,1.5963397219250964e-07,70157036.5071445
463,463,910.0,1820.0,1,0,0,1,1,0,0.005,3,356.355,-2.166,125.976,3.0,3.0,0.18677794302325948,0.0,0.0,0.0,0.20939008430277908,1,0,0,1,0.012315029210324801,1.5973702908979526e-07,70157036.5071445
464,464,910.0,1820.0,1,0,0,1,1,0,0.005,3,355.941,12.461,121.656,3.0,3.0,15.257225337524513,0.0,0.0,0.0,0.15287264697465358,1,0,0,0,1.0059709013752427,1.3048349329268587e-05,70157036.5071445
465,465,910.0,1820.0,1,0,0,1,1,0,0.005,3,355.91,13.528,121.362,3.0,3.0,1.1071973627136238,0.0,0.0,0.0,0.018326271342560842,1,0,0,0,0.07300202391518398,9.46902051030224e-07,70157036.5071445
466,466,910.0,1820.0,1,0,0,1,1,0,0.005,3,355.878,14.605,121.106,3.0,3.0,1.107469638410012,0.0,0.0,0.0,0.03549753438680945,1,0,0,0,0.07301997615890189,9.47134907812617e-07,70157036.5071445
467,467,910.0,1820.0,1,0,0,1,1,0,0.005,3,355.845,15.691,120.89,3.0,3.0,1.1077639640284365,0.0,0.0,0.0,0.037028582940821536,1,0,0,0,0.07303938224363317,9.473866222233829e-07,70157036.5071445
468,468,910.0,1820.0,1,0,0,1,1,0,0.005,3,355.81,16.784,120.712,3.0,3.0,1.1079521650324065,0.0,0.0,0.0,0.03492558696129762,1,0,0,0,0.0730517911010378,9.475475762887253e-07,70157036.5071445
469,469,910.0,1820.0,1,0,0,1,1,0,0.005,3,355.774,17.882,120.575,3.0,3.0,1.1070993632009756,0.0,0.0,0.0,0.03729886307554296,1,0,0,0,0.07299556240885553,9.468182394690231e-07,70157036.5071445
470,470,910.0,1820.0,1,0,0,1,1,0,0.005,3,355.728,19.231,120.458,3.0,3.0,1.3548453786318204,0.0,0.0,0.0,0.037623000318072544,1,0,0,0,0.08933046452517499,1.1586966434882256e-06,70157036.5071445
471,471,910.0,1820.0,1,0,0,1,1,0,0.005,3,355.69,20.336,120.397,3.0,3.0,1.1073346377676412,0.0,0.0,0.0,0.0313506117924287,1,0,0,0,0.07301107501764667,9.470194519874353e-07,70157036.5071445
472,472,910.0,1820.0,1,0,0,1,1,0,0.005,3,355.651,21.443,120.375,3.0,3.0,1.1079052306041368,0.0,0.0,0.0,0.03526652677675381,1,0,0,0,0.07304869652334968,9.475074368267928e-07,70157036.5071445
473,473,910.0,1820.0,1,0,0,1,1,0,0.005,3,355.61,22.549,120.393,3.0,3.0,1.1069060484069981,0.0,0.0,0.0,0.03616757474483392,1,0,0,1,0.0729828163784834,9.466529119663788e-07,70157036.5071445
474,474,910.0,1820.0,1,0,0,1,1,0,0.005,3,355.569,23.655,120.452,3.0,3.0,1.1083311779427676,0.0,0.0,0.0,0.03699610062564002,1,0,0,0,0.07307678096325941,9.478717173265149e-07,70157036.5071445
475,475,910.0,1820.0,1,0,0,1,1,0,0.005,3,355.527,24.757,120.55,3.0,3.0,1.1071458801802059,0.0,0.0,0.0,0.03538874657932203,1,0,0,0,0.07299862946243116,9.468580219184076e-07,70157036.5071445
476,476,910.0,1820.0,1,0,0,1,1,0,0.005,3,355.486,25.788,120.676,3.0,3.0,1.0394796775310224,0.0,0.0,0.0,0.032922441994069254,1,0,0,0,0.06853712159545203,8.889882434744798e-07,70157036.5071445
477,477,910.0,1820.0,1,0,0,1,1,0,0.005,3,355.442,26.883,120.839,3.0,3.0,1.1079395290357659,0.0,0.0,0.0,0.026145823492241697,1,0,0,0,0.07305095795840215,9.475367696777823e-07,70157036.5071445
478,478,910.0,1820.0,1,0,0,1,1,0,0.005,3,355.398,27.971,121.041,3.0,3.0,1.1074673810094813,0.0,0.0,0.0,0.035769975633844195,1,0,0,0,0.07301982731930645,9.471329772289068e-07,70157036.5071445
479,479,910.0,1820.0,1,0,0,1,1,0,0.005,3,355.352,29.051,121.282,3.0,3.0,1.1075183971383955,0.0,0.0,0.0,0.03599515868426704,1,0,0,0,0.073023191020114,9.471766074602742e-07,70157036.5071445
480,480,910.0,1820.0,1,0,0,1,1,0,0.005,3,355.307,30.122,121.562,3.0,3.0,1.1079106462165622,0.0,0.0,0.0,0.036144457965970905,1,0,0,0,0.07304905359669642,9.475120683899501e-07,70157036.5071445
481,481,910.0,1820.0,1,0,0,1,1,0,0.005,3,355.26,31.181,121.881,3.0,3.0,1.107000903342001,0.0,0.0,0.0,0.036882361649375764,1,0,0,0,0.07298907055002203,9.467340342084734e-07,70157036.5071445
482,482,910.0,1820.0,1,0,0,1,1,0,0.005,3,355.215,32.185,122.22,3.0,3.0,1.0606422582567618,0.0,0.0,0.0,0.03301757922037318,1,0,0,0,0.06993245658835792,9.070869960267639e-07,70157036.5071445
483,483,910.0,1820.0,1,0,0,1,1,0,0.005,3,355.167,33.224,122.601,3.0,3.0,1.1076940010670766,0.0,0.0,0.0,0.02583525288165877,1,0,0,0,0.07303476930112593,9.47326788201158e-07,70157036.5071445
484,484,910.0,1820.0,1,0,0,1,1,0,0.005,3,355.12,34.249,123.019,3.0,3.0,1.1079521650324142,0.0,0.0,0.0,0.03572229244473662,1,0,0,0,0.0730517911010383,9.475475762887319e-07,70157036.5071445
485,485,910.0,1820.0,1,0,0,1,1,0,0.005,3,355.071,35.257,123.474,3.0,3.0,1.1070185183636212,0.0,0.0,0.0,0.0368034177705303,1,0,0,0,0.07299023198001897,9.467490990023961e-07,70157036.5071445
486,486,910.0,1820.0,1,0,0,1,1,0,0.005,3,355.023,36.249,123.965,3.0,3.0,1.107902974091147,0.0,0.0,0.0,0.035577130631057406,1,0,0,0,0.07304854774227343,9.475055070021289e-07,70157036.5071445
487,487,910.0,1820.0,1,0,0,1,1,0,0.005,3,354.974,37.222,124.492,3.0,3.0,1.107636673282355,0.0,0.0,0.0,0.03675850995734957,1,0,0,0,0.07303098944718825,9.472777600885904e-07,70157036.5071445
488,488,910.0,1820.0,1,0,0,1,1,0,0.005,3,354.929,38.092,125.0,3.0,3.0,1.0084587249858035,0.0,0.0,0.0,0.032084087762924145,1,0,0,0,0.06649178406499803,8.624583721261711e-07,70157036.5071445
489,489,910.0,1820.0,1,0,0,1,1,0,0.005,3,354.88,39.033,125.582,3.0,3.0,1.107522460268863,0.0,0.0,0.0,0.025379578160844005,1,0,0,0,0.07302345891882613,9.471800823480428e-07,70157036.5071445
490,490,910.0,1820.0,1,0,0,1,1,0,0.005,3,354.831,39.953,126.197,3.0,3.0,1.1077120564478895,0.0,0.0,0.0,0.035316159591154105,1,0,0,0,0.07303595976579491,9.473422296009479e-07,70157036.5071445
491,491,910.0,1820.0,1,0,0,1,1,0,0.005,3,354.781,40.849,126.846,3.0,3.0,1.1074822797679387,0.0,0.0,0.0,0.037586890317843374,1,0,0,0,0.07302080965502891,9.471457190086619e-07,70157036.5071445
492,492,910.0,1820.0,1,0,0,1,1,0,0.005,3,354.732,41.722,127.526,3.0,3.0,1.1076687230395177,0.0,0.0,0.0,0.03486441766176202,1,0,0,0,0.07303310261799018,9.473051698186117e-07,70157036.5071445
493,493,910.0,1820.0,1,0,0,1,1,0,0.005,3,354.683,42.569,128.237,3.0,3.0,1.1069467015172878,0.0,0.0,0.0,0.03653516133275434,1,0,0,0,0.07298549680333766,9.46687679492757e-07,70157036.5071445
494,494,910.0,1820.0,1,0,0,1,1,0,0.005,3,354.638,43.317,128.908,3.0,3.0,1.0058677845522181,0.0,0.0,0.0,0.032831130059022974,1,0,0,0,0.06632095282761877,8.602425369975126e-07,70157036.5071445
495,495,910.0,1820.0,1,0,0,1,1,0,0.005,3,354.589,44.122,129.667,3.0,3.0,1.107477765013826,0.0,0.0,0.0,0.024787454370039194,1,0,0,0,0.07302051197893358,9.471418578813931e-07,70157036.5071445
496,496,910.0,1820.0,1,0,0,1,1,0,0.005,3,354.541,44.899,130.454,3.0,3.0,1.1069787712508363,0.0,0.0,0.0,0.035773630152298425,1,0,0,0,0.07298761129126394,9.467151063070683e-07,70157036.5071445
497,497,910.0,1820.0,1,0,0,1,1,0,0.005,3,354.492,45.647,131.27,3.0,3.0,1.1080437716985725,0.0,0.0,0.0,0.037031591513852755,1,0,0,0,0.07305783110100478,9.476259205324906e-07,70157036.5071445
498,498,910.0,1820.0,1,0,0,1,1,0,0.005,3,354.444,46.366,132.111,3.0,3.0,1.1074953724508143,0.0,0.0,0.0,0.034573452310414005,1,0,0,0,0.0730216729088449,9.471569161887545e-07,70157036.5071445
499,499,910.0,1820.0,1,0,0,1,1,0,0.005,3,354.384,47.236,133.209,3.0,3.0,1.4021783053520778,0.0,0.0,0.0,0.0372626558976918,1,0,0,0,0.09245131683640073,1.1991769109654047e-06,70157036.5071445
500,500,910.0,1820.0,1,0,0,1,1,0,0.005,3,354.337,47.888,134.104,3.0,3.0,1.1083041098904318,0.0,0.0,0.0,0.040430739936089505,1,0,0,0,0.073074996256512,9.478485680713438e-07,70157036.5071445
501,501,910.0,1820.0,1,0,0,1,1,0,0.005,3,354.285,48.588,135.144,3.0,3.0,1.2547127161226923,0.0,0.0,0.0,0.03714552618267417,1,0,0,0,0.08272831095314455,1.0730607607648173e-06,70157036.5071445
502,502,910.0,1820.0,1,0,0,1,1,0,0.005,3,354.239,49.174,136.082,3.0,3.0,1.1069579937829532,0.0,0.0,0.0,0.03399059252887404,1,0,0,0,0.0729862413483266,9.466973369123639e-07,70157036.5071445
503,503,910.0,1820.0,1,0,0,1,1,0,0.005,3,354.194,49.727,137.041,3.0,3.0,1.1079327596925725,0.0,0.0,0.0,0.03532263496624835,1,0,0,0,0.0730505116280817,9.475309803712236e-07,70157036.5071445
504,504,910.0,1820.0,1,0,0,1,1,0,0.005,3,354.155,50.177,137.886,3.0,3.0,0.9581471703240605,0.0,0.0,0.0,0.033696997728483134,1,0,0,0,0.0631745387026853,8.194307097562368e-07,70157036.5071445
505,505,910.0,1820.0,1,0,0,1,1,0,0.005,3,354.112,50.669,138.877,3.0,3.0,1.1072461334319577,0.0,0.0,0.0,0.02856340003546004,1,0,0,0,0.07300523956694226,9.469437609319774e-07,70157036.5071445
506,506,910.0,1820.0,1,0,0,1,1,0,0.005,3,354.069,51.125,139.886,3.0,3.0,1.1080911514852807,0.0,0.0,0.0,0.0363308725800184,1,0,0,0,0.07306095504298554,9.476664408757665e-07,70157036.5071445
507,507,910.0,1820.0,1,0,0,1,1,0,0.005,3,354.027,51.544,140.91,3.0,3.0,1.1072041365529672,0.0,0.0,0.0,0.03604915788392109,1,0,0,0,0.07300247054195388,9.469078441819995e-07,70157036.5071445
508,508,910.0,1820.0,1,0,0,1,1,0,0.005,3,353.986,51.926,141.949,3.0,3.0,1.107757193612407,0.0,0.0,0.0,0.036060030411071885,1,0,0,0,0.0730389358425763,9.473808319993086e-07,70157036.5071445
509,509,910.0,1820.0,1,0,0,1,1,0,0.005,3,353.946,52.271,143.001,3.0,3.0,1.1078488164004963,0.0,0.0,0.0,0.035414269030350824,1,0,0,0,0.07304497690552722,9.474591900309338e-07,70157036.5071445
510,510,910.0,1820.0,1,0,0,1,1,0,0.005,3,353.893,52.698,144.446,3.0,3.0,1.507701230350359,0.0,0.0,0.0,0.02956659770722493,1,0,0,0,0.0994088723307929,1.2894226769656849e-06,70157036.5071445
511,511,910.0,1820.0,1,0,0,1,1,0,0.005,3,353.886,52.77,144.618,3.0,3.0,0.1865931402811975,0.0,0.0,0.0,0.10906989897094599,1,0,0,0,0.01230284441414489,1.5957898130049633e-07,70157036.5071445
512,512,910.0,1820.0,1,0,0,1,1,0,0.005,3,353.878,52.876,144.771,3.0,3.0,0.18630351580149226,0.0,0.0,0.0,0.2093431939486555,1,0,0,0,0.012283748294603887,1.593312874176376e-07,70157036.5071445
513,513,910.0,1820.0,1,0,0,1,1,0,0.005,3,353.869,53.013,144.898,3.0,3.0,0.18702673605664455,0.0,0.0,0.0,0.21720974869206353,1,0,0,0,0.012331433146591948,1.5994980292897507e-07,70157036.5071445
514,514,910.0,1820.0,1,0,0,1,1,0,0.005,3,353.861,53.174,144.993,3.0,3.0,0.18710959355415432,0.0,0.0,0.0,0.21430200035767194,1,0,0,0,0.01233689627829589,1.6002066467140458e-07,70157036.5071445
515,515,910.0,1820.0,1,0,0,1,1,0,0.005,3,353.853,53.351,145.051,3.0,3.0,0.1864322933399649,0.0,0.0,0.0,0.21622361413687863,1,0,0,0,0.012292239121316367,1.594414210933605e-07,70157036.5071445
516,516,910.0,1820.0,1,0,0,1,1,0,0.005,3,353.848,53.496,145.07,3.0,3.0,0.14632498077909004,0.0,0.0,0.0,0.18643090639804538,1,0,0,0,0.009647800930489453,1.251406741767283e-07,70157036.5071445
517,517,910.0,1820.0,1,0,0,1,1,0,0.005,3,353.806,54.601,145.139,3.0,3.0,1.107948554762358,0.0,0.0,0.0,0.06798844055420976,1,0,0,0,0.07305155306125437,9.475444886981756e-07,70157036.5071445
518,518,910.0,1820.0,1,0,0,1,1,0,0.005,3,353.765,55.664,145.241,3.0,3.0,1.0686692659565005,0.0,0.0,0.0,0.033278419907111896,1,0,0,0,0.07046170984328574,9.139518877890502e-07,70157036.5071445
519,519,910.0,1820.0,1,0,0,1,1,0,0.005,3,353.722,56.762,145.376,3.0,3.0,1.1071034278693188,0.0,0.0,0.0,0.026659216396582783,1,0,0,0,0.07299583040896607,9.468217156720204e-07,70157036.5071445
520,520,910.0,1820.0,1,0,0,1,1,0,0.005,3,353.678,57.855,145.55,3.0,3.0,1.1076375761051052,0.0,0.0,0.0,0.03551689517151022,1,0,0,0,0.07303104897396298,9.472785322045135e-07,70157036.5071445
521,521,910.0,1820.0,1,0,0,1,1,0,0.005,3,353.642,58.721,145.718,3.0,3.0,0.882879380209999,0.0,0.0,0.0,0.033734208618651396,1,0,0,0,0.058211827266593345,7.550598692578101e-07,70157036.5071445
522,522,910.0,1820.0,1,0,0,1,1,0,0.005,3,353.635,58.907,145.736,3.0,3.0,0.1870000000000002,0.0,0.0,0.0,0.09512746331420138,1,0,0,0,0.012329670329670342,1.5992693760457533e-07,70157036.5071445
523,523,910.0,1820.0,1,0,0,1,1,0,0.005,3,353.629,59.093,145.714,3.0,3.0,0.1873926359278878,0.0,0.0,0.0,0.21414495073408174,1,0,0,1,0.012355558412827768,1.6026272937751965e-07,70157036.5071445
524,524,910.0,1820.0,1,0,0,1,1,0,0.005,3,353.624,59.269,145.654,3.0,3.0,0.1860134403746095,0.0,0.0,0.0,0.2107912820794416,1,0,0,0,0.012264622442281947,1.5908320787381036e-07,70157036.5071445
525,525,910.0,1820.0,1,0,0,1,1,0,0.005,3,353.621,59.429,145.557,3.0,3.0,0.1871309701786507,0.0,0.0,0.0,0.2166700343649242,1,0,0,0,0.012338305726064883,1.6003894647938336e-07,70157036.5071445
526,526,910.0,1820.0,1,0,0,1,1,0,0.005,3,353.619,59.565,145.429,3.0,3.0,0.18677258899526727,0.0,0.0,0.0,0.21015033300882652,1,0,0,0,0.01231467619749015,1.597324501951394e-07,70157036.5071445
527,527,910.0,1820.0,1,0,0,1,1,0,0.005,3,353.619,59.671,145.275,3.0,3.0,0.18695453992882663,0.0,0.0,0.0,0.2131187314164354,1,0,0,0,0.012326672962340217,1.59888059048607e-07,70157036.5071445
528,528,910.0,1820.0,1,0,0,1,1,0,0.005,3,353.621,59.736,145.117,3.0,3.0,0.17085959147792787,0.0,0.0,0.0,0.21286686835454832,1,0,0,0,0.011265467569973266,1.4612326858520734e-07,70157036.5071445
529,529,910.0,1820.0,1,0,0,1,1,0,0.005,3,353.763,62.58,135.787,3.0,3.0,9.754865452685635,0.0,0.0,0.0,0.094447743882624,1,0,0,0,0.6431779419353165,8.342597639533056e-06,70157036.5071445
530,530,910.0,1820.0,1,0,0,1,1,0,0.005,3,353.907,65.385,126.445,3.0,3.0,9.755087134413525,0.0,0.0,0.0,0.004187895859698701,1,0,0,0,0.6431925583129796,8.342787227125913e-06,70157036.5071445
531,531,910.0,1820.0,1,0,0,1,1,0,0.005,3,354.073,68.552,115.725,3.0,3.0,11.179259590867366,0.0,0.0,0.0,0.004434790464079502,1,0,0,0,0.7370940389582878,9.560774069807453e-06,70157036.5071445
532,532,910.0,1820.0,1,0,0,1,1,0,0.005,3,352.975,74.395,149.608,3.0,3.0,34.400638685931405,0.0,0.0,0.0,2.6833826167170067,1,1,0,1,2.2681739792921802,2.9420260944826127e-05,70157036.5071445
533,533,910.0,1820.0,1,0,0,1,1,0,0.005,3,353.015,75.199,146.984,3.0,3.0,2.744702533973395,0.0,0.0,0.0,2.673318875167608,1,1,0,1,0.18096939784439967,2.3473362079886764e-06,70157036.5071445
534,534,910.0,1820.0,1,0,0,1,1,0,0.005,3,353.116,77.252,140.284,3.0,3.0,7.008210185204224,0.0,0.0,0.0,0.0001624936320468438,1,0,0,0,0.46207979243104774,5.993591406464727e-06,70157036.5071445
535,535,20000.0,1820.0,0,0,0,1,1,0,0.005,3,358.213,77.436,140.417,3.0,3.0,5.102053900146527,0.0,0.0,0.0,1.5707558024292942,1,0,0,1,0.01530616170043958,4.363400298095791e-06,70157036.5071445
536,536,20000.0,1820.0,0,0,0,1,1,0,0.005,3,364.072,-47.235,88.417,3.0,3.0,135.2079366087657,0.0,0.0,0.0,1.5707849342680364,1,0,1,1,0.40562380982629703,0.00011563310824424291,70157036.5071445
537,537,20000.0,1820.0,0,0,0,1,1,0,0.005,3,363.97,-47.239,88.414,3.0,3.0,0.10212247548896851,0.0,0.0,0.0,1.566663424393216,1,1,0,0,0.0003063674264669055,8.733761906710708e-08,70157036.5071445
538,538,700.0,1820.0,1,0,0,1,1,0,0.005,3,358.975,-47.419,88.283,3.0,3.0,4.999958599828608,0.0,0.0,0.0,0.004491138266190521,1,0,0,0,0.4285678799853092,4.276085919894378e-06,70157036.5071445
539,539,910.0,1820.0,1,0,0,1,1,0,0.005,3,358.814,-40.967,85.54,3.0,3.0,7.012722295941852,0.0,0.0,0.0,1.57073449580085,1,0,1,0,0.4623772942379243,5.99745027305511e-06,70157036.5071445
540,540,910.0,1820.0,1,0,0,1,1,0,0.005,3,358.793,-40.753,86.045,3.0,3.0,0.5488733915940865,0.0,0.0,0.0,1.5710836669450097,1,0,0,1,0.03618945439081889,4.694098430496205e-07,70157036.5071445
541,541,910.0,1820.0,1,0,0,1,1,0,0.005,3,358.738,-40.126,87.292,3.0,3.0,1.3968403631052488,0.0,0.0,0.0,0.06502907612938894,1,0,0,0,0.09209936460034607,1.1946117732293327e-06,70157036.5071445
542,542,910.0,1820.0,1,0,0,1,1,0,0.005,3,358.681,-39.425,88.499,3.0,3.0,1.3969606293664782,0.0,0.0,0.0,0.0602443595565694,1,0,0,0,0.09210729424394362,1.194714627854229e-06,70157036.5071445
543,543,910.0,1820.0,1,0,0,1,1,0,0.005,3,358.623,-38.656,89.666,3.0,3.0,1.3987901915584053,0.0,0.0,0.0,0.05643417007193078,1,0,0,0,0.09222792471813662,1.1962793138355767e-06,70157036.5071445
544,544,910.0,1820.0,1,0,0,1,1,0,0.005,3,358.564,-37.831,90.792,3.0,3.0,1.397133493979727,0.0,0.0,0.0,0.04964311405581266,1,0,0,0,0.09211869191075124,1.194862465866085e-06,70157036.5071445
545,545,910.0,1820.0,1,0,0,1,1,0,0.005,3,358.503,-36.94,91.868,3.0,3.0,1.398348311401705,0.0,0.0,0.0,0.059258717937321057,1,0,0,0,0.09219878976274978,1.1959014072032273e-06,70157036.5071445
546,546,910.0,1820.0,1,0,0,1,1,0,0.005,3,358.442,-35.977,92.877,3.0,3.0,1.3961271432072366,0.0,0.0,0.0,0.07038648861592822,1,0,0,0,0.09205233911256505,1.1940018102660828e-06,70157036.5071445
547,547,910.0,1820.0,1,0,0,1,1,0,0.005,3,358.38,-34.931,93.798,3.0,3.0,1.395063081011039,0.0,0.0,0.0,0.08670444468288256,1,0,0,0,0.09198218116556302,1.1930917984561433e-06,70157036.5071445
548,548,910.0,1820.0,1,0,0,1,1,0,0.005,3,358.318,-33.809,94.624,3.0,3.0,1.3946340021668733,0.0,0.0,0.0,0.08724760934457826,1,0,0,0,0.09195389025276088,1.192724839816901e-06,70157036.5071445
549,549,910.0,1820.0,1,0,0,1,1,0,0.005,3,358.256,-32.619,95.348,3.0,3.0,1.3943170371188907,0.0,0.0,0.0,0.08793832614021861,1,0,0,0,0.0919329914583884,1.1924537636166253e-06,70157036.5071445
550,550,910.0,1820.0,1,0,0,1,1,0,0.005,3,358.195,-31.369,95.964,3.0,3.0,1.3948752632404078,0.0,0.0,0.0,0.08862120384207846,1,0,0,0,0.09196979757629063,1.1929311721412515e-06,70157036.5071445
551,551,910.0,1820.0,1,0,0,1,1,0,0.005,3,358.135,-30.07,96.468,3.0,3.0,1.3946386628801037,0.0,0.0,0.0,0.08768034784231753,1,0,0,0,0.09195419755253431,1.192728825771949e-06,70157036.5071445
552,552,910.0,1820.0,1,0,0,1,1,0,0.005,3,358.077,-28.732,96.855,3.0,3.0,1.3940505729707233,0.0,0.0,0.0,0.08848881052748257,1,0,0,0,0.09191542239367406,1.1922258770112894e-06,70157036.5071445
553,553,910.0,1820.0,1,0,0,1,1,0,0.005,3,358.02,-27.364,97.121,3.0,3.0,1.3947863635697022,0.0,0.0,0.0,0.08943294247829418,1,0,0,0,0.0919639360595408,1.19285514298569e-06,70157036.5071445
554,554,910.0,1820.0,1,0,0,1,1,0,0.005,3,357.967,-25.978,97.265,3.0,3.0,1.3944679989157152,0.0,0.0,0.0,0.08850067031781446,1,0,0,0,0.09194294498345375,1.1925828698083977e-06,70157036.5071445
555,555,910.0,1820.0,1,0,0,1,1,0,0.005,3,357.916,-24.585,97.286,3.0,3.0,1.3940914604142731,0.0,0.0,0.0,0.0884003481799797,1,0,0,0,0.09191811826907295,1.1922608449451577e-06,70157036.5071445
556,556,910.0,1820.0,1,0,0,1,1,0,0.005,3,357.868,-23.195,97.183,3.0,3.0,1.3946372288161535,0.0,0.0,0.0,0.08900997021846802,1,0,0,1,0.09195410299886726,1.192727599325661e-06,70157036.5071445
557,557,910.0,1820.0,1,0,0,1,1,0,0.005,3,357.824,-21.816,96.97,3.0,3.0,1.3960465608281143,0.0,0.0,0.0,0.07929310655575154,1,0,0,0,0.09204702598866688,1.1939328942601046e-06,70157036.5071445
558,558,910.0,1820.0,1,0,0,1,1,0,0.005,3,357.784,-20.461,96.641,3.0,3.0,1.3949430095885633,0.0,0.0,0.0,0.08495537305070472,1,0,0,0,0.09197426436847671,1.1929891104620772e-06,70157036.5071445
559,559,910.0,1820.0,1,0,0,1,1,0,0.005,3,357.748,-19.14,96.196,3.0,3.0,1.3944038152558251,0.0,0.0,0.0,0.08674647249466759,1,0,0,0,0.09193871309379066,1.192527978385026e-06,70157036.5071445
560,560,910.0,1820.0,1,0,0,1,1,0,0.005,3,354.887,88.703,56.944,3.0,3.0,114.79990189020198,0.0,0.0,0.0,0.024151055084720253,1,0,0,0,7.569224300452877,9.817966174655444e-05,70157036.5071445
561,561,910.0,1820.0,1,0,0,1,1,0,0.005,3,354.854,90.002,56.425,3.0,3.0,1.3992322895073523,0.0,0.0,0.0,0.031059032894904668,1,0,0,0,0.0922570740334518,1.1966574067291401e-06,70157036.5071445
562,562,910.0,1820.0,1,0,0,1,1,0,0.005,3,354.825,91.245,55.795,3.0,3.0,1.393840019514441,0.0,0.0,0.0,0.08901656749605122,1,0,0,0,0.0919015397482049,1.1920458065863413e-06,70157036.5071445
563,563,910.0,1820.0,1,0,0,1,1,0,0.005,3,354.802,92.428,55.057,3.0,3.0,1.394511383962132,0.0,0.0,0.0,0.08874918209638268,1,0,0,0,0.09194580553596475,1.1926199737528428e-06,70157036.5071445
564,564,910.0,1820.0,1,0,0,1,1,0,0.005,3,354.784,93.541,54.216,3.0,3.0,1.3951250839978477,0.0,0.0,0.0,0.08938473701993428,1,0,0,0,0.09198626927458337,1.1931448249149811e-06,70157036.5071445
565,565,910.0,1820.0,1,0,0,1,1,0,0.005,3,354.77,94.589,53.294,3.0,3.0,1.395916902970951,0.0,0.0,0.0,0.07449095480490805,1,0,0,0,0.0920384771189638,1.1938220077144763e-06,70157036.5071445
566,566,910.0,1820.0,1,0,0,1,1,0,0.005,3,354.76,95.587,52.315,3.0,3.0,1.3980504282750346,0.0,0.0,0.0,0.05433633713768345,1,0,0,0,0.09217914911703524,1.1956466503250858e-06,70157036.5071445
567,567,910.0,1820.0,1,0,0,1,1,0,0.005,3,354.754,96.508,51.266,3.0,3.0,1.3959505721908583,0.0,0.0,0.0,0.07454707359693427,1,0,0,0,0.09204069706752911,1.1938508024483334e-06,70157036.5071445
568,568,910.0,1820.0,1,0,0,1,1,0,0.005,3,354.746,97.472,50.252,3.0,3.0,1.3991268705875066,0.0,0.0,0.0,0.03963567388682283,1,0,0,0,0.09225012333544,1.19656724991087e-06,70157036.5071445
569,569,910.0,1820.0,1,0,0,1,1,0,0.005,3,354.736,98.466,49.267,3.0,3.0,1.3994145204334556,0.0,0.0,0.0,0.029853950631195118,1,0,0,0,0.09226908925934872,1.1968132550390252e-06,70157036.5071445
570,570,910.0,1820.0,1,0,0,1,1,0,0.005,3,354.721,99.53,48.365,3.0,3.0,1.3949641572456322,0.0,0.0,0.0,0.07774792639901014,1,0,0,0,0.09197565871949223,1.1930071964515561e-06,70157036.5071445
571,571,910.0,1820.0,1,0,0,1,1,0,0.005,3,354.72,99.624,48.277,3.0,3.0,0.12876723185655195,0.0,0.0,0.0,0.04934833572853345,1,0,0,0,0.008490147155377051,1.1012486125474143e-07,70157036.5071445
572,572,910.0,1820.0,1,0,0,1,1,0,0.005,3,354.417,104.171,53.601,3.0,3.0,7.0079950057059905,0.0,0.0,0.0,1.616014521369499,1,0,0,1,0.46206560477182357,5.993407379736451e-06,70157036.5071445
573,573,20000.0,1820.0,0,0,0,1,1,0,0.005,3,363.158,104.486,53.83,3.0,3.0,8.749671250967133,0.0,0.0,0.0,1.570747760030144,1,1,0,0,0.0262490137529014,7.482931166919602e-06,70157036.5071445
574,574,20000.0,1820.0,0,0,0,1,1,0,0.005,3,424.902,104.486,53.83,3.0,3.0,61.74399999999997,0.0,0.0,0.0,0.04452417502618059,1,0,0,0,0.18523199999999992,5.280496703452879e-05,70157036.5071445
575,575,20000.0,1820.0,0,0,0,1,1,0,0.005,3,424.902,104.486,53.83,3.0,3.0,0.0,0.0,0.0,0.0,0.0,0,0,0,0,0.0,0.0,70157036.5071445
576,576,20000.0,1820.0,0,0,0,1,1,0,0.0,0,424.902,104.486,53.83,3.0,3.0,0.0,0.0,0.0,0.0,0.0,0,0,0,0,0.0,0.0,70157036.5071445
577,577,20000.0,1820.0,0,0,0,1,1,0,0.0,0,424.902,104.486,53.83,3.0,3.0,0.0,0.0,0.0,0.0,0.0,0,0,0,0,0.0,0.0,70157036.5071445
578,578,20000.0,1820.0,0,0,0,1,1,0,0.0,0,424.902,104.486,53.83,3.0,3.0,0.0,0.0,0.0,0.0,0.0,0,0,0,0,0.0,0.0,70157036.5071445
579,579,20000.0,1820.0,0,0,0,1,1,0,0.0,0,424.902,104.486,53.83,3.0,3.0,0.0,0.0,0.0,0.0,0.0,0,0,0,0,0.0,0.0,70157036.5071445
580,580,20000.0,1820.0,0,0,0,1,1,0,0.0,0,424.902,104.486,53.83,3.0,3.0,0.0,0.0,0.0,0.0,0.0,0,0,0,0,0.0,0.0,70157036.5071445
581,581,20000.0,1820.0,0,0,0,0,1,0,0.0,0,424.902,104.486,53.83,3.0,3.0,0.0,0.0,0.0,0.0,0.0,0,0,0,0,0.0,0.0,70157036.5071445
582,582,20000.0,1820.0,0,0,0,0,1,0,0.0,0,424.902,104.486,-1.0,3.0,3.0,54.83,0.0,0.0,0.0,1.5707963267948966,1,0,0,0,0.16449,4.6891946464485855e-05,70157036.5071445
583,583,20000.0,1820.0,0,0,0,0,1,0,0.0,0,-650.0,-500.0,-1.0,3.0,3.0,1233.2143503057366,0.0,0.0,0.0,1.5707963267948966,1,0,0,0,3.69964305091721,0.0010546748366546108,70157036.5071445
584,584,20000.0,1820.0,0,0,0,0,1,0,0.0,0,-650.0,-500.0,-1.0,3.0,3.0,0.0,0.0,0.0,0.0,0.0,0,0,0,0,0.0,0.0,70157036.5071445
585,585,20000.0,1820.0,0,0,0,0,1,0,0.0,0,-650.0,-500.0,-1.0,3.0,3.0,0.0,0.0,0.0,0.0,0.0,0,0,0,0,0.0,0.0,70157036.5071445
586,586,20000.0,1820.0,0,0,0,0,0,0,0.0,0,-650.0,-500.0,-1.0,3.0,3.0,0.0,0.0,0.0,0.0,0.0,0,0,0,0,0.0,0.0,70157036.5071445
587,587,20000.0,1820.0,0,0,0,0,0,0,0.0,0,-650.0,-500.0,-1.0,3.0,3.0,0.0,0.0,0.0,0.0,0.0,0,0,0,0,0.0,0.0,70157036.5071445
588,588,20000.0,1820.0,0,0,0,0,0,0,0.0,0,-650.0,-500.0,-1.0,3.0,3.0,0.0,0.0,0.0,0.0,0.0,0,0,0,0,0.0,0.0,70157036.5071445
589,589,20000.0,1820.0,0,0,0,0,0,0,0.0,0,-650.0,-500.0,-1.0,3.0,3.0,0.0,0.0,0.0,0.0,0.0,0,0,0,0,0.0,0.0,70157036.5071445
590,590,20000.0,1820.0,0,0,0,0,0,0,0.0,0,-650.0,-500.0,-1.0,3.0,3.0,0.0,0.0,0.0,0.0,0.0,0,0,0,0,0.0,0.0,70157036.5071445
591,591,20000.0,1820.0,0,0,0,0,0,0,0.0,0,-650.0,-500.0,-1.0,3.0,3.0,0.0,0.0,0.0,0.0,0.0,0,0,0,0,0.0,0.0,70157036.5071445
592,592,20000.0,1820.0,0,0,0,0,0,0,0.0,0,-650.0,-500.0,-1.0,3.0,3.0,0.0,0.0,0.0,0.0,0.0,0,0,0,0,0.0,0.0,70157036.5071445
593,593,20000.0,1820.0,0,0,0,0,0,0,0.0,0,-650.0,-500.0,-1.0,3.0,3.0,0.0,0.0,0.0,0.0,0.0,0,0,0,0,0.0,0.0,70157036.5071445
594,594,20000.0,1820.0,0,0,0,0,0,0,0.0,0,-650.0,-500.0,-1.0,3.0,3.0,0.0,0.0,0.0,0.0,0.0,0,0,0,0,0.0,0.0,70157036.5071445
595,595,20000.0,1820.0,0,0,0,0,0,0,0.0,0,-650.0,-500.0,-1.0,3.0,3.0,0.0,0.0,0.0,0.0,0.0,0,0,0,0,0.0,0.0,70157036.5071445
596,596,20000.0,1820.0,0,0,0,0,0,0,0.0,0,-650.0,-500.0,-1.0,3.0,3.0,0.0,0.0,0.0,0.0,0.0,0,0,0,0,0.0,0.0,70157036.5071445
